as_of,store_id,sku_uid,category,size_label,start_stock,days_of_cover,trailing_demand_rate,elapsed_days,p_stockout_7d,p_stockout_14d,p_stockout_28d,expected_days_out,expected_lost_units,expected_lost_revenue,rank_by_risk,rank_by_units,rank_by_revenue
2025-11-27,AHS01,12_1014_ROSE-GOLD_40,CLOSE,40,111,17.86,6.21,8,0.4645,0.7607,0.9534,6.44,39.99,199569.93,31,1,1
2025-11-27,BES01,12_1014_ROSE-GOLD_40,CLOSE,40,90,18.6,4.84,11,0.5777,0.833,0.9715,7.73,37.4,186626.02,5,2,2
2025-11-27,CHS01,18_1056_GREY_42,GIRLS_OPEN,42,41,12.55,3.27,16,0.4437,0.7065,0.918,6.13,20.03,140013.23,101,8,3
2025-11-27,AHS01,12_1014_ROSE-GOLD_42,CLOSE,42,63,17.04,3.7,12,0.5,0.7696,0.9499,6.82,25.22,125826.24,26,4,4
2025-11-27,SUS01,12_1014_ANTIC-GOLD_40,CLOSE,40,130,21.6,6.02,17,0.2868,0.527,0.8066,4.16,25.04,124972.87,902,5,5
2025-11-27,BES01,12_1014_BROWN_40,CLOSE,40,80,20.18,3.96,9,0.4529,0.7438,0.9455,6.29,24.94,124428.84,49,6,6
2025-11-27,AHS01,12_1014_ROSE-GOLD_41,CLOSE,41,86,23.04,3.73,17,0.4297,0.6901,0.9086,5.95,22.22,110875.85,125,7,7
2025-11-27,BES01,12_1014_ROSE-GOLD_41,CLOSE,41,73,22.34,3.27,9,0.4363,0.7291,0.9401,6.09,19.92,99387.12,59,9,8
2025-11-27,CHS01,12_1014_ROSE-GOLD_40,CLOSE,40,90,25.2,3.57,21,0.3824,0.6318,0.8704,5.35,19.11,95360.66,298,10,9
2025-11-27,PUS01,12_1014_BROWN_41,CLOSE,41,86,21.89,3.93,16,0.3227,0.5751,0.843,4.63,18.19,90764.93,587,11,10
2025-11-27,CHS01,12_1014_ANTIC-GOLD_40,CLOSE,40,93,24.34,3.82,23,0.3276,0.5641,0.8217,4.65,17.77,88655.37,651,12,11
2025-11-27,BES01,12_1014_BROWN_39,CLOSE,39,82,28.0,2.93,14,0.409,0.6779,0.9071,5.72,16.75,83586.04,153,13,12
2025-11-27,HYS01,12_1014_BROWN_40,CLOSE,40,97,24.14,4.02,15,0.2835,0.5302,0.815,4.14,16.63,82971.23,888,14,13
2025-11-27,CHS01,18_1056_BLACK_41,GIRLS_OPEN,41,27,14.68,1.84,20,0.4652,0.7197,0.9203,6.37,11.73,81958.65,71,25,14
2025-11-27,CHS01,27_1119_ANTIC-GOLD_39,CLOSE,39,61,12.84,4.75,13,0.4124,0.6851,0.9126,5.77,27.4,81932.98,137,3,15
2025-11-27,AHS01,18_1056_ANTIC-GOLD_40,GIRLS_OPEN,40,28,16.51,1.7,11,0.4854,0.7612,0.9482,6.66,11.29,78926.2,29,28,16
2025-11-27,BES01,18_1056_BLACK_39,GIRLS_OPEN,39,41,21.26,1.93,10,0.4072,0.6953,0.924,5.74,11.06,77338.45,120,29,17
2025-11-27,BES01,12_1014_ROSE-GOLD_42,CLOSE,42,49,19.88,2.46,19,0.4466,0.703,0.9129,6.15,15.16,75641.84,107,16,18
2025-11-27,MUS01,18_1056_ANTIC-GOLD_40,GIRLS_OPEN,40,37,20.31,1.82,22,0.423,0.6743,0.8946,5.85,10.66,74511.22,160,32,19
2025-11-27,MUS01,18_1056_BLACK_39,GIRLS_OPEN,39,39,19.85,1.96,21,0.3741,0.6225,0.8645,5.25,10.31,72048.46,336,38,20
2025-11-27,HYS01,21_1077_BLUE-NAVY_41,PREMIUM CLOSE,41,50,24.56,2.04,30,0.3307,0.5593,0.8099,4.67,9.5,66411.39,685,46,21
2025-11-27,AHS01,18_1056_ANTIC-GOLD_39,GIRLS_OPEN,39,37,22.77,1.62,10,0.4146,0.7023,0.927,5.82,9.47,66161.09,109,47,22
2025-11-27,INS01,12_1014_ROSE-GOLD_40,CLOSE,40,81,25.06,3.23,12,0.2698,0.5278,0.8247,4.0,12.93,64525.58,897,18,23
2025-11-27,BES01,29_1133_BROWN_40,BOYS CLOSE,40,49,19.88,2.46,6,0.3516,0.6784,0.9305,5.15,12.69,63324.89,149,19,24
2025-11-27,COS01,12_1014_BROWN_39,CLOSE,39,84,25.57,3.29,14,0.2563,0.499,0.7957,3.8,12.47,62244.25,1062,20,25
2025-11-27,HYS01,18_1056_ANTIC-GOLD_41,GIRLS_OPEN,41,48,20.21,2.38,11,0.2405,0.4959,0.8072,3.64,8.64,60421.99,1082,61,26
2025-11-27,HYS01,12_1014_BROWN_38,CLOSE,38,71,19.78,3.59,13,0.2228,0.4581,0.7682,3.37,12.1,60368.67,1276,21,27
2025-11-27,CHS01,12_1014_ROSE-GOLD_39,CLOSE,39,59,17.3,3.41,6,0.2209,0.5254,0.8585,3.54,12.07,60228.91,909,22,28
2025-11-27,HYS01,12_1014_BROWN_39,CLOSE,39,144,22.72,6.34,6,0.1024,0.3284,0.7125,1.9,12.05,60141.93,1835,23,29
2025-11-27,INS01,12_1014_BROWN_40,CLOSE,40,66,20.31,3.25,10,0.2356,0.4972,0.8137,3.6,11.69,58336.1,1075,26,30
2025-11-27,AHS01,18_1056_GREY_42,GIRLS_OPEN,42,41,23.19,1.77,10,0.3079,0.5889,0.8713,4.52,7.99,55865.48,506,74,31
2025-11-27,AHS01,18_1056_GREY_39,GIRLS_OPEN,39,23,18.14,1.27,15,0.4534,0.7184,0.9249,6.25,7.93,55398.16,75,76,32
2025-11-27,PUS01,18_1056_ANTIC-GOLD_42,GIRLS_OPEN,42,26,19.95,1.3,19,0.4407,0.6972,0.9099,6.08,7.93,55396.89,118,77,33
2025-11-27,CHS01,18_1056_GREY_41,GIRLS_OPEN,41,31,16.38,1.89,11,0.2758,0.5421,0.8386,4.09,7.75,54179.19,812,84,34
2025-11-27,BES01,18_1056_ANTIC-GOLD_42,GIRLS_OPEN,42,42,26.73,1.57,11,0.3416,0.6205,0.8849,4.92,7.74,54083.67,350,85,35
2025-11-27,BES01,12_1014_ROSE-GOLD_39,CLOSE,39,71,26.68,2.66,6,0.255,0.5703,0.8827,3.97,10.57,52765.01,616,33,36
2025-11-27,MUS01,29_1133_BROWN_41,BOYS CLOSE,41,74,21.93,3.38,12,0.2033,0.4359,0.7554,3.13,10.55,52667.83,1373,34,37
2025-11-27,BES01,29_1133_BROWN_42,BOYS CLOSE,42,36,21.0,1.71,12,0.4423,0.7183,0.9295,6.14,10.52,52497.0,76,36,38
2025-11-27,BES01,26_1112_WHITE_41,OPEN,41,34,17.15,1.98,11,0.4812,0.7576,0.9469,6.61,13.1,52249.68,34,17,39
2025-11-27,INS01,29_1133_BROWN_41,BOYS CLOSE,41,21,13.52,1.55,20,0.4914,0.7444,0.9321,6.69,10.39,51866.59,48,37,40
2025-11-27,CHS01,12_1014_ROSE-GOLD_41,CLOSE,41,60,24.17,2.48,13,0.2821,0.5378,0.8274,4.14,10.29,51330.06,838,39,41
2025-11-27,PUS01,18_1056_GREY_41,GIRLS_OPEN,41,30,20.49,1.46,17,0.3455,0.5988,0.8562,4.91,7.19,50257.52,450,102,42
2025-11-27,PUS01,12_1014_ANTIC-GOLD_41,CLOSE,41,89,22.15,4.02,10,0.1534,0.3731,0.714,2.49,10.0,49915.27,1670,41,43
2025-11-27,MUS01,18_1056_ANTIC-GOLD_42,GIRLS_OPEN,42,15,14.0,1.07,21,0.4819,0.7344,0.9267,6.57,7.04,49239.32,52,110,44
2025-11-27,INS01,12_1014_BROWN_39,CLOSE,39,26,17.98,1.45,21,0.486,0.7382,0.9286,6.62,9.58,47810.19,51,44,45
2025-11-27,HYS01,11_1007_TAN_40,PREMIUM CLOSE,40,27,15.12,1.79,10,0.2481,0.5141,0.8252,3.76,6.71,46931.21,977,125,46
2025-11-27,BES01,12_1014_ROSE-GOLD_38,CLOSE,38,43,17.08,2.52,5,0.2308,0.5572,0.8831,3.72,9.36,46713.39,700,53,47
2025-11-27,MUS01,18_1056_ANTIC-GOLD_39,GIRLS_OPEN,39,52,31.65,1.64,18,0.2757,0.5093,0.7904,4.01,6.59,46035.28,1003,130,48
2025-11-27,INS01,18_1056_BLACK_41,GIRLS_OPEN,41,36,32.0,1.12,31,0.422,0.665,0.8832,5.82,6.55,45772.65,185,133,49
2025-11-27,BES01,18_1056_BLACK_40,GIRLS_OPEN,40,28,25.7,1.09,12,0.4227,0.6996,0.9213,5.9,6.43,44935.22,114,136,50
2025-11-27,KOS01,12_1014_ROSE-GOLD_42,CLOSE,42,29,17.46,1.66,11,0.3804,0.6622,0.9062,5.4,8.97,44751.14,193,55,51
2025-11-27,BHS01,12_1014_BROWN_40,CLOSE,40,79,29.3,2.7,12,0.2179,0.4573,0.7727,3.32,8.96,44706.49,1278,56,52
2025-11-27,COS01,18_1056_ANTIC-GOLD_40,GIRLS_OPEN,40,20,17.78,1.12,18,0.4078,0.6653,0.894,5.68,6.39,44664.49,183,141,53
2025-11-27,SUS01,12_1014_ROSE-GOLD_40,CLOSE,40,34,22.14,1.54,18,0.4081,0.6656,0.8942,5.68,8.73,43552.89,180,59,54
2025-11-27,CHS01,18_1056_GREY_39,GIRLS_OPEN,39,48,24.89,1.93,15,0.2136,0.4345,0.7391,3.22,6.21,43394.68,1379,149,55
2025-11-27,BES01,18_1056_ANTIC-GOLD_38,GIRLS_OPEN,38,33,26.78,1.23,10,0.3476,0.6339,0.8953,5.01,6.18,43180.32,290,150,56
2025-11-27,INS01,12_1014_ROSE-GOLD_41,CLOSE,41,39,18.51,2.11,9,0.2733,0.5556,0.8567,4.11,8.65,43174.27,712,60,57
2025-11-27,KOS01,12_1014_ROSE-GOLD_38,CLOSE,38,34,23.22,1.46,19,0.425,0.6812,0.9014,5.89,8.62,43015.27,145,62,58
2025-11-27,HYS01,21_1077_MAROON_39,PREMIUM CLOSE,39,20,14.93,1.34,11,0.3143,0.5891,0.8674,4.58,6.14,42900.35,502,152,59
2025-11-27,MAS01,12_1014_BROWN_41,CLOSE,41,29,17.65,1.64,15,0.3613,0.6234,0.8755,5.12,8.42,42005.33,332,67,60
2025-11-27,KOS01,12_1014_ROSE-GOLD_41,CLOSE,41,37,18.02,2.05,7,0.2662,0.5695,0.8759,4.08,8.37,41765.47,621,68,61
2025-11-27,PUS01,18_1056_ANTIC-GOLD_39,GIRLS_OPEN,39,40,26.67,1.5,13,0.2696,0.5218,0.8163,3.98,5.97,41763.14,925,167,62
2025-11-27,COS01,18_1056_ANTIC-GOLD_41,GIRLS_OPEN,41,26,21.41,1.21,20,0.3477,0.594,0.8474,4.92,5.97,41759.64,482,168,63
2025-11-27,MUS01,21_1077_MAROON_41,PREMIUM CLOSE,41,33,21.0,1.57,16,0.2551,0.4887,0.7803,3.76,5.91,41278.56,1125,173,64
2025-11-27,BHS01,12_1014_ROSE-GOLD_39,CLOSE,39,36,22.65,1.59,15,0.3588,0.6205,0.8738,5.09,8.09,40383.35,349,72,65
2025-11-27,MUS01,18_1056_BLACK_40,GIRLS_OPEN,40,40,26.99,1.48,18,0.2658,0.4963,0.7801,3.88,5.75,40201.06,1079,183,66
2025-11-27,MUS01,32_1154_MAROON_40,CLOSE,40,14,13.75,1.02,15,0.3964,0.6614,0.8967,5.56,5.66,39541.43,197,190,67
2025-11-27,BHS01,12_1014_ROSE-GOLD_41,CLOSE,41,46,25.76,1.79,15,0.3063,0.5588,0.8349,4.43,7.91,39475.93,688,78,68
2025-11-27,AHS01,18_1056_GREY_41,GIRLS_OPEN,41,18,14.82,1.21,6,0.3096,0.6344,0.9127,4.65,5.64,39444.53,289,192,69
2025-11-27,PUS01,18_1056_GREY_39,GIRLS_OPEN,39,36,22.91,1.57,15,0.2375,0.4686,0.7679,3.54,5.56,38856.49,1236,202,70
2025-11-27,KOS01,21_1077_BLUE-NAVY_41,PREMIUM CLOSE,41,18,17.38,1.04,14,0.3797,0.6473,0.8911,5.36,5.55,38808.21,245,205,71
2025-11-27,INS01,18_1056_GREY_42,GIRLS_OPEN,42,18,19.76,0.91,21,0.4419,0.6952,0.9069,6.09,5.54,38753.48,121,207,72
2025-11-27,INS01,12_1014_BROWN_41,CLOSE,41,50,25.93,1.93,18,0.2752,0.5086,0.7899,4.0,7.72,38511.88,1008,87,73
2025-11-27,BES01,18_1056_ANTIC-GOLD_41,GIRLS_OPEN,41,27,25.63,1.05,9,0.3621,0.657,0.9099,5.21,5.49,38348.81,210,212,74
2025-11-27,MAS01,12_1014_BROWN_42,CLOSE,42,26,16.93,1.54,23,0.3548,0.5968,0.845,5.0,7.67,38283.95,467,88,75
2025-11-27,HYS01,26_1112_WHITE_40,OPEN,40,51,23.41,2.18,26,0.3068,0.5336,0.794,4.37,9.52,37994.17,864,45,76
2025-11-27,BES01,21_1077_BLUE-NAVY_40,PREMIUM CLOSE,40,38,27.28,1.39,8,0.2548,0.5426,0.8547,3.9,5.43,37956.54,806,214,77
2025-11-27,MUS01,18_1056_ANTIC-GOLD_38,GIRLS_OPEN,38,27,22.24,1.21,17,0.3087,0.5546,0.8265,4.44,5.39,37706.07,720,218,78
2025-11-27,PUS01,10_1000_ROSE-GOLD_40,PREMIUM CLOSE,40,34,18.85,1.8,18,0.3716,0.6259,0.8711,5.23,9.43,37639.37,320,48,79
2025-11-27,COS01,12_1014_ANTIC-GOLD_41,CLOSE,41,61,22.62,2.7,10,0.1752,0.4084,0.7453,2.79,7.52,37535.89,1496,92,80
2025-11-27,HYS01,26_1112_WHITE_42,OPEN,42,40,19.65,2.04,22,0.3239,0.5613,0.8212,4.61,9.38,37421.52,671,51,81
2025-11-27,INS01,18_1056_BLACK_39,GIRLS_OPEN,39,23,22.6,1.02,20,0.3708,0.6206,0.8647,5.21,5.3,37071.31,348,226,82
2025-11-27,COS01,18_1056_ANTIC-GOLD_42,GIRLS_OPEN,42,17,17.0,1.0,13,0.3647,0.6352,0.8869,5.18,5.18,36236.99,288,238,83
2025-11-27,SUS01,18_1056_ANTIC-GOLD_39,GIRLS_OPEN,39,28,26.13,1.07,18,0.3385,0.5878,0.8469,4.81,5.16,36055.54,519,242,84
2025-11-27,CHS01,19_1063_MAROON_40,BOYS CLOSE,40,18,18.0,1.0,19,0.3623,0.613,0.8615,5.11,5.11,35710.69,376,252,85
2025-11-27,MAS01,12_1014_ROSE-GOLD_40,CLOSE,40,33,22.27,1.48,12,0.3345,0.6065,0.8739,4.82,7.15,35657.52,407,104,86
2025-11-27,AHS01,29_1133_BROWN_40,BOYS CLOSE,40,32,21.85,1.46,7,0.3311,0.6442,0.9121,4.88,7.14,35625.45,256,105,87
2025-11-27,SUS01,12_1014_ANTIC-GOLD_38,CLOSE,38,32,15.86,2.02,11,0.2328,0.4852,0.7995,3.54,7.14,35620.86,1146,107,88
2025-11-27,COS01,18_1056_GREY_40,GIRLS_OPEN,40,40,28.72,1.39,22,0.2494,0.4637,0.7423,3.64,5.07,35410.9,1252,255,89
2025-11-27,SUS01,12_1014_ROSE-GOLD_39,CLOSE,39,46,22.21,2.07,9,0.2189,0.4832,0.8101,3.4,7.05,35172.08,1153,109,90
2025-11-27,BES01,27_1119_ANTIC-GOLD_39,CLOSE,39,66,28.0,2.36,16,0.3507,0.6079,0.864,4.98,11.74,35115.93,398,24,91
2025-11-27,HYS01,19_1063_MAROON_41,BOYS CLOSE,41,29,16.24,1.79,7,0.1669,0.4293,0.7868,2.78,4.96,34641.22,1404,262,92
2025-11-27,CHS01,18_1056_ANTIC-GOLD_42,GIRLS_OPEN,42,31,31.0,1.0,26,0.3489,0.5858,0.8337,4.91,4.91,34330.83,533,265,93
2025-11-27,PUS01,12_1014_BROWN_38,CLOSE,38,53,23.19,2.29,14,0.1969,0.4147,0.7263,3.01,6.88,34317.33,1467,116,94
2025-11-27,PUS01,11_1007_TAN_40,PREMIUM CLOSE,40,18,16.8,1.07,15,0.3151,0.5696,0.8421,4.54,4.87,34021.32,619,268,95
2025-11-27,BES01,11_1007_TAN_39,PREMIUM CLOSE,39,13,18.2,0.71,15,0.495,0.7566,0.9415,6.75,4.82,33701.44,35,273,96
2025-11-27,MAS01,12_1014_ANTIC-GOLD_40,CLOSE,40,28,21.48,1.3,23,0.3693,0.6138,0.8564,5.18,6.75,33694.23,374,121,97
2025-11-27,CHS01,18_1056_BLACK_43,GIRLS_OPEN,43,24,21.33,1.12,17,0.2895,0.5304,0.8091,4.2,4.72,32995.04,886,278,98
2025-11-27,CHS01,26_1112_WHITE_39,OPEN,39,67,22.33,3.0,11,0.1744,0.3989,0.7299,2.76,8.27,32979.5,1541,70,99
2025-11-27,CHS01,18_1056_ANTIC-GOLD_43,GIRLS_OPEN,43,29,25.38,1.14,20,0.2777,0.5066,0.7832,4.02,4.6,32120.35,1022,287,100
2025-11-27,CHS01,12_1014_ANTIC-GOLD_38,CLOSE,38,38,23.38,1.62,21,0.2726,0.4975,0.7735,3.95,6.42,32016.02,1072,138,101
2025-11-27,BHS01,12_1014_BROWN_38,CLOSE,38,43,23.61,1.82,14,0.2351,0.47,0.7732,3.52,6.41,31976.38,1228,139,102
2025-11-27,COS01,12_1014_ROSE-GOLD_42,CLOSE,42,29,20.56,1.41,10,0.3096,0.5909,0.8724,4.54,6.41,31970.32,493,140,103
2025-11-27,SUS01,12_1014_ROSE-GOLD_41,CLOSE,41,58,26.19,2.21,10,0.1822,0.4194,0.7545,2.89,6.39,31883.84,1444,142,104
2025-11-27,MUS01,21_1077_MAROON_40,PREMIUM CLOSE,40,23,21.11,1.09,19,0.2863,0.5204,0.7964,4.14,4.51,31519.63,936,293,105
2025-11-27,INS01,12_1014_BROWN_38,CLOSE,38,15,10.24,1.46,6,0.2783,0.5988,0.8966,4.26,6.24,31160.6,453,146,106
2025-11-27,BHS01,18_1056_BLACK_40,GIRLS_OPEN,40,29,25.78,1.12,13,0.2673,0.5187,0.8142,3.95,4.45,31084.62,945,300,107
2025-11-27,CHS01,12_1014_ROSE-GOLD_42,CLOSE,42,90,27.54,3.27,7,0.1056,0.3198,0.6921,1.9,6.22,31030.13,1855,148,108
2025-11-27,BES01,19_1063_MAROON_42,BOYS CLOSE,42,15,15.0,1.0,5,0.2844,0.6229,0.9133,4.38,4.38,30628.88,333,308,109
2025-11-27,HYS01,11_1007_BLACK_39,PREMIUM CLOSE,39,18,21.45,0.84,33,0.3735,0.609,0.8448,5.21,4.37,30555.99,392,309,110
2025-11-27,BHS01,12_1014_BROWN_43,CLOSE,43,31,20.19,1.54,12,0.2684,0.5261,0.8235,3.98,6.12,30524.08,905,156,111
2025-11-27,CHS01,18_1056_BLACK_39,GIRLS_OPEN,39,27,29.08,0.93,24,0.3257,0.5602,0.8174,4.62,4.29,29997.56,676,318,112
2025-11-27,KOS01,29_1133_BROWN_41,BOYS CLOSE,41,24,21.33,1.12,15,0.3745,0.6379,0.8838,5.29,5.95,29683.63,281,170,113
2025-11-27,MAS01,12_1014_BROWN_40,CLOSE,40,23,21.47,1.07,23,0.3985,0.6467,0.8773,5.55,5.94,29650.64,246,171,114
2025-11-27,INS01,29_1133_BROWN_40,BOYS CLOSE,40,40,20.0,2.0,7,0.1802,0.4504,0.8022,2.96,5.91,29501.74,1309,172,115
2025-11-27,CHS01,18_1056_ANTIC-GOLD_39,GIRLS_OPEN,39,27,18.22,1.48,4,0.1593,0.4746,0.847,2.85,4.22,29491.21,1200,328,116
2025-11-27,HYS01,31_1147_ANTIC-GOLD_42,PREMIUM CLOSE,42,32,16.59,1.93,18,0.3568,0.6091,0.8607,5.05,9.73,29092.75,389,43,117
2025-11-27,INS01,12_1014_ROSE-GOLD_39,CLOSE,39,35,24.81,1.41,13,0.2801,0.5353,0.8257,4.12,5.81,28990.94,854,179,118
2025-11-27,MUS01,24_1098_WHITE_42,OPEN,42,14,11.7,1.2,18,0.4382,0.6966,0.9106,6.05,7.24,28897.07,119,99,119
2025-11-27,INS01,12_1014_BROWN_42,CLOSE,42,30,28.97,1.04,25,0.3974,0.643,0.8732,5.53,5.72,28558.0,259,185,120
2025-11-27,HYS01,18_1056_ANTIC-GOLD_40,GIRLS_OPEN,40,46,21.29,2.16,5,0.0976,0.3364,0.7329,1.89,4.07,28476.45,1806,351,121
2025-11-27,COS01,12_1014_ROSE-GOLD_40,CLOSE,40,30,20.74,1.45,6,0.2517,0.5661,0.8805,3.93,5.69,28377.26,640,187,122
2025-11-27,COS01,18_1056_GREY_42,GIRLS_OPEN,42,26,25.54,1.02,15,0.2717,0.5148,0.8038,3.98,4.06,28352.19,972,357,123
2025-11-27,MUS01,21_1077_BLUE-NAVY_40,PREMIUM CLOSE,40,19,20.08,0.95,14,0.2939,0.5478,0.8306,4.28,4.05,28336.59,769,358,124
2025-11-27,KOS01,27_1119_ANTIC-GOLD_41,CLOSE,41,36,19.2,1.88,16,0.3537,0.6113,0.8661,5.02,9.41,28142.95,383,50,125
2025-11-27,PUS01,12_1014_BROWN_40,CLOSE,40,108,31.18,3.46,8,0.0896,0.2746,0.6324,1.62,5.63,28079.98,2009,193,126
2025-11-27,COS01,29_1133_BROWN_41,BOYS CLOSE,41,21,19.93,1.05,23,0.3789,0.6247,0.8635,5.3,5.58,27863.95,326,198,127
2025-11-27,COS01,12_1014_BROWN_38,CLOSE,38,40,29.47,1.36,27,0.2859,0.505,0.7691,4.1,5.56,27734.14,1032,203,128
2025-11-27,BHS01,29_1133_BROWN_41,BOYS CLOSE,41,32,25.24,1.27,20,0.3047,0.5415,0.8102,4.37,5.54,27654.91,814,208,129
2025-11-27,INS01,18_1056_ANTIC-GOLD_40,GIRLS_OPEN,40,14,19.6,0.71,18,0.3961,0.6529,0.887,5.54,3.95,27640.49,219,371,130
2025-11-27,CHS01,30_1140_WHITE_41,PREMIUM CLOSE,41,25,19.72,1.27,17,0.3016,0.5458,0.8203,4.35,5.52,27532.98,785,211,131
2025-11-27,MAS01,18_1056_ANTIC-GOLD_39,GIRLS_OPEN,39,18,24.0,0.75,17,0.3701,0.6268,0.8734,5.22,3.91,27354.83,316,376,132
2025-11-27,PUS01,11_1007_BLACK_40,PREMIUM CLOSE,40,28,21.78,1.29,12,0.1969,0.4263,0.7474,3.04,3.91,27326.55,1413,377,133
2025-11-27,AHS01,20_1070_ANTIC-GOLD_41,PREMIUM CLOSE,41,17,20.7,0.82,21,0.3319,0.573,0.8313,4.71,3.87,27068.67,599,384,134
2025-11-27,BES01,18_1056_ANTIC-GOLD_43,GIRLS_OPEN,43,14,21.78,0.64,10,0.4305,0.7174,0.9332,6.02,3.87,27029.84,78,386,135
2025-11-27,PUS01,21_1077_BLUE-NAVY_41,PREMIUM CLOSE,41,22,25.67,0.86,17,0.3082,0.554,0.8261,4.44,3.8,26580.54,724,392,136
2025-11-27,BES01,12_1014_ROSE-GOLD_43,CLOSE,43,38,30.84,1.23,17,0.299,0.5425,0.818,4.32,5.32,26551.06,809,223,137
2025-11-27,AHS01,27_1119_WHITE_40,CLOSE,40,63,25.38,2.48,9,0.2322,0.5018,0.8228,3.58,8.88,26549.7,1048,57,138
2025-11-27,PUS01,31_1147_ANTIC-GOLD_40,PREMIUM CLOSE,40,40,20.36,1.96,16,0.3093,0.5587,0.832,4.46,8.76,26187.06,689,58,139
2025-11-27,PUS01,12_1014_BROWN_39,CLOSE,39,65,27.79,2.34,9,0.1336,0.3485,0.6994,2.24,5.23,26121.31,1763,230,140
2025-11-27,MAS01,29_1133_BROWN_40,BOYS CLOSE,40,15,15.56,0.96,10,0.3802,0.6683,0.9119,5.41,5.22,26037.82,174,234,141
2025-11-27,KOS01,29_1133_BROWN_42,BOYS CLOSE,42,19,14.78,1.29,7,0.2647,0.5676,0.8748,4.06,5.22,26023.72,630,235,142
2025-11-27,HYS01,11_1007_BLACK_43,PREMIUM CLOSE,43,17,22.67,0.75,31,0.3531,0.5861,0.8295,4.95,3.71,25965.95,529,399,143
2025-11-27,AHS01,12_1014_ROSE-GOLD_44,CLOSE,44,21,20.63,1.02,12,0.3577,0.6325,0.8882,5.11,5.2,25953.08,295,236,144
2025-11-27,CHS01,19_1063_MAROON_43,BOYS CLOSE,43,10,14.36,0.7,14,0.3762,0.6434,0.889,5.32,3.7,25880.97,257,401,145
2025-11-27,PUS01,18_1056_ANTIC-GOLD_43,GIRLS_OPEN,43,14,14.25,0.98,7,0.2421,0.5387,0.8588,3.77,3.7,25876.43,835,402,146
2025-11-27,MAS01,12_1014_ANTIC-GOLD_42,CLOSE,42,36,24.89,1.45,21,0.2444,0.4589,0.7404,3.58,5.17,25814.96,1271,241,147
2025-11-27,HYS01,26_1112_WHITE_41,OPEN,41,33,18.86,1.75,11,0.2448,0.5016,0.8113,3.7,6.47,25800.75,1049,134,148
2025-11-27,MUS01,18_1056_ANTIC-GOLD_41,GIRLS_OPEN,41,30,29.47,1.02,17,0.2438,0.4695,0.7613,3.6,3.66,25611.42,1231,411,149
2025-11-27,CHS01,11_1007_TAN_39,PREMIUM CLOSE,39,31,25.16,1.23,14,0.1934,0.4094,0.7215,2.96,3.65,25507.27,1492,415,150
2025-11-27,BHS01,11_1007_BLACK_41,PREMIUM CLOSE,41,18,23.44,0.77,33,0.3373,0.5653,0.8122,4.75,3.64,25477.6,645,416,151
2025-11-27,SUS01,18_1056_ANTIC-GOLD_38,GIRLS_OPEN,38,21,18.38,1.14,8,0.2001,0.4673,0.8061,3.19,3.64,25452.27,1243,417,152
2025-11-27,HYS01,21_1077_MAROON_42,PREMIUM CLOSE,42,32,25.24,1.27,14,0.1868,0.3992,0.7122,2.87,3.64,25444.04,1538,418,153
2025-11-27,BES01,11_1007_TAN_42,PREMIUM CLOSE,42,40,32.46,1.23,21,0.1979,0.3911,0.6761,2.95,3.64,25423.55,1581,420,154
2025-11-27,KOS01,11_1007_TAN_38,PREMIUM CLOSE,38,6,12.92,0.46,19,0.5858,0.8252,0.9649,7.81,3.63,25357.4,8,425,155
2025-11-27,COS01,12_1014_ANTIC-GOLD_38,CLOSE,38,22,21.24,1.04,29,0.3489,0.5827,0.8285,4.9,5.08,25341.98,550,253,156
2025-11-27,COS01,18_1056_BLACK_40,GIRLS_OPEN,40,25,25.45,0.98,12,0.2438,0.4934,0.8003,3.66,3.6,25148.3,1098,432,157
2025-11-27,BES01,21_1077_BLUE-NAVY_41,PREMIUM CLOSE,41,43,25.89,1.66,5,0.1161,0.3742,0.7653,2.16,3.59,25111.36,1663,435,158
2025-11-27,AHS01,29_1133_BROWN_42,BOYS CLOSE,42,27,24.79,1.09,20,0.3235,0.5648,0.8272,4.61,5.02,25066.74,646,257,159
2025-11-27,CHS01,12_1014_ANTIC-GOLD_43,CLOSE,43,19,17.44,1.09,17,0.3209,0.5696,0.8369,4.6,5.01,24995.21,620,258,160
2025-11-27,SUS01,18_1056_ANTIC-GOLD_40,GIRLS_OPEN,40,40,24.62,1.62,8,0.1278,0.3492,0.7097,2.19,3.56,24855.11,1760,438,161
2025-11-27,CHS01,18_1056_ANTIC-GOLD_41,GIRLS_OPEN,41,19,25.33,0.75,19,0.3311,0.5764,0.8373,4.71,3.54,24716.54,579,441,162
2025-11-27,KOS01,18_1056_GREY_40,GIRLS_OPEN,40,21,16.11,1.3,5,0.1544,0.4436,0.8168,2.71,3.53,24677.94,1339,442,163
2025-11-27,AHS01,17_1049_MAROON_41,CLOSE,41,42,19.6,2.14,8,0.3086,0.6079,0.8904,4.57,9.8,24403.59,396,42,164
2025-11-27,CHS01,11_1007_TAN_42,PREMIUM CLOSE,42,14,19.12,0.73,17,0.334,0.5853,0.8474,4.76,3.49,24385.26,536,450,165
2025-11-27,MAS01,12_1014_ANTIC-GOLD_41,CLOSE,41,22,19.25,1.14,14,0.2905,0.5435,0.8277,4.24,4.84,24175.64,800,272,166
2025-11-27,HYS01,21_1077_BLUE-NAVY_43,PREMIUM CLOSE,43,10,16.97,0.59,31,0.4225,0.6656,0.8836,5.83,3.43,24003.53,179,458,167
2025-11-27,MAS01,27_1119_WHITE_40,CLOSE,40,22,15.59,1.41,21,0.4072,0.659,0.8868,5.66,7.99,23876.04,202,75,168
2025-11-27,AHS01,18_1056_GREY_43,GIRLS_OPEN,43,14,22.4,0.62,12,0.3789,0.6553,0.9001,5.37,3.36,23462.01,216,469,169
2025-11-27,MUS01,27_1119_WHITE_39,CLOSE,39,41,22.29,1.84,19,0.296,0.5328,0.8059,4.26,7.84,23452.74,869,81,170
2025-11-27,HYS01,28_1126_TAN_40,GIRLS_OPEN,40,83,25.68,3.23,30,0.3451,0.5771,0.8236,4.85,15.68,23367.33,574,15,171
2025-11-27,BES01,22_1084_NAVY_41,CLOSE,41,38,21.94,1.73,10,0.3799,0.668,0.9118,5.41,9.37,23322.63,176,52,172
2025-11-27,SUS01,27_1119_WHITE_40,CLOSE,40,26,17.33,1.5,19,0.3694,0.6211,0.8666,5.2,7.8,23313.81,343,83,173
2025-11-27,CHS01,18_1056_BLACK_40,GIRLS_OPEN,40,26,19.95,1.3,6,0.1476,0.4132,0.7845,2.56,3.33,23295.64,1476,472,174
2025-11-27,HYS01,12_1014_BROWN_41,CLOSE,41,43,21.5,2.0,6,0.1317,0.3851,0.7624,2.33,4.66,23269.73,1613,280,175
2025-11-27,BES01,33_1161_ROSE-GOLD_41,OPEN,41,20,17.5,1.14,12,0.4948,0.7652,0.9483,6.76,7.73,23103.24,28,86,176
2025-11-27,BHS01,12_1014_ROSE-GOLD_40,CLOSE,40,43,25.62,1.68,5,0.1566,0.4473,0.8193,2.74,4.6,22938.48,1326,286,177
2025-11-27,INS01,11_1007_BLACK_41,PREMIUM CLOSE,41,15,28.0,0.54,27,0.44,0.6869,0.8983,6.05,3.24,22658.93,132,492,178
2025-11-27,BHS01,12_1014_ROSE-GOLD_42,CLOSE,42,15,19.53,0.77,12,0.4236,0.7005,0.9217,5.91,4.54,22657.06,112,291,179
2025-11-27,BES01,17_1049_BROWN_41,CLOSE,41,26,18.91,1.38,14,0.4791,0.745,0.9378,6.56,9.03,22473.99,47,54,180
2025-11-27,CHS01,19_1063_MAROON_42,BOYS CLOSE,42,10,16.97,0.59,18,0.3894,0.6456,0.8828,5.45,3.21,22460.21,253,498,181
2025-11-27,INS01,12_1014_ROSE-GOLD_42,CLOSE,42,26,23.87,1.09,12,0.2743,0.5337,0.8287,4.06,4.42,22065.68,862,304,182
2025-11-27,KOS01,27_1119_ANTIC-GOLD_39,CLOSE,39,27,25.2,1.07,24,0.5041,0.7521,0.9335,6.84,7.32,21900.26,38,96,183
2025-11-27,BES01,19_1063_MAROON_38,BOYS CLOSE,38,8,17.92,0.45,15,0.516,0.7747,0.9487,7.0,3.12,21839.42,22,514,184
2025-11-27,HYS01,31_1147_ANTIC-GOLD_39,PREMIUM CLOSE,39,24,18.16,1.32,25,0.3916,0.6365,0.8691,5.45,7.21,21546.15,286,101,185
2025-11-27,PUS01,27_1119_WHITE_42,CLOSE,42,31,15.93,1.95,9,0.2402,0.5127,0.8301,3.68,7.17,21429.52,983,103,186
2025-11-27,BES01,17_1049_BROWN_40,CLOSE,40,27,18.67,1.45,11,0.4252,0.7068,0.9266,5.94,8.59,21396.33,100,63,187
2025-11-27,BHS01,27_1119_ANTIC-GOLD_42,CLOSE,42,32,19.27,1.66,12,0.293,0.5572,0.8441,4.3,7.14,21344.38,701,106,188
2025-11-27,PUS01,18_1056_GREY_43,GIRLS_OPEN,43,22,22.0,1.0,11,0.1955,0.4314,0.7577,3.04,3.04,21263.04,1392,529,189
2025-11-27,MUS01,10_1000_WHITE_39,PREMIUM CLOSE,39,35,23.9,1.46,18,0.2469,0.4705,0.7589,3.63,5.32,21218.58,1223,224,190
2025-11-27,PUS01,21_1077_BLUE-NAVY_40,PREMIUM CLOSE,40,13,22.75,0.57,17,0.3742,0.6314,0.8762,5.27,3.01,21047.36,300,537,191
2025-11-27,BHS01,21_1077_BLUE-NAVY_43,PREMIUM CLOSE,43,13,17.76,0.73,10,0.275,0.5488,0.8476,4.1,3.01,21007.48,764,539,192
2025-11-27,MUS01,10_1000_WHITE_38,PREMIUM CLOSE,38,17,18.31,0.93,22,0.4074,0.6578,0.885,5.66,5.26,20969.38,207,229,193
2025-11-27,PUS01,12_1014_ANTIC-GOLD_37,CLOSE,37,23,29.27,0.79,22,0.3824,0.6302,0.8681,5.35,4.2,20966.32,305,331,194
2025-11-27,BES01,27_1119_ANTIC-GOLD_40,CLOSE,40,36,19.38,1.86,6,0.2379,0.5483,0.8711,3.76,6.98,20863.1,766,112,195
2025-11-27,BHS01,29_1133_BROWN_40,BOYS CLOSE,40,35,24.81,1.41,7,0.1805,0.4509,0.8026,2.96,4.18,20841.99,1306,338,196
2025-11-27,CHS01,21_1077_BLUE-NAVY_41,PREMIUM CLOSE,41,20,21.54,0.93,10,0.2056,0.4546,0.7826,3.2,2.97,20770.98,1289,548,197
2025-11-27,CHS01,18_1056_GREY_43,GIRLS_OPEN,43,16,24.22,0.66,20,0.3137,0.5528,0.8185,4.49,2.96,20721.44,734,551,198
2025-11-27,AHS01,17_1049_MAROON_42,CLOSE,42,33,20.53,1.61,18,0.3671,0.6209,0.8681,5.17,8.32,20708.17,344,69,199
2025-11-27,COS01,12_1014_ANTIC-GOLD_40,CLOSE,40,46,25.01,1.84,7,0.1297,0.3658,0.7351,2.26,4.15,20697.69,1700,343,200
2025-11-27,HYS01,10_1000_BROWN_39,PREMIUM CLOSE,39,30,21.54,1.39,16,0.2502,0.482,0.775,3.69,5.14,20524.93,1161,245,201
2025-11-27,AHS01,10_1000_WHITE_42,PREMIUM CLOSE,42,22,20.2,1.09,10,0.3232,0.6067,0.8811,4.71,5.13,20478.98,406,248,202
2025-11-27,KOS01,29_1133_BROWN_39,BOYS CLOSE,39,25,20.59,1.21,10,0.2188,0.4736,0.7968,3.38,4.1,20452.03,1204,347,203
2025-11-27,CHS01,18_1056_GREY_40,GIRLS_OPEN,40,22,26.78,0.82,15,0.2389,0.4707,0.7696,3.56,2.92,20421.47,1222,560,204
2025-11-27,HYS01,10_1000_BROWN_42,PREMIUM CLOSE,42,27,17.58,1.54,10,0.2154,0.4689,0.7934,3.33,5.12,20414.48,1235,250,205
2025-11-27,CHS01,26_1112_WHITE_40,OPEN,40,30,21.54,1.39,14,0.2466,0.486,0.7858,3.67,5.11,20399.2,1143,251,206
2025-11-27,CHS01,33_1161_ROSE-GOLD_40,OPEN,40,32,20.13,1.59,16,0.2955,0.5416,0.82,4.28,6.81,20351.55,813,119,207
2025-11-27,BHS01,18_1056_BLACK_38,GIRLS_OPEN,38,14,23.76,0.59,24,0.3498,0.5895,0.8386,4.93,2.9,20303.49,501,562,208
2025-11-27,MAS01,18_1056_ANTIC-GOLD_40,GIRLS_OPEN,40,17,23.8,0.71,13,0.2738,0.5272,0.8202,4.04,2.88,20160.08,900,567,209
2025-11-27,COS01,12_1014_ANTIC-GOLD_42,CLOSE,42,39,29.12,1.34,19,0.2015,0.4019,0.6934,3.02,4.04,20153.77,1518,361,210
2025-11-27,PUS01,31_1147_ANTIC-GOLD_39,PREMIUM CLOSE,39,36,24.89,1.45,18,0.3259,0.5727,0.8367,4.65,6.73,20128.92,604,123,211
2025-11-27,MUS01,29_1133_BROWN_42,BOYS CLOSE,42,71,28.2,2.52,9,0.0898,0.2647,0.6099,1.6,4.02,20052.09,2052,364,212
2025-11-27,BHS01,21_1077_MAROON_42,PREMIUM CLOSE,42,15,22.11,0.68,14,0.2887,0.5412,0.8261,4.22,2.86,19999.24,815,576,213
2025-11-27,KOS01,12_1014_ROSE-GOLD_39,CLOSE,39,50,23.53,2.12,4,0.0926,0.3472,0.7561,1.88,3.99,19920.01,1771,367,214
2025-11-27,MUS01,18_1056_BLACK_42,GIRLS_OPEN,42,22,24.64,0.89,13,0.2073,0.4356,0.7497,3.16,2.82,19743.87,1375,587,215
2025-11-27,HYS01,19_1063_MAROON_38,BOYS CLOSE,38,20,28.0,0.71,24,0.2739,0.4933,0.7639,3.95,2.82,19717.57,1099,589,216
2025-11-27,BES01,18_1056_BLACK_41,GIRLS_OPEN,41,39,17.9,2.18,1,0.0419,0.2937,0.7586,1.29,2.82,19700.18,1950,593,217
2025-11-27,BHS01,18_1056_GREY_41,GIRLS_OPEN,41,19,31.29,0.61,30,0.3286,0.5568,0.808,4.64,2.82,19695.68,704,594,218
2025-11-27,MUS01,21_1077_BLUE-NAVY_37,PREMIUM CLOSE,37,7,13.07,0.54,11,0.3679,0.6491,0.8997,5.25,2.81,19648.05,239,595,219
2025-11-27,HYS01,12_1014_BROWN_37,CLOSE,37,37,26.23,1.41,16,0.1823,0.3831,0.687,2.78,3.93,19598.64,1618,375,220
2025-11-27,BHS01,12_1014_ROSE-GOLD_38,CLOSE,38,15,14.0,1.07,5,0.2251,0.5495,0.8793,3.64,3.9,19485.08,757,379,221
2025-11-27,BES01,12_1014_ROSE-GOLD_40,CLOSE,40,115,23.08,4.98,0,0.0165,0.2048,0.6858,0.78,3.9,19476.56,2226,381,222
2025-11-27,CHS01,26_1112_WHITE_38,OPEN,38,19,16.62,1.14,12,0.2899,0.5534,0.8416,4.26,4.87,19421.3,728,267,223
2025-11-27,CHS01,10_1000_BROWN_41,PREMIUM CLOSE,41,25,20.59,1.21,16,0.2731,0.5127,0.7989,3.99,4.85,19343.81,985,271,224
2025-11-27,CHS01,12_1014_ROSE-GOLD_38,CLOSE,38,19,15.42,1.23,6,0.1905,0.4819,0.8322,3.14,3.87,19311.73,1163,385,225
2025-11-27,HYS01,11_1007_TAN_39,PREMIUM CLOSE,39,13,20.8,0.62,15,0.3015,0.5529,0.8309,4.37,2.73,19089.06,731,617,226
2025-11-27,AHS01,12_1014_ROSE-GOLD_37,CLOSE,37,22,24.64,0.89,12,0.2914,0.5552,0.8428,4.28,3.82,19058.13,714,388,227
2025-11-27,MAS01,18_1056_BLACK_38,GIRLS_OPEN,38,11,15.02,0.73,8,0.2411,0.5246,0.8439,3.72,2.72,19046.89,912,620,228
2025-11-27,COS01,11_1007_BLACK_39,PREMIUM CLOSE,39,20,22.86,0.88,11,0.1999,0.438,0.7631,3.1,2.71,18968.32,1366,622,229
2025-11-27,CHS01,11_1007_TAN_41,PREMIUM CLOSE,41,13,21.41,0.61,16,0.3093,0.5586,0.832,4.46,2.71,18920.9,690,623,230
2025-11-27,SUS01,26_1112_WHITE_41,OPEN,41,37,28.0,1.32,21,0.2449,0.4595,0.741,3.58,4.73,18889.99,1267,277,231
2025-11-27,INS01,11_1007_TAN_39,PREMIUM CLOSE,39,12,19.76,0.61,16,0.3082,0.5573,0.8311,4.44,2.7,18863.44,697,627,232
2025-11-27,BES01,18_1056_ANTIC-GOLD_37,GIRLS_OPEN,37,11,22.81,0.48,37,0.4035,0.6417,0.8658,5.58,2.69,18814.29,265,630,233
2025-11-27,AHS01,33_1161_BLUE-NAVY_41,OPEN,41,27,19.38,1.39,8,0.3024,0.6009,0.8868,4.5,6.26,18730.93,431,144,234
2025-11-27,CHS01,21_1077_BLUE-NAVY_40,PREMIUM CLOSE,40,14,20.63,0.68,11,0.2644,0.5276,0.8291,3.95,2.68,18729.77,898,634,235
2025-11-27,AHS01,33_1161_BLUE-NAVY_39,OPEN,39,31,24.11,1.29,17,0.3404,0.5928,0.8523,4.85,6.23,18626.77,487,147,236
2025-11-27,HYS01,11_1007_BLACK_40,PREMIUM CLOSE,40,19,27.28,0.7,19,0.2622,0.4885,0.771,3.83,2.66,18621.26,1127,644,237
2025-11-27,SUS01,12_1014_ROSE-GOLD_42,CLOSE,42,44,20.88,2.11,4,0.0852,0.3302,0.7413,1.76,3.71,18524.59,1829,400,238
2025-11-27,HYS01,21_1077_BLUE-NAVY_38,PREMIUM CLOSE,38,24,24.89,0.96,12,0.1753,0.3932,0.7182,2.75,2.65,18521.07,1570,647,239
2025-11-27,MUS01,21_1077_BLUE-NAVY_41,PREMIUM CLOSE,41,18,25.85,0.7,16,0.2573,0.4917,0.7827,3.79,2.64,18435.73,1112,650,240
2025-11-27,CHS01,18_1056_BLACK_37,GIRLS_OPEN,37,7,15.68,0.45,18,0.4247,0.6829,0.9035,5.89,2.63,18375.43,141,652,241
2025-11-27,INS01,18_1056_BLACK_40,GIRLS_OPEN,40,18,18.67,0.96,6,0.1597,0.4336,0.7995,2.72,2.63,18364.76,1384,654,242
2025-11-27,HYS01,31_1147_MAROON_39,PREMIUM CLOSE,39,19,15.65,1.21,17,0.3569,0.6119,0.8644,5.05,6.14,18345.69,381,153,243
2025-11-27,INS01,18_1056_ANTIC-GOLD_39,GIRLS_OPEN,39,35,28.41,1.23,7,0.121,0.3497,0.7207,2.13,2.62,18342.22,1757,655,244
2025-11-27,CHS01,11_1007_TAN_43,PREMIUM CLOSE,43,12,21.0,0.57,20,0.3207,0.5614,0.8248,4.58,2.61,18278.77,670,657,245
2025-11-27,HYS01,33_1161_ROSE-GOLD_38,OPEN,38,18,15.75,1.14,19,0.3801,0.6331,0.8739,5.33,6.09,18217.65,293,157,246
2025-11-27,PUS01,10_1000_ROSE-GOLD_41,PREMIUM CLOSE,41,20,19.65,1.02,16,0.3108,0.5606,0.8333,4.48,4.56,18187.11,673,290,247
2025-11-27,INS01,18_1056_GREY_39,GIRLS_OPEN,39,25,32.56,0.77,19,0.229,0.4423,0.7312,3.39,2.6,18172.92,1345,663,248
2025-11-27,BHS01,27_1119_ANTIC-GOLD_39,CLOSE,39,23,19.82,1.16,17,0.3706,0.6274,0.8738,5.22,6.06,18133.24,314,160,249
2025-11-27,MAS01,12_1014_ROSE-GOLD_41,CLOSE,41,20,27.32,0.73,20,0.3497,0.5963,0.849,4.95,3.62,18067.76,471,426,250
2025-11-27,BES01,33_1161_ROSE-GOLD_40,OPEN,40,22,22.0,1.0,12,0.4342,0.7106,0.9262,6.04,6.04,18059.36,92,163,251
2025-11-27,BES01,12_1014_ROSE-GOLD_37,CLOSE,37,25,29.17,0.86,11,0.2845,0.5531,0.8457,4.21,3.61,17992.17,730,430,252
2025-11-27,PUS01,10_1000_BROWN_42,PREMIUM CLOSE,42,21,27.35,0.77,22,0.4244,0.6758,0.8954,5.87,4.51,17983.3,156,294,253
2025-11-27,BHS01,27_1119_WHITE_41,CLOSE,41,31,20.92,1.48,13,0.2751,0.5289,0.8213,4.05,6.01,17966.37,894,164,254
2025-11-27,PUS01,17_1049_BROWN_40,CLOSE,40,19,17.73,1.07,21,0.4952,0.7467,0.9325,6.73,7.22,17965.6,43,100,255
2025-11-27,INS01,11_1007_TAN_41,PREMIUM CLOSE,41,17,22.14,0.77,13,0.2209,0.4554,0.7661,3.35,2.57,17955.71,1284,675,256
2025-11-27,BES01,33_1161_BLUE-NAVY_42,OPEN,42,14,16.33,0.86,12,0.5146,0.7817,0.9542,6.99,5.99,17921.57,19,165,257
2025-11-27,AHS01,18_1056_ANTIC-GOLD_38,GIRLS_OPEN,38,17,31.73,0.54,13,0.3321,0.5986,0.8661,4.78,2.56,17895.65,454,677,258
2025-11-27,CHS01,18_1056_BLACK_38,GIRLS_OPEN,38,35,24.5,1.43,8,0.0998,0.2955,0.6556,1.78,2.54,17745.99,1946,683,259
2025-11-27,CHS01,22_1084_NAVY_40,CLOSE,40,19,13.3,1.43,11,0.3464,0.6259,0.8877,4.98,7.12,17726.46,321,108,260
2025-11-27,HYS01,18_1056_BLACK_41,GIRLS_OPEN,41,44,28.99,1.52,7,0.0902,0.288,0.6592,1.67,2.54,17724.31,1969,685,261
2025-11-27,BHS01,21_1077_MAROON_40,PREMIUM CLOSE,40,10,20.0,0.5,19,0.3574,0.6075,0.8579,5.05,2.52,17641.57,403,686,262
2025-11-27,MAS01,12_1014_ROSE-GOLD_38,CLOSE,38,16,20.84,0.77,18,0.3207,0.5664,0.8325,4.59,3.52,17583.19,639,443,263
2025-11-27,BES01,18_1056_BLACK_38,GIRLS_OPEN,38,9,20.16,0.45,24,0.4042,0.6516,0.8794,5.61,2.51,17516.14,227,690,264
2025-11-27,KOS01,21_1077_MAROON_39,PREMIUM CLOSE,39,10,16.47,0.61,8,0.2723,0.5647,0.8674,4.12,2.5,17486.09,647,694,265
2025-11-27,BES01,11_1007_BLACK_38,PREMIUM CLOSE,38,12,24.0,0.5,9,0.3443,0.6381,0.901,4.99,2.5,17440.37,276,698,266
2025-11-27,BHS01,27_1119_WHITE_39,CLOSE,39,26,19.68,1.32,12,0.3014,0.5674,0.8505,4.4,5.82,17402.66,631,178,267
2025-11-27,BES01,29_1133_BROWN_39,BOYS CLOSE,39,33,21.24,1.55,4,0.1163,0.397,0.7956,2.24,3.48,17347.03,1554,451,268
2025-11-27,AHS01,31_1147_WHITE_42,PREMIUM CLOSE,42,25,19.18,1.3,10,0.3019,0.5818,0.8672,4.45,5.8,17327.28,555,180,269
2025-11-27,SUS01,26_1112_WHITE_39,OPEN,39,24,25.85,0.93,26,0.3303,0.5632,0.817,4.67,4.34,17316.78,659,314,270
2025-11-27,MAS01,18_1056_BLACK_43,GIRLS_OPEN,43,5,13.33,0.38,22,0.483,0.7342,0.926,6.59,2.47,17261.72,54,709,271
2025-11-27,PUS01,10_1000_BROWN_40,PREMIUM CLOSE,40,14,19.6,0.71,19,0.4377,0.6941,0.9083,6.04,4.32,17222.58,122,315,272
2025-11-27,MUS01,22_1084_NAVY_40,CLOSE,40,41,19.46,2.11,12,0.2144,0.4522,0.7687,3.28,6.9,17186.08,1300,114,273
2025-11-27,HYS01,17_1049_BLACK_41,CLOSE,41,39,24.54,1.59,25,0.304,0.5313,0.7937,4.34,6.89,17167.06,879,115,274
2025-11-27,CHS01,26_1112_WHITE_41,OPEN,41,45,17.38,2.59,4,0.0787,0.3149,0.7273,1.66,4.29,17133.63,1877,317,275
2025-11-27,MUS01,28_1126_TAN_39,GIRLS_OPEN,39,58,17.85,3.25,11,0.2309,0.4826,0.7976,3.51,11.42,17013.83,1159,27,276
2025-11-27,BHS01,21_1077_BLUE-NAVY_41,PREMIUM CLOSE,41,17,23.8,0.71,10,0.2206,0.4762,0.7987,3.4,2.43,16972.25,1193,725,277
2025-11-27,HYS01,33_1161_ROSE-GOLD_42,OPEN,42,22,18.95,1.16,21,0.3457,0.5895,0.8428,4.89,5.67,16967.47,500,188,278
2025-11-27,COS01,31_1147_ANTIC-GOLD_40,PREMIUM CLOSE,40,14,13.75,1.02,11,0.394,0.6761,0.9128,5.56,5.66,16936.18,154,189,279
2025-11-27,BES01,21_1077_BLUE-NAVY_44,PREMIUM CLOSE,44,10,20.74,0.48,7,0.3428,0.6566,0.9174,5.02,2.42,16907.96,211,732,280
2025-11-27,CHS01,22_1084_NAVY_41,CLOSE,41,30,18.67,1.61,13,0.2879,0.5452,0.8324,4.22,6.78,16883.49,789,120,281
2025-11-27,CHS01,33_1161_ROSE-GOLD_41,OPEN,41,24,19.2,1.25,16,0.3125,0.5626,0.8347,4.5,5.62,16818.19,663,194,282
2025-11-27,COS01,18_1056_GREY_43,GIRLS_OPEN,43,11,23.69,0.46,30,0.3701,0.6071,0.8454,5.17,2.4,16779.86,404,737,283
2025-11-27,BES01,19_1063_MAROON_41,BOYS CLOSE,41,22,33.3,0.66,9,0.2357,0.5065,0.826,3.62,2.39,16730.78,1023,739,284
2025-11-27,SUS01,12_1014_ROSE-GOLD_43,CLOSE,43,21,28.0,0.75,24,0.312,0.543,0.8043,4.45,3.33,16635.73,803,471,285
2025-11-27,MUS01,10_1000_ROSE-GOLD_41,PREMIUM CLOSE,41,24,24.44,0.98,21,0.2944,0.5261,0.7964,4.23,4.16,16583.61,906,341,286
2025-11-27,INS01,27_1119_ANTIC-GOLD_40,CLOSE,40,25,24.56,1.02,23,0.3907,0.638,0.872,5.45,5.55,16580.77,278,206,287
2025-11-27,BHS01,17_1049_MAROON_41,CLOSE,41,26,15.66,1.66,7,0.2606,0.5625,0.8721,4.0,6.65,16559.65,666,127,288
2025-11-27,CHS01,28_1126_TAN_42,GIRLS_OPEN,42,31,14.71,2.11,16,0.372,0.6319,0.8783,5.25,11.06,16477.93,297,30,289
2025-11-27,PUS01,30_1140_WHITE_41,PREMIUM CLOSE,41,12,21.68,0.55,19,0.428,0.6843,0.9031,5.92,3.28,16363.59,140,481,290
2025-11-27,HYS01,21_1077_BLUE-NAVY_44,PREMIUM CLOSE,44,6,15.27,0.39,18,0.4301,0.6884,0.9064,5.95,2.34,16350.1,129,757,291
2025-11-27,BHS01,12_1014_ANTIC-GOLD_42,CLOSE,42,40,30.27,1.32,13,0.1569,0.3572,0.6775,2.48,3.27,16323.11,1732,484,292
2025-11-27,INS01,12_1014_ROSE-GOLD_38,CLOSE,38,28,23.4,1.2,11,0.1718,0.3948,0.7263,2.72,3.25,16239.0,1562,488,293
2025-11-27,SUS01,33_1161_BLUE-NAVY_41,OPEN,41,30,23.33,1.29,22,0.294,0.5235,0.7924,4.22,5.43,16226.77,916,215,294
2025-11-27,COS01,29_1133_BROWN_39,BOYS CLOSE,39,16,18.67,0.86,9,0.2471,0.5219,0.836,3.77,3.23,16129.87,923,496,295
2025-11-27,HYS01,31_1147_MAROON_40,PREMIUM CLOSE,40,12,12.68,0.95,13,0.4055,0.6781,0.9092,5.68,5.38,16085.92,152,220,296
2025-11-27,BES01,14_1028_ROSE-GOLD_40,OPEN,40,30,18.88,1.59,15,0.4976,0.7589,0.9424,6.78,10.78,16057.42,33,31,297
2025-11-27,PUS01,27_1119_WHITE_40,CLOSE,40,51,22.67,2.25,9,0.144,0.3668,0.7166,2.39,5.37,16050.92,1696,221,298
2025-11-27,PUS01,10_1000_BROWN_39,PREMIUM CLOSE,39,14,23.76,0.59,32,0.5024,0.7464,0.9284,6.81,4.01,16007.3,44,365,299
2025-11-27,INS01,29_1133_BROWN_42,BOYS CLOSE,42,34,28.85,1.18,14,0.1756,0.3819,0.6958,2.72,3.2,15989.26,1626,500,300
2025-11-27,COS01,12_1014_BROWN_43,CLOSE,43,21,25.57,0.82,18,0.2655,0.4958,0.7797,3.88,3.18,15886.7,1083,504,301
2025-11-27,HYS01,10_1000_BROWN_41,PREMIUM CLOSE,41,19,22.64,0.84,26,0.3355,0.5695,0.8218,4.74,3.98,15871.76,622,368,302
2025-11-27,BES01,31_1147_ANTIC-GOLD_40,PREMIUM CLOSE,40,22,24.64,0.89,13,0.4252,0.6979,0.9186,5.92,5.29,15815.81,115,227,303
2025-11-27,BHS01,18_1056_BLACK_41,GIRLS_OPEN,41,24,22.03,1.09,4,0.1055,0.375,0.7788,2.08,2.26,15807.6,1662,784,304
2025-11-27,MUS01,18_1056_ANTIC-GOLD_43,GIRLS_OPEN,43,26,19.41,1.34,5,0.0847,0.3079,0.706,1.69,2.26,15778.79,1903,786,305
2025-11-27,INS01,18_1056_ANTIC-GOLD_42,GIRLS_OPEN,42,15,20.0,0.75,8,0.1863,0.4466,0.7911,3.0,2.25,15734.26,1328,789,306
2025-11-27,HYS01,28_1126_TAN_41,GIRLS_OPEN,41,77,26.29,2.93,17,0.2441,0.4699,0.7616,3.6,10.55,15721.41,1229,35,307
2025-11-27,BHS01,20_1070_ANTIC-GOLD_40,PREMIUM CLOSE,40,10,20.74,0.48,15,0.3244,0.5807,0.8493,4.66,2.25,15704.5,564,793,308
2025-11-27,CHS01,21_1077_BLUE-NAVY_39,PREMIUM CLOSE,39,21,19.6,1.07,6,0.1154,0.3544,0.7364,2.1,2.24,15691.54,1739,794,309
2025-11-27,COS01,18_1056_BLACK_41,GIRLS_OPEN,41,29,24.24,1.2,5,0.0969,0.335,0.7316,1.88,2.24,15685.53,1813,795,310
2025-11-27,AHS01,33_1161_BLUE-NAVY_40,OPEN,40,25,20.29,1.23,7,0.2796,0.5858,0.8844,4.24,5.23,15632.29,532,233,311
2025-11-27,PUS01,12_1014_BROWN_43,CLOSE,43,25,26.42,0.95,15,0.2194,0.443,0.7465,3.3,3.12,15571.87,1340,516,312
2025-11-27,CHS01,17_1049_MAROON_39,CLOSE,39,29,17.85,1.62,11,0.2564,0.5171,0.822,3.85,6.25,15560.84,957,145,313
2025-11-27,CHS01,27_1119_ANTIC-GOLD_38,CLOSE,38,19,17.73,1.07,16,0.3403,0.5959,0.8565,4.85,5.2,15545.76,472,237,314
2025-11-27,HYS01,30_1140_WHITE_40,PREMIUM CLOSE,40,34,20.92,1.62,7,0.1064,0.3213,0.6937,1.91,3.11,15522.81,1850,517,315
2025-11-27,KOS01,18_1056_GREY_41,GIRLS_OPEN,41,15,24.71,0.61,12,0.2383,0.4859,0.7948,3.59,2.18,15242.91,1144,820,316
2025-11-27,MUS01,17_1049_BLACK_41,CLOSE,41,24,19.2,1.25,20,0.3436,0.5891,0.8441,4.87,6.08,15149.85,504,158,317
2025-11-27,COS01,31_1147_MAROON_42,PREMIUM CLOSE,42,20,18.98,1.05,24,0.3392,0.5767,0.8295,4.79,5.05,15101.67,578,256,318
2025-11-27,HYS01,17_1049_MAROON_39,CLOSE,39,27,20.43,1.32,18,0.3198,0.5654,0.8317,4.58,6.05,15062.27,644,162,319
2025-11-27,CHS01,12_1014_ROSE-GOLD_44,CLOSE,44,32,21.59,1.48,8,0.1173,0.3296,0.6909,2.04,3.02,15055.36,1830,534,320
2025-11-27,MAS01,12_1014_ANTIC-GOLD_38,CLOSE,38,11,15.02,0.73,10,0.2759,0.5499,0.8483,4.12,3.01,15038.1,752,536,321
2025-11-27,KOS01,20_1070_ANTIC-GOLD_40,PREMIUM CLOSE,40,5,10.37,0.48,4,0.2865,0.6458,0.9283,4.46,2.15,15029.21,252,837,322
2025-11-27,COS01,18_1056_ANTIC-GOLD_38,GIRLS_OPEN,38,11,15.79,0.7,4,0.1758,0.501,0.8622,3.07,2.14,14940.96,1055,841,323
2025-11-27,HYS01,13_1021_BROWN_39,OPEN,39,28,13.29,2.11,9,0.3246,0.6165,0.8902,4.75,10.01,14910.22,367,40,324
2025-11-27,AHS01,22_1084_NAVY_40,CLOSE,40,38,27.64,1.38,15,0.3,0.5509,0.8296,4.35,5.98,14890.85,744,166,325
2025-11-27,KOS01,24_1098_MAROON_40,OPEN,40,13,16.18,0.8,10,0.317,0.5996,0.8772,4.63,3.72,14860.44,442,397,326
2025-11-27,PUS01,18_1056_GREY_42,GIRLS_OPEN,42,28,30.75,0.91,11,0.1436,0.3483,0.6824,2.33,2.12,14819.17,1764,846,327
2025-11-27,HYS01,17_1049_BROWN_40,CLOSE,40,25,18.18,1.38,15,0.2952,0.5449,0.8254,4.29,5.9,14679.98,792,174,328
2025-11-27,HYS01,30_1140_WHITE_42,PREMIUM CLOSE,42,10,18.67,0.54,25,0.3946,0.6399,0.8712,5.49,2.94,14679.22,269,555,329
2025-11-27,KOS01,17_1049_BROWN_39,CLOSE,39,22,24.16,0.91,24,0.4695,0.7192,0.9174,6.42,5.84,14551.55,73,176,330
2025-11-27,PUS01,18_1056_ANTIC-GOLD_41,GIRLS_OPEN,41,20,23.33,0.86,7,0.1417,0.3872,0.7534,2.43,2.08,14533.3,1602,857,331
2025-11-27,MUS01,32_1154_MAROON_42,CLOSE,42,6,14.61,0.41,10,0.3511,0.6377,0.8972,5.06,2.08,14516.21,282,858,332
2025-11-27,MUS01,24_1098_MAROON_40,OPEN,40,14,16.33,0.86,10,0.2859,0.5624,0.8559,4.24,3.64,14514.01,667,419,333
2025-11-27,KOS01,18_1056_GREY_39,GIRLS_OPEN,39,19,31.29,0.61,14,0.2274,0.4592,0.7644,3.42,2.07,14499.34,1270,859,334
2025-11-27,BES01,18_1056_BLACK_42,GIRLS_OPEN,42,23,29.95,0.77,6,0.1577,0.4302,0.7971,2.7,2.07,14471.3,1401,861,335
2025-11-27,PUS01,20_1070_ANTIC-GOLD_39,PREMIUM CLOSE,39,9,19.38,0.46,13,0.3064,0.5681,0.8474,4.46,2.07,14458.12,626,863,336
2025-11-27,MAS01,18_1056_BLACK_41,GIRLS_OPEN,41,10,19.31,0.52,8,0.2606,0.5501,0.8591,3.97,2.06,14379.16,751,865,337
2025-11-27,BHS01,20_1070_ANTIC-GOLD_42,PREMIUM CLOSE,42,8,16.59,0.48,8,0.2818,0.5764,0.8738,4.24,2.04,14288.91,580,873,338
2025-11-27,BHS01,32_1154_MAROON_40,CLOSE,40,6,12.92,0.46,5,0.2842,0.6228,0.9133,4.38,2.03,14215.64,335,876,339
2025-11-27,BES01,29_1133_BROWN_44,BOYS CLOSE,44,7,17.82,0.39,13,0.5368,0.7966,0.9584,7.25,2.85,14212.32,14,580,340
2025-11-27,HYS01,18_1056_ANTIC-GOLD_43,GIRLS_OPEN,43,11,23.69,0.46,15,0.3015,0.5529,0.8309,4.37,2.03,14179.91,732,878,341
2025-11-27,KOS01,27_1119_WHITE_38,CLOSE,38,19,15.88,1.2,9,0.2618,0.5411,0.848,3.96,4.74,14167.29,817,275,342
2025-11-27,HYS01,18_1056_ANTIC-GOLD_42,GIRLS_OPEN,42,25,21.54,1.16,5,0.0878,0.3149,0.7129,1.73,2.01,14069.29,1876,887,343
2025-11-27,BES01,29_1133_BROWN_43,BOYS CLOSE,43,18,29.65,0.61,11,0.319,0.5947,0.8706,4.64,2.82,14063.59,479,592,344
2025-11-27,MUS01,16_1042_TAN_40,OPEN,40,36,18.84,1.91,18,0.3479,0.5988,0.8541,4.93,9.43,14045.21,449,49,345
2025-11-27,HYS01,17_1049_BROWN_41,CLOSE,41,27,21.3,1.27,19,0.3088,0.549,0.8179,4.43,5.62,13983.66,763,195,346
2025-11-27,INS01,11_1007_BLACK_42,PREMIUM CLOSE,42,12,21.68,0.55,14,0.2413,0.4787,0.7801,3.6,1.99,13933.67,1177,894,347
2025-11-27,CHS01,21_1077_BLUE-NAVY_38,PREMIUM CLOSE,38,9,21.0,0.43,15,0.3232,0.5792,0.8484,4.64,1.99,13913.25,569,895,348
2025-11-27,KOS01,31_1147_ANTIC-GOLD_41,PREMIUM CLOSE,41,14,21.78,0.64,23,0.5368,0.782,0.9471,7.23,4.65,13895.7,18,281,349
2025-11-27,AHS01,22_1084_NAVY_41,CLOSE,41,41,31.03,1.32,15,0.2895,0.5378,0.8204,4.22,5.57,13870.15,839,199,350
2025-11-27,BES01,17_1049_BLACK_40,CLOSE,40,23,21.11,1.09,7,0.3507,0.6648,0.9209,5.11,5.57,13865.06,186,200,351
2025-11-27,PUS01,12_1014_ANTIC-GOLD_40,CLOSE,40,71,21.97,3.23,2,0.0271,0.2007,0.636,0.86,2.78,13850.29,2234,605,352
2025-11-27,INS01,27_1119_ANTIC-GOLD_42,CLOSE,42,28,23.4,1.2,17,0.2643,0.4975,0.784,3.87,4.63,13840.12,1073,282,353
2025-11-27,MAS01,18_1056_BLACK_39,GIRLS_OPEN,39,11,24.64,0.45,16,0.307,0.5559,0.8301,4.43,1.98,13823.49,708,902,354
2025-11-27,PUS01,12_1014_BROWN_37,CLOSE,37,12,22.4,0.54,18,0.3658,0.6195,0.8672,5.16,2.76,13791.22,354,608,355
2025-11-27,CHS01,12_1014_ROSE-GOLD_43,CLOSE,43,38,21.07,1.8,5,0.0745,0.284,0.6817,1.52,2.75,13704.27,1982,612,356
2025-11-27,BES01,17_1049_BLACK_39,CLOSE,39,19,21.71,0.88,14,0.4545,0.7224,0.9281,6.27,5.49,13660.15,63,213,357
2025-11-27,INS01,18_1056_BLACK_38,GIRLS_OPEN,38,20,21.96,0.91,8,0.1247,0.3434,0.7042,2.14,1.95,13641.35,1783,911,358
2025-11-27,MAS01,30_1140_WHITE_41,PREMIUM CLOSE,41,8,16.0,0.5,17,0.3894,0.6481,0.8858,5.46,2.73,13618.38,243,619,359
2025-11-27,BES01,26_1112_WHITE_37,OPEN,37,19,26.6,0.71,16,0.3339,0.5884,0.8517,4.77,3.41,13600.03,513,462,360
2025-11-27,PUS01,11_1007_TAN_41,PREMIUM CLOSE,41,22,26.78,0.82,11,0.1442,0.3492,0.6834,2.34,1.92,13412.47,1758,929,361
2025-11-27,COS01,31_1147_MAROON_39,PREMIUM CLOSE,39,29,25.78,1.12,28,0.2775,0.4925,0.7569,3.98,4.48,13394.78,1105,296,362
2025-11-27,SUS01,12_1014_ANTIC-GOLD_37,CLOSE,37,27,29.08,0.93,20,0.1921,0.3849,0.6731,2.88,2.68,13350.33,1614,637,363
2025-11-27,HYS01,20_1070_ANTIC-GOLD_42,PREMIUM CLOSE,42,9,22.91,0.39,20,0.3426,0.5879,0.8433,4.85,1.91,13331.42,516,933,364
2025-11-27,COS01,12_1014_BROWN_40,CLOSE,40,37,34.53,1.07,10,0.1536,0.3734,0.7143,2.49,2.67,13322.55,1669,641,365
2025-11-27,CHS01,19_1063_MAROON_44,BOYS CLOSE,44,7,17.04,0.41,12,0.3192,0.5888,0.8635,4.63,1.9,13292.12,507,934,366
2025-11-27,PUS01,20_1070_ANTIC-GOLD_40,PREMIUM CLOSE,40,14,17.82,0.79,6,0.1372,0.3949,0.7703,2.41,1.89,13231.48,1561,939,367
2025-11-27,MUS01,32_1154_MAROON_43,CLOSE,43,5,15.56,0.32,18,0.4241,0.6822,0.9032,5.88,1.89,13212.22,142,942,368
2025-11-27,INS01,10_1000_WHITE_41,PREMIUM CLOSE,41,16,20.36,0.79,16,0.2865,0.53,0.8117,4.17,3.27,13059.45,889,482,369
2025-11-27,PUS01,18_1056_GREY_37,GIRLS_OPEN,37,13,24.27,0.54,14,0.232,0.4657,0.7697,3.48,1.86,13022.3,1246,951,370
2025-11-27,PUS01,31_1147_ANTIC-GOLD_41,PREMIUM CLOSE,41,28,23.76,1.18,15,0.2494,0.4851,0.7811,3.69,4.35,13018.17,1147,312,371
2025-11-27,KOS01,18_1056_GREY_42,GIRLS_OPEN,42,17,28.85,0.59,11,0.204,0.444,0.7679,3.16,1.86,12999.01,1337,954,372
2025-11-27,MUS01,21_1077_BLUE-NAVY_39,PREMIUM CLOSE,39,26,33.86,0.77,15,0.1549,0.3435,0.6517,2.42,1.86,12976.42,1782,955,373
2025-11-27,PUS01,12_1014_ANTIC-GOLD_38,CLOSE,38,66,30.8,2.14,10,0.0665,0.2057,0.5228,1.21,2.59,12944.01,2225,664,374
2025-11-27,COS01,18_1056_BLACK_42,GIRLS_OPEN,42,15,28.97,0.52,17,0.242,0.467,0.7592,3.58,1.85,12942.26,1245,960,375
2025-11-27,INS01,12_1014_BROWN_37,CLOSE,37,9,16.26,0.55,14,0.3254,0.586,0.8555,4.68,2.59,12934.93,531,665,376
2025-11-27,BES01,11_1007_TAN_40,PREMIUM CLOSE,40,11,20.53,0.54,5,0.2102,0.5292,0.8685,3.45,1.85,12932.54,893,961,377
2025-11-27,BHS01,10_1000_BROWN_41,PREMIUM CLOSE,41,23,23.42,0.98,12,0.216,0.4544,0.7705,3.3,3.24,12918.73,1290,494,378
2025-11-27,MUS01,18_1056_ANTIC-GOLD_37,GIRLS_OPEN,37,15,27.1,0.55,15,0.2225,0.4474,0.7502,3.34,1.85,12915.97,1325,962,379
2025-11-27,AHS01,20_1070_ANTIC-GOLD_40,PREMIUM CLOSE,40,12,29.22,0.41,12,0.3085,0.576,0.8558,4.49,1.85,12902.79,582,963,380
2025-11-27,AHS01,18_1056_ANTIC-GOLD_44,GIRLS_OPEN,44,13,26.0,0.5,8,0.2379,0.5204,0.8413,3.68,1.84,12865.75,937,967,381
2025-11-27,BES01,11_1007_BLACK_43,PREMIUM CLOSE,43,11,19.87,0.55,5,0.2002,0.5149,0.8607,3.32,1.84,12858.88,971,968,382
2025-11-27,MAS01,11_1007_BLACK_39,PREMIUM CLOSE,39,5,15.56,0.32,15,0.4096,0.6751,0.9039,5.72,1.84,12850.66,159,969,383
2025-11-27,PUS01,17_1049_BROWN_39,CLOSE,39,41,25.8,1.59,16,0.2164,0.4344,0.7348,3.25,5.16,12843.71,1381,243,384
2025-11-27,MUS01,29_1133_BROWN_44,BOYS CLOSE,44,11,18.67,0.59,14,0.3004,0.5558,0.836,4.37,2.57,12838.98,709,670,385
2025-11-27,INS01,12_1014_ROSE-GOLD_43,CLOSE,43,18,22.4,0.8,11,0.2072,0.4488,0.7718,3.2,2.57,12830.0,1318,672,386
2025-11-27,PUS01,32_1154_MAROON_40,CLOSE,40,7,18.67,0.38,13,0.3413,0.609,0.8722,4.89,1.83,12826.19,391,971,387
2025-11-27,BES01,29_1133_BROWN_37,BOYS CLOSE,37,11,24.64,0.45,12,0.4106,0.6877,0.9159,5.76,2.57,12822.65,130,673,388
2025-11-27,BES01,31_1147_ANTIC-GOLD_38,PREMIUM CLOSE,38,17,23.22,0.73,14,0.4203,0.6893,0.9127,5.86,4.29,12821.78,126,319,389
2025-11-27,BHS01,12_1014_ANTIC-GOLD_38,CLOSE,38,16,24.22,0.66,14,0.2633,0.5084,0.8027,3.89,2.57,12820.54,1011,674,390
2025-11-27,CHS01,17_1049_MAROON_38,CLOSE,38,15,13.33,1.12,10,0.312,0.5937,0.874,4.57,5.14,12808.14,483,246,391
2025-11-27,MUS01,22_1084_NAVY_39,CLOSE,39,43,22.5,1.91,12,0.1707,0.3859,0.7115,2.68,5.13,12773.57,1609,249,392
2025-11-27,BHS01,33_1161_ROSE-GOLD_41,OPEN,41,38,20.66,1.84,7,0.1342,0.3739,0.7422,2.32,4.27,12755.54,1667,320,393
2025-11-27,CHS01,23_1091_BROWN_40,OPEN,40,35,16.07,2.18,11,0.2625,0.5252,0.8275,3.93,8.55,12741.38,911,64,394
2025-11-27,BHS01,27_1119_ANTIC-GOLD_40,CLOSE,40,15,20.49,0.73,38,0.4203,0.6602,0.8777,5.79,4.24,12681.97,200,325,395
2025-11-27,AHS01,27_1119_WHITE_38,CLOSE,38,24,26.88,0.89,15,0.3315,0.5891,0.8547,4.75,4.24,12679.73,503,326,396
2025-11-27,AHS01,28_1126_TAN_39,GIRLS_OPEN,39,39,24.0,1.62,16,0.3708,0.6305,0.8775,5.23,8.5,12671.8,304,65,397
2025-11-27,CHS01,18_1056_ANTIC-GOLD_44,GIRLS_OPEN,44,12,24.0,0.5,13,0.2418,0.4847,0.7891,3.62,1.81,12657.92,1149,986,398
2025-11-27,KOS01,30_1140_WHITE_38,PREMIUM CLOSE,38,9,24.0,0.38,25,0.4982,0.7459,0.9302,6.76,2.54,12657.47,46,684,399
2025-11-27,PUS01,28_1126_ROSE-GOLD_41,GIRLS_OPEN,41,74,24.52,3.02,12,0.18,0.4006,0.7249,2.81,8.49,12646.41,1527,66,400
2025-11-27,MUS01,24_1098_WHITE_39,OPEN,39,32,22.97,1.39,10,0.1381,0.3469,0.6891,2.27,3.17,12635.32,1773,507,401
2025-11-27,HYS01,21_1077_MAROON_41,PREMIUM CLOSE,41,17,32.83,0.52,20,0.2373,0.4514,0.7364,3.49,1.81,12629.95,1304,988,402
2025-11-27,KOS01,29_1133_BROWN_44,BOYS CLOSE,44,10,20.74,0.48,15,0.37,0.633,0.881,5.23,2.52,12586.31,294,687,403
2025-11-27,SUS01,18_1056_ANTIC-GOLD_42,GIRLS_OPEN,42,16,28.9,0.55,14,0.2149,0.4413,0.7495,3.25,1.8,12577.83,1351,991,404
2025-11-27,COS01,18_1056_BLACK_39,GIRLS_OPEN,39,25,25.45,0.98,6,0.0976,0.3184,0.7029,1.83,1.8,12555.65,1865,994,405
2025-11-27,BES01,26_1112_WHITE_44,OPEN,44,21,26.73,0.79,9,0.265,0.5452,0.8505,4.0,3.14,12543.46,790,511,406
2025-11-27,PUS01,32_1154_MAROON_42,CLOSE,42,11,22.81,0.48,13,0.2489,0.4943,0.7964,3.71,1.79,12517.12,1094,999,407
2025-11-27,BES01,27_1119_ANTIC-GOLD_38,CLOSE,38,29,20.56,1.41,5,0.1732,0.4742,0.8366,2.97,4.18,12506.62,1202,336,408
2025-11-27,CHS01,30_1140_WHITE_40,PREMIUM CLOSE,40,14,21.19,0.66,12,0.2533,0.5062,0.8096,3.79,2.5,12485.87,1024,693,409
2025-11-27,SUS01,12_1014_ANTIC-GOLD_41,CLOSE,41,76,27.64,2.75,6,0.0413,0.1795,0.5342,0.91,2.5,12465.1,2308,696,410
2025-11-27,HYS01,20_1070_ANTIC-GOLD_38,PREMIUM CLOSE,38,9,15.75,0.57,6,0.189,0.4796,0.8308,3.12,1.78,12464.06,1173,1003,411
2025-11-27,CHS01,12_1014_ROSE-GOLD_37,CLOSE,37,34,19.04,1.79,5,0.0667,0.2647,0.6607,1.4,2.49,12434.38,2053,699,412
2025-11-27,BHS01,11_1007_BLACK_39,PREMIUM CLOSE,39,12,25.85,0.46,13,0.2573,0.5057,0.8048,3.82,1.78,12411.43,1030,1008,413
2025-11-27,COS01,18_1056_GREY_41,GIRLS_OPEN,41,16,30.9,0.52,15,0.2285,0.456,0.7575,3.42,1.77,12374.51,1281,1010,414
2025-11-27,BHS01,21_1077_MAROON_39,PREMIUM CLOSE,39,17,27.2,0.62,10,0.1782,0.4131,0.7493,2.83,1.77,12366.39,1477,1012,415
2025-11-27,AHS01,27_1119_WHITE_41,CLOSE,41,33,31.86,1.04,14,0.27,0.5172,0.8091,3.98,4.12,12310.07,956,345,416
2025-11-27,BES01,24_1098_WHITE_40,OPEN,40,24,30.55,0.79,19,0.27,0.4989,0.7794,3.93,3.09,12309.71,1063,521,417
2025-11-27,CHS01,24_1098_MAROON_40,OPEN,40,23,25.25,0.91,14,0.2251,0.4559,0.7618,3.39,3.08,12303.86,1282,522,418
2025-11-27,HYS01,10_1000_BROWN_38,PREMIUM CLOSE,38,13,21.41,0.61,31,0.3628,0.5978,0.838,5.08,3.08,12298.58,463,523,419
2025-11-27,CHS01,11_1007_TAN_40,PREMIUM CLOSE,40,20,20.36,0.98,6,0.0946,0.3122,0.6968,1.78,1.75,12248.53,1888,1018,420
2025-11-27,MAS01,12_1014_ANTIC-GOLD_43,CLOSE,43,8,16.0,0.5,15,0.344,0.6037,0.8637,4.91,2.45,12242.82,416,715,421
2025-11-27,AHS01,32_1154_MAROON_40,CLOSE,40,15,27.1,0.55,7,0.1945,0.4722,0.8174,3.15,1.74,12185.39,1215,1022,422
2025-11-27,MUS01,16_1042_BLUE-NAVY_40,OPEN,40,47,24.15,1.95,21,0.2914,0.5222,0.7934,4.19,8.16,12160.52,920,71,423
2025-11-27,MUS01,27_1119_WHITE_40,CLOSE,40,41,23.67,1.73,9,0.1413,0.362,0.7122,2.35,4.06,12154.04,1716,353,424
2025-11-27,KOS01,10_1000_BROWN_38,PREMIUM CLOSE,38,10,16.47,0.61,13,0.3511,0.6201,0.8786,5.02,3.05,12150.73,352,526,425
2025-11-27,PUS01,10_1000_BROWN_38,PREMIUM CLOSE,38,10,15.14,0.66,11,0.3162,0.5915,0.8687,4.61,3.04,12145.93,491,527,426
2025-11-27,MAS01,21_1077_MAROON_40,PREMIUM CLOSE,40,8,18.67,0.43,12,0.2739,0.5332,0.8283,4.05,1.74,12144.37,868,1026,427
2025-11-27,KOS01,33_1161_BLUE-NAVY_38,OPEN,38,17,26.44,0.64,23,0.4608,0.7116,0.9141,6.31,4.06,12134.34,90,355,428
2025-11-27,AHS01,31_1147_WHITE_39,PREMIUM CLOSE,39,32,27.15,1.18,11,0.2252,0.4746,0.7917,3.44,4.05,12115.95,1199,359,429
2025-11-27,MUS01,27_1119_WHITE_42,CLOSE,42,32,25.97,1.23,15,0.2187,0.4419,0.7456,3.29,4.05,12111.09,1347,360,430
2025-11-27,COS01,29_1133_BROWN_40,BOYS CLOSE,40,20,32.94,0.61,16,0.2719,0.5111,0.7977,3.98,2.41,12048.65,990,734,431
2025-11-27,MAS01,12_1014_BROWN_38,CLOSE,38,20,28.0,0.71,18,0.2271,0.4426,0.7347,3.37,2.41,12006.95,1342,735,432
2025-11-27,CHS01,11_1007_TAN_37,PREMIUM CLOSE,37,7,20.63,0.34,21,0.3593,0.6056,0.8535,5.06,1.72,12004.84,410,1032,433
2025-11-27,KOS01,27_1119_ANTIC-GOLD_42,CLOSE,42,30,20.74,1.45,8,0.1695,0.4204,0.771,2.77,4.01,11992.84,1438,366,434
2025-11-27,PUS01,21_1077_BLUE-NAVY_37,PREMIUM CLOSE,37,7,16.33,0.43,9,0.2643,0.5442,0.8499,3.99,1.71,11957.58,798,1036,435
2025-11-27,HYS01,21_1077_BLUE-NAVY_39,PREMIUM CLOSE,39,14,27.03,0.52,13,0.2174,0.4503,0.762,3.3,1.71,11941.18,1310,1038,436
2025-11-27,CHS01,16_1042_TAN_40,OPEN,40,46,24.53,1.88,20,0.2965,0.531,0.8022,4.26,8.0,11913.07,881,73,437
2025-11-27,BES01,18_1056_BLACK_44,GIRLS_OPEN,44,15,24.0,0.62,5,0.1555,0.4454,0.818,2.72,1.7,11897.88,1330,1041,438
2025-11-27,KOS01,10_1000_BROWN_40,PREMIUM CLOSE,40,18,24.0,0.75,14,0.2687,0.5155,0.8079,3.96,2.97,11845.08,965,549,439
2025-11-27,CHS01,18_1056_ANTIC-GOLD_37,GIRLS_OPEN,37,8,23.58,0.34,20,0.3532,0.6004,0.8517,4.99,1.69,11833.57,435,1043,440
2025-11-27,BES01,22_1084_NAVY_39,CLOSE,39,29,24.61,1.18,21,0.2781,0.5048,0.7794,4.02,4.74,11797.04,1034,276,441
2025-11-27,BHS01,27_1119_ANTIC-GOLD_41,CLOSE,41,34,31.21,1.09,24,0.2483,0.4582,0.733,3.61,3.93,11763.71,1275,374,442
2025-11-27,CHS01,16_1042_TAN_38,OPEN,38,23,14.98,1.54,15,0.3627,0.6249,0.8764,5.14,7.89,11763.14,324,79,443
2025-11-27,KOS01,21_1077_MAROON_41,PREMIUM CLOSE,41,15,24.0,0.62,9,0.1658,0.4031,0.7486,2.69,1.68,11749.86,1514,1047,444
2025-11-27,HYS01,13_1021_BROWN_41,OPEN,41,29,19.11,1.52,18,0.3678,0.6217,0.8685,5.18,7.87,11723.33,340,80,445
2025-11-27,PUS01,23_1091_BROWN_42,OPEN,42,26,17.76,1.46,17,0.3801,0.638,0.88,5.34,7.82,11658.06,280,82,446
2025-11-27,CHS01,30_1140_WHITE_39,PREMIUM CLOSE,39,17,19.43,0.88,8,0.1619,0.408,0.7611,2.67,2.33,11648.26,1497,758,447
2025-11-27,INS01,18_1056_BLACK_37,GIRLS_OPEN,37,8,21.33,0.38,16,0.3078,0.5569,0.8308,4.44,1.66,11638.22,703,1056,448
2025-11-27,MAS01,29_1133_BROWN_42,BOYS CLOSE,42,10,23.33,0.43,27,0.3896,0.6321,0.8646,5.42,2.32,11596.93,296,764,449
2025-11-27,MAS01,18_1056_ANTIC-GOLD_41,GIRLS_OPEN,41,10,28.0,0.36,19,0.3253,0.5694,0.8324,4.64,1.66,11584.62,623,1061,450
2025-11-27,BHS01,21_1077_MAROON_41,PREMIUM CLOSE,41,13,26.96,0.48,12,0.2265,0.4695,0.7823,3.44,1.66,11580.94,1232,1064,451
2025-11-27,BHS01,29_1133_BROWN_42,BOYS CLOSE,42,32,25.24,1.27,6,0.0969,0.3171,0.7016,1.82,2.31,11509.03,1867,769,452
2025-11-27,BES01,11_1007_BLACK_39,PREMIUM CLOSE,39,15,38.18,0.39,29,0.2935,0.5127,0.773,4.19,1.65,11501.93,984,1066,453
2025-11-27,AHS01,17_1049_BLACK_42,CLOSE,42,37,27.26,1.36,21,0.2307,0.4395,0.7229,3.39,4.61,11470.92,1358,284,454
2025-11-27,PUS01,22_1084_NAVY_38,CLOSE,38,18,19.02,0.95,17,0.3415,0.5942,0.8532,4.86,4.6,11452.67,481,285,455
2025-11-27,AHS01,29_1133_BROWN_41,BOYS CLOSE,41,34,43.27,0.79,12,0.1877,0.4124,0.7353,2.92,2.29,11433.16,1481,775,456
2025-11-27,COS01,20_1070_ANTIC-GOLD_40,PREMIUM CLOSE,40,10,25.45,0.39,15,0.2854,0.5326,0.8167,4.16,1.64,11429.0,874,1071,457
2025-11-27,HYS01,20_1070_ANTIC-GOLD_43,PREMIUM CLOSE,43,9,25.2,0.36,21,0.3208,0.5594,0.8215,4.57,1.63,11414.19,683,1072,458
2025-11-27,AHS01,31_1147_MAROON_41,PREMIUM CLOSE,41,13,17.76,0.73,9,0.3626,0.6576,0.9102,5.21,3.82,11414.12,208,390,459
2025-11-27,BES01,13_1021_BROWN_41,OPEN,41,33,23.39,1.41,18,0.3863,0.6422,0.8809,5.41,7.64,11380.27,262,89,460
2025-11-27,PUS01,14_1028_ROSE-GOLD_40,OPEN,40,35,20.21,1.73,15,0.3031,0.5548,0.8322,4.39,7.6,11328.17,716,90,461
2025-11-27,MUS01,29_1133_BROWN_39,BOYS CLOSE,39,41,31.89,1.29,11,0.1035,0.2754,0.6036,1.75,2.25,11231.44,2008,790,462
2025-11-27,PUS01,21_1077_BLUE-NAVY_39,PREMIUM CLOSE,39,14,24.5,0.57,10,0.1766,0.4107,0.7472,2.81,1.61,11223.31,1487,1079,463
2025-11-27,AHS01,28_1126_TAN_40,GIRLS_OPEN,40,50,26.92,1.86,7,0.2644,0.5673,0.8747,4.05,7.53,11215.12,632,91,464
2025-11-27,CHS01,12_1014_ANTIC-GOLD_44,CLOSE,44,14,23.06,0.61,16,0.2507,0.4828,0.7756,3.7,2.25,11211.81,1157,792,465
2025-11-27,KOS01,33_1161_BLUE-NAVY_39,OPEN,39,20,20.36,0.98,12,0.2549,0.5083,0.8111,3.81,3.74,11182.0,1013,395,466
2025-11-27,MAS01,17_1049_BLACK_41,CLOSE,41,7,10.32,0.68,13,0.4828,0.7514,0.9417,6.61,4.49,11175.38,39,295,467
2025-11-27,SUS01,17_1049_BROWN_39,CLOSE,39,26,22.75,1.14,20,0.2694,0.4956,0.7742,3.91,4.47,11135.0,1084,297,468
2025-11-27,INS01,31_1147_ANTIC-GOLD_42,PREMIUM CLOSE,42,10,13.33,0.75,10,0.3437,0.6296,0.8931,4.96,3.72,11133.85,307,398,469
2025-11-27,PUS01,17_1049_BLACK_39,CLOSE,39,15,21.0,0.71,20,0.4557,0.7104,0.9157,6.26,4.47,11131.68,93,298,470
2025-11-27,COS01,13_1021_WHITE_39,OPEN,39,27,17.58,1.54,23,0.3442,0.5843,0.8362,4.86,7.47,11124.51,543,93,471
2025-11-27,HYS01,13_1021_BROWN_38,OPEN,38,19,14.78,1.29,21,0.4183,0.6709,0.8936,5.8,7.45,11107.31,168,94,472
2025-11-27,HYS01,13_1021_BROWN_40,OPEN,40,37,23.02,1.61,26,0.3258,0.5575,0.8127,4.62,7.42,11052.22,696,95,473
2025-11-27,AHS01,17_1049_BLACK_39,CLOSE,39,20,21.96,0.91,11,0.337,0.6153,0.8821,4.87,4.43,11036.18,369,303,474
2025-11-27,INS01,18_1056_ANTIC-GOLD_43,GIRLS_OPEN,43,7,21.78,0.32,16,0.3436,0.5997,0.8589,4.89,1.57,10993.68,440,1097,475
2025-11-27,CHS01,18_1056_ANTIC-GOLD_40,GIRLS_OPEN,40,40,27.32,1.46,4,0.0448,0.2215,0.6253,1.07,1.57,10974.62,2180,1098,476
2025-11-27,CHS01,33_1161_ROSE-GOLD_38,OPEN,38,26,24.27,1.07,16,0.2295,0.4532,0.7512,3.42,3.66,10957.26,1294,410,477
2025-11-27,SUS01,17_1049_BLACK_41,CLOSE,41,21,23.06,0.91,24,0.3416,0.5797,0.8316,4.83,4.39,10942.15,566,307,478
2025-11-27,BES01,31_1147_MAROON_41,PREMIUM CLOSE,41,24,24.44,0.98,7,0.2386,0.5341,0.8562,3.73,3.66,10940.07,861,412,479
2025-11-27,CHS01,28_1126_TAN_40,GIRLS_OPEN,40,37,29.6,1.25,26,0.4236,0.6705,0.8892,5.85,7.31,10895.04,170,97,480
2025-11-27,CHS01,12_1014_ANTIC-GOLD_41,CLOSE,41,108,33.41,3.23,6,0.0287,0.1393,0.4679,0.67,2.18,10873.23,2422,821,481
2025-11-27,CHS01,28_1126_BLUE-NAVY_38,GIRLS_OPEN,38,33,18.3,1.8,15,0.2764,0.521,0.8084,4.05,7.3,10873.15,932,98,482
2025-11-27,AHS01,31_1147_ANTIC-GOLD_38,PREMIUM CLOSE,38,15,22.11,0.68,17,0.3808,0.6387,0.8804,5.35,3.63,10857.54,273,422,483
2025-11-27,BHS01,18_1056_GREY_37,GIRLS_OPEN,37,8,26.35,0.3,30,0.3658,0.602,0.8418,5.12,1.55,10855.72,423,1106,484
2025-11-27,BES01,33_1161_ROSE-GOLD_39,OPEN,39,26,29.71,0.88,10,0.2782,0.5529,0.8501,4.15,3.63,10847.27,733,424,485
2025-11-27,HYS01,11_1007_BLACK_37,PREMIUM CLOSE,37,17,32.83,0.52,19,0.1999,0.3995,0.6911,2.99,1.55,10839.38,1534,1107,486
2025-11-27,COS01,12_1014_BROWN_42,CLOSE,42,24,19.48,1.23,5,0.0896,0.3191,0.7168,1.76,2.17,10838.94,1860,827,487
2025-11-27,MUS01,20_1070_ANTIC-GOLD_41,PREMIUM CLOSE,41,12,24.89,0.48,12,0.2098,0.4454,0.7632,3.21,1.55,10830.69,1331,1108,488
2025-11-27,HYS01,11_1007_TAN_43,PREMIUM CLOSE,43,6,21.0,0.29,25,0.3887,0.6332,0.867,5.42,1.55,10818.02,292,1109,489
2025-11-27,KOS01,11_1007_TAN_41,PREMIUM CLOSE,41,8,16.0,0.5,5,0.1829,0.4892,0.8458,3.1,1.55,10817.37,1123,1110,490
2025-11-27,MUS01,21_1077_BLUE-NAVY_43,PREMIUM CLOSE,43,8,21.33,0.38,13,0.2805,0.5359,0.8261,4.12,1.55,10810.55,851,1111,491
2025-11-27,KOS01,21_1077_MAROON_42,PREMIUM CLOSE,42,15,23.33,0.64,8,0.1424,0.3752,0.7333,2.4,1.54,10768.52,1659,1114,492
2025-11-27,PUS01,11_1007_TAN_39,PREMIUM CLOSE,39,15,27.1,0.55,12,0.1778,0.3971,0.7218,2.78,1.54,10765.84,1553,1115,493
2025-11-27,CHS01,10_1000_WHITE_38,PREMIUM CLOSE,38,13,22.75,0.57,21,0.3323,0.5735,0.8316,4.72,2.7,10760.37,595,629,494
2025-11-27,CHS01,27_1119_ANTIC-GOLD_40,CLOSE,40,40,25.17,1.59,11,0.1391,0.3404,0.6746,2.26,3.6,10757.15,1796,433,495
2025-11-27,HYS01,31_1147_ANTIC-GOLD_41,PREMIUM CLOSE,41,70,22.92,3.05,5,0.0539,0.2304,0.6201,1.18,3.6,10749.11,2164,434,496
2025-11-27,MAS01,30_1140_WHITE_39,PREMIUM CLOSE,39,1,4.0,0.25,5,0.6565,0.9064,0.9915,8.57,2.14,10695.84,1,840,497
2025-11-27,MAS01,18_1056_ANTIC-GOLD_38,GIRLS_OPEN,38,4,16.0,0.25,12,0.4406,0.7167,0.9288,6.12,1.53,10689.6,79,1118,498
2025-11-27,INS01,27_1119_ANTIC-GOLD_39,CLOSE,39,17,15.87,1.07,6,0.2035,0.501,0.8441,3.31,3.55,10612.06,1056,440,499
2025-11-27,MUS01,32_1154_MAROON_41,CLOSE,41,10,16.47,0.61,5,0.1384,0.416,0.7974,2.49,1.51,10547.06,1460,1126,500
2025-11-27,PUS01,21_1077_BLUE-NAVY_44,PREMIUM CLOSE,44,6,18.67,0.32,13,0.3248,0.5899,0.8609,4.69,1.51,10528.9,498,1128,501
2025-11-27,CHS01,16_1042_TAN_39,OPEN,39,49,24.72,1.98,19,0.241,0.4593,0.7463,3.55,7.03,10472.32,1268,111,502
2025-11-27,HYS01,17_1049_BLACK_40,CLOSE,40,29,29.53,0.98,27,0.3,0.5234,0.7845,4.28,4.2,10463.29,917,330,503
2025-11-27,AHS01,10_1000_ROSE-GOLD_44,PREMIUM CLOSE,44,8,18.67,0.43,17,0.4413,0.7018,0.9144,6.1,2.61,10423.23,111,658,504
2025-11-27,AHS01,29_1133_BROWN_43,BOYS CLOSE,43,14,29.04,0.48,12,0.2955,0.5603,0.8461,4.33,2.09,10418.32,674,851,505
2025-11-27,SUS01,11_1007_BLACK_42,PREMIUM CLOSE,42,4,11.79,0.34,6,0.2886,0.6107,0.9022,4.39,1.49,10412.24,384,1136,506
2025-11-27,HYS01,18_1056_BLACK_43,GIRLS_OPEN,43,14,31.36,0.45,16,0.223,0.4439,0.7431,3.33,1.49,10401.41,1338,1137,507
2025-11-27,AHS01,14_1028_ROSE-GOLD_41,OPEN,41,48,26.61,1.8,21,0.2658,0.4883,0.7658,3.86,6.96,10369.85,1129,113,508
2025-11-27,AHS01,33_1161_BLUE-NAVY_42,OPEN,42,20,25.45,0.79,19,0.3074,0.5473,0.8166,4.41,3.47,10364.39,772,453,509
2025-11-27,MUS01,18_1056_BLACK_39,GIRLS_OPEN,39,37,17.41,2.12,0,0.0138,0.1853,0.6603,0.7,1.48,10324.46,2289,1145,510
2025-11-27,HYS01,26_1112_WHITE_38,OPEN,38,25,17.72,1.41,5,0.0936,0.3278,0.7251,1.82,2.57,10270.91,1838,669,511
2025-11-27,AHS01,18_1056_GREY_37,GIRLS_OPEN,37,13,34.67,0.38,13,0.2644,0.515,0.8115,3.92,1.47,10265.7,970,1147,512
2025-11-27,SUS01,26_1112_WHITE_37,OPEN,37,10,20.74,0.48,32,0.3834,0.6212,0.854,5.34,2.57,10264.81,341,671,513
2025-11-27,COS01,12_1014_ROSE-GOLD_44,CLOSE,44,10,20.0,0.5,11,0.2762,0.5428,0.839,4.1,2.05,10232.11,804,868,514
2025-11-27,AHS01,12_1014_ROSE-GOLD_38,CLOSE,38,29,19.33,1.5,3,0.0568,0.2809,0.7102,1.37,2.05,10229.27,1993,870,515
2025-11-27,PUS01,11_1007_BLACK_41,PREMIUM CLOSE,41,14,25.29,0.55,11,0.1662,0.3858,0.7182,2.64,1.46,10226.35,1610,1149,516
2025-11-27,SUS01,20_1070_ANTIC-GOLD_42,PREMIUM CLOSE,42,6,19.76,0.3,15,0.3368,0.5954,0.8586,4.82,1.46,10221.34,475,1151,517
2025-11-27,AHS01,10_1000_WHITE_41,PREMIUM CLOSE,41,23,20.44,1.12,5,0.1239,0.3892,0.7773,2.28,2.56,10220.22,1590,676,518
2025-11-27,KOS01,10_1000_WHITE_41,PREMIUM CLOSE,41,12,18.67,0.64,10,0.2654,0.5366,0.8399,3.98,2.56,10213.98,845,678,519
2025-11-27,CHS01,30_1140_WHITE_38,PREMIUM CLOSE,38,8,21.33,0.38,24,0.3916,0.6376,0.8707,5.46,2.05,10208.86,283,871,520
2025-11-27,BHS01,18_1056_BLACK_42,GIRLS_OPEN,42,18,34.76,0.52,15,0.1839,0.3899,0.6983,2.82,1.46,10201.81,1588,1152,521
2025-11-27,CHS01,32_1154_MAROON_38,CLOSE,38,7,17.04,0.41,8,0.2278,0.5067,0.8326,3.55,1.46,10193.54,1020,1153,522
2025-11-27,KOS01,14_1028_ROSE-GOLD_39,OPEN,39,28,17.82,1.57,10,0.294,0.5723,0.8617,4.35,6.83,10175.63,605,117,523
2025-11-27,MUS01,33_1161_BLUE-NAVY_42,OPEN,42,19,20.86,0.91,14,0.2516,0.4927,0.7909,3.74,3.4,10171.18,1104,463,524
2025-11-27,CHS01,16_1042_ANTIC-GOLD_39,OPEN,39,36,21.45,1.68,20,0.2811,0.511,0.7867,4.06,6.82,10166.76,991,118,525
2025-11-27,AHS01,32_1154_MAROON_39,CLOSE,39,4,17.23,0.23,30,0.4575,0.703,0.906,6.26,1.45,10160.72,108,1155,526
2025-11-27,AHS01,31_1147_MAROON_42,PREMIUM CLOSE,42,14,22.4,0.62,15,0.3859,0.6502,0.8907,5.43,3.39,10144.02,231,464,527
2025-11-27,MAS01,21_1077_BLUE-NAVY_44,PREMIUM CLOSE,44,1,5.6,0.18,7,0.6129,0.8718,0.9841,8.12,1.45,10137.66,2,1157,528
2025-11-27,CHS01,19_1063_MAROON_37,BOYS CLOSE,37,3,14.0,0.21,22,0.498,0.7483,0.9327,6.77,1.45,10135.74,42,1158,529
2025-11-27,SUS01,17_1049_BROWN_42,CLOSE,42,16,18.67,0.86,19,0.3327,0.5783,0.8386,4.73,4.06,10105.23,571,354,530
2025-11-27,BES01,18_1056_ANTIC-GOLD_44,GIRLS_OPEN,44,14,32.67,0.43,7,0.2106,0.4956,0.8327,3.36,1.44,10068.61,1086,1166,531
2025-11-27,MAS01,28_1126_TAN_40,GIRLS_OPEN,40,21,17.55,1.2,13,0.4008,0.6734,0.9068,5.63,6.73,10031.89,164,122,532
2025-11-27,COS01,11_1007_BLACK_42,PREMIUM CLOSE,42,7,14.0,0.5,4,0.1609,0.4773,0.8486,2.87,1.43,10027.28,1187,1172,533
2025-11-27,BHS01,12_1014_ANTIC-GOLD_41,CLOSE,41,27,15.92,1.7,1,0.0368,0.2735,0.7397,1.18,2.01,10020.79,2015,889,534
2025-11-27,CHS01,28_1126_ROSE-GOLD_38,GIRLS_OPEN,38,29,22.25,1.3,25,0.3676,0.6091,0.851,5.15,6.72,10005.52,390,124,535
2025-11-27,BHS01,28_1126_ROSE-GOLD_42,GIRLS_OPEN,42,15,13.55,1.11,14,0.437,0.7058,0.9205,6.06,6.71,9996.62,104,126,536
2025-11-27,PUS01,18_1056_GREY_40,GIRLS_OPEN,40,42,29.04,1.45,6,0.0457,0.1926,0.5536,0.99,1.43,9988.88,2260,1176,537
2025-11-27,PUS01,11_1007_BLACK_43,PREMIUM CLOSE,43,17,29.75,0.57,14,0.1583,0.354,0.6682,2.48,1.42,9903.15,1743,1182,538
2025-11-27,SUS01,33_1161_ROSE-GOLD_42,OPEN,42,16,21.85,0.73,22,0.3165,0.5521,0.8144,4.51,3.3,9877.56,739,477,539
2025-11-27,MAS01,12_1014_ROSE-GOLD_39,CLOSE,39,33,23.1,1.43,3,0.0577,0.2836,0.713,1.38,1.98,9861.36,1985,903,540
2025-11-27,MUS01,14_1028_WHITE_40,OPEN,40,50,20.9,2.39,11,0.175,0.3999,0.7308,2.76,6.61,9856.02,1533,128,541
2025-11-27,PUS01,18_1056_ANTIC-GOLD_38,GIRLS_OPEN,38,27,23.62,1.14,4,0.0536,0.2484,0.658,1.23,1.41,9854.09,2104,1185,542
2025-11-27,CHS01,10_1000_WHITE_39,PREMIUM CLOSE,39,22,28.65,0.77,16,0.2138,0.4306,0.7314,3.21,2.47,9836.98,1398,710,543
2025-11-27,PUS01,27_1119_WHITE_38,CLOSE,38,21,20.63,1.02,11,0.2096,0.4524,0.7746,3.23,3.29,9836.02,1297,479,544
2025-11-27,SUS01,10_1000_WHITE_41,PREMIUM CLOSE,41,14,23.76,0.59,19,0.2894,0.5245,0.7995,4.18,2.46,9828.38,913,712,545
2025-11-27,SUS01,17_1049_BROWN_40,CLOSE,40,31,19.95,1.55,10,0.157,0.3791,0.7195,2.54,3.95,9824.92,1642,373,546
2025-11-27,PUS01,14_1028_ROSE-GOLD_42,OPEN,42,36,21.45,1.68,15,0.2672,0.5089,0.7994,3.93,6.59,9819.65,1006,129,547
2025-11-27,MAS01,18_1056_ANTIC-GOLD_43,GIRLS_OPEN,43,8,28.0,0.29,32,0.3502,0.5818,0.8256,4.91,1.4,9814.13,554,1189,548
2025-11-27,INS01,20_1070_ANTIC-GOLD_40,PREMIUM CLOSE,40,7,23.06,0.3,17,0.3228,0.5718,0.8384,4.62,1.4,9807.93,606,1191,549
2025-11-27,AHS01,16_1042_ANTIC-GOLD_40,OPEN,40,42,28.34,1.48,16,0.3074,0.5564,0.8304,4.44,6.57,9794.5,707,131,550
2025-11-27,HYS01,11_1007_BLACK_42,PREMIUM CLOSE,42,23,24.3,0.95,7,0.0776,0.2604,0.628,1.48,1.4,9761.06,2069,1195,551
2025-11-27,BHS01,28_1126_BLUE-NAVY_41,GIRLS_OPEN,41,41,24.43,1.68,20,0.2686,0.4945,0.7733,3.9,6.55,9758.92,1092,132,552
2025-11-27,PUS01,31_1147_MAROON_41,PREMIUM CLOSE,41,23,19.82,1.16,10,0.1765,0.4105,0.7471,2.81,3.26,9746.53,1488,485,553
2025-11-27,BHS01,17_1049_BROWN_39,CLOSE,39,26,22.75,1.14,16,0.2295,0.4532,0.7512,3.42,3.91,9733.76,1293,378,554
2025-11-27,PUS01,17_1049_BROWN_41,CLOSE,41,55,28.26,1.95,12,0.1224,0.3039,0.6282,2.01,3.9,9721.67,1916,380,555
2025-11-27,KOS01,21_1077_MAROON_40,PREMIUM CLOSE,40,10,28.0,0.36,14,0.2629,0.5078,0.8023,3.88,1.39,9691.96,1017,1202,556
2025-11-27,MAS01,32_1154_MAROON_42,CLOSE,42,3,14.0,0.21,16,0.4713,0.7328,0.9302,6.46,1.38,9679.92,57,1205,557
2025-11-27,SUS01,12_1014_ANTIC-GOLD_42,CLOSE,42,29,18.45,1.57,4,0.0537,0.2485,0.6581,1.23,1.94,9676.6,2103,918,558
2025-11-27,HYS01,10_1000_WHITE_41,PREMIUM CLOSE,41,11,18.12,0.61,10,0.2662,0.5377,0.8406,3.99,2.42,9673.08,842,726,559
2025-11-27,MAS01,21_1077_BLUE-NAVY_38,PREMIUM CLOSE,38,4,17.23,0.23,19,0.4308,0.6871,0.9046,5.96,1.38,9668.24,131,1207,560
2025-11-27,BES01,33_1161_BLUE-NAVY_40,OPEN,40,33,22.54,1.46,4,0.1142,0.3928,0.7924,2.21,3.23,9659.96,1574,497,561
2025-11-27,HYS01,18_1056_BLACK_37,GIRLS_OPEN,37,8,24.89,0.32,16,0.2961,0.5423,0.8206,4.29,1.38,9639.11,811,1211,562
2025-11-27,CHS01,14_1028_NAVY_39,OPEN,39,37,22.04,1.68,17,0.2622,0.4947,0.7818,3.84,6.45,9608.77,1090,135,563
2025-11-27,BES01,23_1091_BROWN_41,OPEN,41,31,21.17,1.46,7,0.291,0.5994,0.8912,4.39,6.42,9568.54,443,137,564
2025-11-27,BHS01,12_1014_ROSE-GOLD_37,CLOSE,37,14,17.42,0.8,5,0.1313,0.4029,0.7878,2.38,1.91,9555.12,1515,930,565
2025-11-27,CHS01,32_1154_MAROON_40,CLOSE,40,10,43.08,0.23,31,0.4262,0.6696,0.886,5.87,1.36,9530.46,173,1220,566
2025-11-27,AHS01,25_1105_MAROON_41,PREMIUM OPEN,41,15,15.56,0.96,12,0.4807,0.7531,0.9437,6.59,6.36,9474.98,37,143,567
2025-11-27,PUS01,10_1000_ROSE-GOLD_42,PREMIUM CLOSE,42,13,26.0,0.5,18,0.3331,0.5814,0.8427,4.75,2.37,9470.15,556,744,568
2025-11-27,MUS01,18_1056_BLACK_44,GIRLS_OPEN,44,8,26.35,0.3,19,0.3095,0.5499,0.8185,4.44,1.35,9418.92,753,1229,569
2025-11-27,KOS01,24_1098_MAROON_41,OPEN,41,14,24.5,0.57,14,0.2819,0.5326,0.8201,4.13,2.36,9414.26,872,748,570
2025-11-27,BES01,33_1161_ROSE-GOLD_38,OPEN,38,20,30.27,0.66,15,0.3326,0.5904,0.8555,4.76,3.15,9410.69,495,510,571
2025-11-27,HYS01,30_1140_WHITE_41,PREMIUM CLOSE,41,22,34.22,0.64,18,0.1943,0.3942,0.6895,2.93,1.88,9391.29,1564,944,572
2025-11-27,MUS01,20_1070_ANTIC-GOLD_39,PREMIUM CLOSE,39,22,35.2,0.62,14,0.134,0.313,0.6245,2.14,1.34,9342.11,1883,1235,573
2025-11-27,COS01,17_1049_MAROON_40,CLOSE,40,26,28.0,0.93,26,0.2799,0.4983,0.7648,4.02,3.73,9294.46,1069,396,574
2025-11-27,MAS01,30_1140_WHITE_40,PREMIUM CLOSE,40,13,26.96,0.48,19,0.2649,0.4921,0.774,3.86,1.86,9288.23,1108,953,575
2025-11-27,HYS01,33_1161_ROSE-GOLD_44,OPEN,44,8,14.93,0.54,19,0.4177,0.6737,0.8973,5.8,3.11,9287.24,163,518,576
2025-11-27,INS01,11_1007_TAN_42,PREMIUM CLOSE,42,10,15.56,0.64,4,0.1045,0.373,0.7772,2.06,1.33,9263.57,1672,1246,577
2025-11-27,AHS01,18_1056_GREY_44,GIRLS_OPEN,44,12,29.22,0.41,8,0.2008,0.4683,0.8068,3.2,1.31,9172.6,1238,1252,578
2025-11-27,BHS01,12_1014_BROWN_37,CLOSE,37,10,23.33,0.43,17,0.2961,0.5388,0.8153,4.28,1.83,9155.04,832,972,579
2025-11-27,AHS01,13_1021_BROWN_38,OPEN,38,18,18.0,1.0,14,0.4439,0.7124,0.9236,6.14,6.14,9152.92,88,151,580
2025-11-27,MUS01,24_1098_MAROON_42,OPEN,42,11,21.24,0.52,17,0.3069,0.5524,0.825,4.42,2.29,9132.94,737,777,581
2025-11-27,BHS01,21_1077_MAROON_37,PREMIUM CLOSE,37,4,18.67,0.21,30,0.4441,0.6892,0.8982,6.1,1.31,9132.64,127,1255,582
2025-11-27,BES01,11_1007_BLACK_42,PREMIUM CLOSE,42,9,33.6,0.27,16,0.3423,0.5982,0.858,4.88,1.31,9131.91,458,1256,583
2025-11-27,PUS01,28_1126_TAN_40,GIRLS_OPEN,40,31,22.26,1.39,11,0.2996,0.5717,0.8571,4.4,6.13,9128.73,608,154,584
2025-11-27,CHS01,14_1028_ROSE-GOLD_39,OPEN,39,23,19.52,1.18,17,0.3683,0.6249,0.8723,5.2,6.12,9124.81,325,155,585
2025-11-27,COS01,33_1161_BLUE-NAVY_40,OPEN,40,20,21.54,0.93,9,0.2094,0.4697,0.8005,3.28,3.04,9100.75,1230,528,586
2025-11-27,BES01,17_1049_BLACK_41,CLOSE,41,26,30.33,0.86,10,0.2874,0.5642,0.8569,4.26,3.65,9096.56,650,413,587
2025-11-27,HYS01,20_1070_ANTIC-GOLD_39,PREMIUM CLOSE,39,11,23.69,0.46,9,0.1741,0.4163,0.7595,2.8,1.3,9095.99,1458,1259,588
2025-11-27,COS01,29_1133_BROWN_43,BOYS CLOSE,43,11,20.53,0.54,9,0.2186,0.4829,0.8099,3.4,1.82,9088.64,1155,979,589
2025-11-27,KOS01,21_1077_BLUE-NAVY_43,PREMIUM CLOSE,43,6,21.0,0.29,12,0.3128,0.5812,0.859,4.55,1.3,9084.11,560,1264,590
2025-11-27,HYS01,18_1056_BLACK_39,GIRLS_OPEN,39,36,22.4,1.61,2,0.0249,0.1906,0.6222,0.81,1.3,9067.61,2269,1268,591
2025-11-27,HYS01,30_1140_WHITE_43,PREMIUM CLOSE,43,8,21.33,0.38,18,0.3405,0.5902,0.8485,4.84,1.82,9057.0,496,983,592
2025-11-27,BES01,32_1154_MAROON_41,CLOSE,41,7,16.33,0.43,3,0.1657,0.5126,0.8782,3.02,1.3,9053.04,986,1271,593
2025-11-27,CHS01,28_1126_BLUE-NAVY_39,GIRLS_OPEN,39,41,24.17,1.7,17,0.2424,0.4675,0.7596,3.58,6.07,9050.68,1242,159,594
2025-11-27,PUS01,17_1049_BROWN_42,CLOSE,42,22,21.61,1.02,14,0.2387,0.4751,0.7773,3.57,3.63,9039.68,1196,423,595
2025-11-27,AHS01,14_1028_NAVY_40,OPEN,40,29,23.88,1.21,15,0.3501,0.6107,0.868,4.98,6.05,9016.41,385,161,596
2025-11-27,BES01,17_1049_BROWN_39,CLOSE,39,34,34.0,1.0,11,0.2379,0.4923,0.8046,3.61,3.61,8977.23,1107,431,597
2025-11-27,CHS01,27_1119_WHITE_41,CLOSE,41,35,20.85,1.68,6,0.0947,0.3123,0.697,1.79,3.0,8959.25,1886,542,598
2025-11-27,KOS01,30_1140_WHITE_40,PREMIUM CLOSE,40,14,20.63,0.68,7,0.1573,0.4137,0.7749,2.64,1.79,8952.31,1472,997,599
2025-11-27,MUS01,24_1098_MAROON_41,OPEN,41,10,20.74,0.48,16,0.3232,0.5757,0.8434,4.64,2.24,8919.42,584,798,600
2025-11-27,MAS01,18_1056_BLACK_40,GIRLS_OPEN,40,8,32.0,0.25,31,0.3637,0.5988,0.8388,5.09,1.27,8891.45,451,1280,601
2025-11-27,PUS01,28_1126_TAN_41,GIRLS_OPEN,41,26,19.41,1.34,13,0.3064,0.5681,0.8473,4.45,5.97,8889.81,627,169,602
2025-11-27,INS01,18_1056_ANTIC-GOLD_37,GIRLS_OPEN,37,11,29.33,0.38,16,0.2263,0.4486,0.7472,3.38,1.27,8852.99,1320,1285,603
2025-11-27,AHS01,17_1049_BLACK_38,CLOSE,38,23,21.83,1.05,7,0.2116,0.497,0.8336,3.37,3.56,8852.2,1077,439,604
2025-11-27,PUS01,11_1007_BLACK_39,PREMIUM CLOSE,39,22,27.38,0.8,8,0.0863,0.2674,0.6241,1.57,1.26,8833.32,2042,1287,605
2025-11-27,PUS01,27_1119_WHITE_39,CLOSE,39,29,28.0,1.04,13,0.1841,0.4006,0.719,2.85,2.95,8827.18,1526,553,606
2025-11-27,CHS01,21_1077_BLUE-NAVY_44,PREMIUM CLOSE,44,5,28.0,0.18,34,0.5242,0.7661,0.9377,7.07,1.26,8824.82,27,1289,607
2025-11-27,CHS01,26_1112_WHITE_44,OPEN,44,16,29.87,0.54,24,0.2872,0.511,0.7787,4.12,2.21,8812.68,994,808,608
2025-11-27,CHS01,10_1000_WHITE_41,PREMIUM CLOSE,41,14,21.78,0.64,11,0.2244,0.4735,0.7908,3.43,2.2,8791.95,1205,812,609
2025-11-27,HYS01,24_1098_MAROON_41,OPEN,41,12,23.17,0.52,16,0.2933,0.5388,0.8181,4.25,2.2,8790.85,833,813,610
2025-11-27,AHS01,10_1000_WHITE_39,PREMIUM CLOSE,39,13,25.1,0.52,9,0.2849,0.5699,0.8651,4.25,2.2,8787.53,617,814,611
2025-11-27,MUS01,33_1161_ROSE-GOLD_42,OPEN,42,19,24.74,0.77,18,0.2612,0.49,0.775,3.82,2.93,8768.91,1116,558,612
2025-11-27,SUS01,17_1049_BLACK_40,CLOSE,40,27,27.0,1.0,17,0.2373,0.4605,0.7537,3.51,3.51,8749.67,1263,447,613
2025-11-27,CHS01,16_1042_ANTIC-GOLD_40,OPEN,40,25,20.0,1.25,19,0.3298,0.5748,0.8362,4.7,5.87,8749.66,589,175,614
2025-11-27,CHS01,33_1161_ROSE-GOLD_39,OPEN,39,20,28.0,0.71,23,0.2847,0.5094,0.7792,4.1,2.93,8745.82,1002,559,615
2025-11-27,CHS01,24_1098_MAROON_39,OPEN,39,8,17.92,0.45,14,0.3435,0.607,0.8683,4.91,2.19,8745.69,405,817,616
2025-11-27,PUS01,17_1049_BLACK_37,CLOSE,37,10,21.54,0.46,28,0.5639,0.8025,0.9544,7.55,3.5,8725.76,11,448,617
2025-11-27,CHS01,26_1112_WHITE_42,OPEN,42,18,19.76,0.91,7,0.1392,0.3827,0.7497,2.39,2.18,8684.12,1620,823,618
2025-11-27,CHS01,27_1119_ANTIC-GOLD_42,CLOSE,42,31,27.12,1.14,11,0.1588,0.3738,0.707,2.54,2.9,8681.66,1668,563,619
2025-11-27,AHS01,25_1105_BLACK_41,PREMIUM OPEN,41,34,26.44,1.29,13,0.3123,0.5752,0.8518,4.53,5.82,8677.2,586,177,620
2025-11-27,SUS01,33_1161_ROSE-GOLD_41,OPEN,41,22,22.0,1.0,11,0.1846,0.4149,0.7438,2.9,2.9,8656.32,1466,565,621
2025-11-27,COS01,17_1049_BROWN_38,CLOSE,38,19,20.46,0.93,16,0.2538,0.4869,0.7789,3.74,3.47,8649.37,1137,452,622
2025-11-27,PUS01,11_1007_BLACK_42,PREMIUM CLOSE,42,19,25.33,0.75,8,0.0912,0.2778,0.6361,1.65,1.24,8637.02,2002,1309,623
2025-11-27,KOS01,30_1140_WHITE_41,PREMIUM CLOSE,41,7,26.13,0.27,30,0.4738,0.7194,0.915,6.46,1.73,8636.05,72,1031,624
2025-11-27,HYS01,24_1098_MAROON_42,OPEN,42,5,14.74,0.34,20,0.4644,0.7189,0.9199,6.36,2.16,8616.03,74,833,625
2025-11-27,AHS01,23_1091_BLUE-NAVY_42,OPEN,42,20,18.67,1.07,19,0.385,0.6386,0.8772,5.39,5.78,8609.77,274,181,626
2025-11-27,PUS01,22_1084_NAVY_41,CLOSE,41,34,18.31,1.86,5,0.096,0.333,0.7298,1.86,3.46,8608.83,1817,454,627
2025-11-27,CHS01,28_1126_ROSE-GOLD_39,GIRLS_OPEN,39,33,21.0,1.57,14,0.2471,0.4866,0.7863,3.68,5.78,8608.53,1138,182,628
2025-11-27,KOS01,31_1147_WHITE_37,PREMIUM CLOSE,37,10,18.67,0.54,16,0.3818,0.6426,0.8845,5.37,2.88,8601.78,260,569,629
2025-11-27,BES01,28_1126_ROSE-GOLD_42,GIRLS_OPEN,42,37,28.38,1.3,17,0.3052,0.5502,0.8235,4.4,5.73,8541.77,750,184,630
2025-11-27,KOS01,16_1042_ANTIC-GOLD_41,OPEN,41,22,19.87,1.11,15,0.365,0.6274,0.8778,5.17,5.72,8526.91,315,186,631
2025-11-27,BES01,24_1098_WHITE_42,OPEN,42,8,16.59,0.48,5,0.2884,0.6275,0.9153,4.43,2.14,8524.41,313,842,632
2025-11-27,PUS01,18_1056_ANTIC-GOLD_37,GIRLS_OPEN,37,14,20.1,0.7,5,0.0886,0.3168,0.7146,1.75,1.22,8503.62,1870,1321,633
2025-11-27,AHS01,27_1119_WHITE_39,CLOSE,39,27,22.24,1.21,5,0.1284,0.3976,0.7838,2.34,2.84,8500.84,1550,581,634
2025-11-27,KOS01,33_1161_BLUE-NAVY_41,OPEN,41,28,23.06,1.21,8,0.1385,0.3684,0.7273,2.34,2.84,8500.45,1692,582,635
2025-11-27,PUS01,31_1147_MAROON_40,PREMIUM CLOSE,40,38,20.27,1.88,6,0.0774,0.2739,0.6567,1.52,2.84,8498.24,2011,583,636
2025-11-27,COS01,31_1147_MAROON_41,PREMIUM CLOSE,41,13,22.75,0.57,27,0.3513,0.5875,0.8339,4.94,2.82,8437.74,523,588,637
2025-11-27,INS01,27_1119_ANTIC-GOLD_41,CLOSE,41,12,19.2,0.62,15,0.3128,0.5667,0.8402,4.51,2.82,8433.17,637,590,638
2025-11-27,INS01,18_1056_ANTIC-GOLD_38,GIRLS_OPEN,38,19,22.17,0.86,4,0.0636,0.2763,0.6889,1.41,1.21,8430.81,2007,1327,639
2025-11-27,SUS01,17_1049_MAROON_41,CLOSE,41,15,15.0,1.0,6,0.2088,0.5086,0.8487,3.38,3.38,8421.65,1009,465,640
2025-11-27,MAS01,29_1133_BROWN_43,BOYS CLOSE,43,7,19.6,0.36,15,0.3295,0.5868,0.8532,4.72,1.69,8419.8,526,1044,641
2025-11-27,MUS01,16_1042_TAN_39,OPEN,39,26,20.51,1.27,20,0.3111,0.5495,0.8161,4.45,5.65,8412.19,758,191,642
2025-11-27,HYS01,18_1056_BLACK_42,GIRLS_OPEN,42,29,23.88,1.21,4,0.0404,0.2075,0.6069,0.99,1.2,8405.77,2218,1333,643
2025-11-27,SUS01,20_1070_ANTIC-GOLD_40,PREMIUM CLOSE,40,6,19.76,0.3,10,0.2635,0.5342,0.8384,3.96,1.2,8399.67,860,1334,644
2025-11-27,COS01,31_1147_ANTIC-GOLD_42,PREMIUM CLOSE,42,8,17.23,0.46,28,0.4401,0.6863,0.8974,6.05,2.81,8399.35,133,596,645
2025-11-27,SUS01,12_1014_ANTIC-GOLD_43,CLOSE,43,24,20.06,1.2,6,0.0704,0.2573,0.6377,1.4,1.68,8375.98,2079,1049,646
2025-11-27,MAS01,29_1133_BROWN_41,BOYS CLOSE,41,9,19.38,0.46,8,0.2326,0.5133,0.8368,3.61,1.68,8370.65,981,1050,647
2025-11-27,AHS01,20_1070_ANTIC-GOLD_42,PREMIUM CLOSE,42,8,28.0,0.29,9,0.2799,0.5638,0.8616,4.19,1.2,8368.48,654,1340,648
2025-11-27,HYS01,11_1007_TAN_42,PREMIUM CLOSE,42,11,25.67,0.43,10,0.1753,0.4086,0.7455,2.79,1.2,8363.34,1495,1342,649
2025-11-27,BHS01,12_1014_ANTIC-GOLD_43,CLOSE,43,18,31.5,0.57,17,0.1938,0.3969,0.6961,2.93,1.67,8355.1,1555,1051,650
2025-11-27,MUS01,14_1028_WHITE_41,OPEN,41,29,21.37,1.36,17,0.2842,0.5237,0.8041,4.13,5.6,8347.37,915,196,651
2025-11-27,AHS01,25_1105_BLACK_39,PREMIUM OPEN,39,30,24.0,1.25,23,0.3145,0.5478,0.8095,4.48,5.6,8346.72,768,197,652
2025-11-27,CHS01,32_1154_MAROON_41,CLOSE,41,9,29.65,0.3,17,0.2692,0.504,0.7891,3.93,1.19,8346.35,1035,1344,653
2025-11-27,MUS01,20_1070_ANTIC-GOLD_38,PREMIUM CLOSE,38,9,25.2,0.36,12,0.2194,0.4593,0.7744,3.34,1.19,8342.52,1269,1346,654
2025-11-27,MAS01,12_1014_BROWN_39,CLOSE,39,16,26.35,0.61,8,0.168,0.4179,0.7691,2.75,1.67,8338.21,1451,1053,655
2025-11-27,MAS01,10_1000_ROSE-GOLD_40,PREMIUM CLOSE,40,13,28.0,0.46,27,0.3167,0.5449,0.8018,4.5,2.09,8328.09,793,853,656
2025-11-27,INS01,18_1056_ANTIC-GOLD_41,GIRLS_OPEN,41,26,24.68,1.05,4,0.0478,0.2309,0.6371,1.13,1.19,8306.63,2163,1348,657
2025-11-27,BHS01,16_1042_BLUE-NAVY_40,OPEN,40,14,15.37,0.91,26,0.445,0.6929,0.9022,6.11,5.57,8296.36,123,201,658
2025-11-27,BHS01,18_1056_GREY_39,GIRLS_OPEN,39,19,31.29,0.61,8,0.1116,0.3188,0.6801,1.95,1.19,8287.96,1862,1351,659
2025-11-27,BHS01,16_1042_BLUE-NAVY_39,OPEN,39,19,15.42,1.23,11,0.3085,0.5824,0.8634,4.51,5.56,8280.76,552,204,660
2025-11-27,MUS01,16_1042_TAN_41,OPEN,41,46,25.76,1.79,15,0.2047,0.4214,0.7276,3.1,5.54,8247.99,1434,209,661
2025-11-27,HYS01,19_1063_MAROON_42,BOYS CLOSE,42,8,26.35,0.3,14,0.2625,0.5074,0.8019,3.88,1.18,8229.43,1018,1355,662
2025-11-27,CHS01,25_1105_BROWN_41,PREMIUM OPEN,41,16,16.29,0.98,21,0.404,0.6556,0.8847,5.62,5.52,8225.21,215,210,663
2025-11-27,BHS01,33_1161_BLUE-NAVY_41,OPEN,41,14,23.06,0.61,14,0.313,0.5712,0.8461,4.53,2.75,8216.11,612,611,664
2025-11-27,KOS01,31_1147_WHITE_40,PREMIUM CLOSE,40,15,20.49,0.73,12,0.2496,0.5012,0.806,3.74,2.74,8184.97,1051,615,665
2025-11-27,MUS01,18_1056_BLACK_38,GIRLS_OPEN,38,27,24.79,1.09,5,0.048,0.2136,0.5984,1.07,1.17,8177.56,2205,1360,666
2025-11-27,BHS01,18_1056_GREY_40,GIRLS_OPEN,40,24,18.41,1.3,1,0.0247,0.218,0.6792,0.9,1.17,8169.18,2187,1362,667
2025-11-27,HYS01,21_1077_MAROON_37,PREMIUM CLOSE,37,5,20.0,0.25,13,0.3237,0.5887,0.8602,4.67,1.17,8166.26,511,1363,668
2025-11-27,CHS01,27_1119_WHITE_42,CLOSE,42,18,21.0,0.86,9,0.2018,0.4587,0.7924,3.18,2.72,8142.69,1273,621,669
2025-11-27,BES01,11_1007_BLACK_40,PREMIUM CLOSE,40,23,28.62,0.8,4,0.0658,0.2823,0.6952,1.45,1.16,8117.38,1991,1366,670
2025-11-27,AHS01,32_1154_MAROON_42,CLOSE,42,8,29.87,0.27,21,0.3013,0.5349,0.8032,4.32,1.16,8090.02,856,1372,671
2025-11-27,CHS01,27_1119_WHITE_39,CLOSE,39,37,32.38,1.14,13,0.1489,0.3438,0.6639,2.36,2.7,8075.97,1779,626,672
2025-11-27,BES01,28_1126_ROSE-GOLD_41,GIRLS_OPEN,41,36,21.68,1.66,5,0.1955,0.5081,0.8569,3.26,5.42,8072.65,1015,216,673
2025-11-27,INS01,10_1000_BROWN_42,PREMIUM CLOSE,42,13,25.1,0.52,18,0.2676,0.4986,0.7819,3.9,2.02,8065.02,1065,881,674
2025-11-27,CHS01,17_1049_MAROON_41,CLOSE,41,27,17.18,1.57,4,0.1044,0.3728,0.7771,2.06,3.24,8062.32,1674,493,675
2025-11-27,MAS01,32_1154_MAROON_41,CLOSE,41,7,28.0,0.25,24,0.3251,0.5594,0.8168,4.61,1.15,8061.54,684,1376,676
2025-11-27,AHS01,14_1028_ROSE-GOLD_38,OPEN,38,16,18.67,0.86,16,0.4583,0.7206,0.9246,6.31,5.4,8053.2,66,217,677
2025-11-27,KOS01,24_1098_MAROON_39,OPEN,39,12,18.67,0.64,8,0.1963,0.4616,0.802,3.13,2.02,8039.85,1257,884,678
2025-11-27,HYS01,28_1126_TAN_38,GIRLS_OPEN,38,26,20.22,1.29,15,0.2879,0.5358,0.819,4.19,5.39,8036.1,852,219,679
2025-11-27,HYS01,19_1063_MAROON_40,BOYS CLOSE,40,26,26.96,0.96,6,0.0575,0.2248,0.5978,1.19,1.15,8022.9,2174,1378,680
2025-11-27,AHS01,10_1000_WHITE_43,PREMIUM CLOSE,43,8,22.4,0.36,18,0.4029,0.6601,0.8911,5.62,2.01,8007.97,201,890,681
2025-11-27,KOS01,11_1007_TAN_44,PREMIUM CLOSE,44,3,18.67,0.16,30,0.5288,0.7714,0.9407,7.13,1.15,8007.19,24,1382,682
2025-11-27,CHS01,28_1126_TAN_39,GIRLS_OPEN,39,43,27.68,1.55,18,0.2335,0.4517,0.7427,3.45,5.37,7994.01,1303,222,683
2025-11-27,HYS01,33_1161_ROSE-GOLD_39,OPEN,39,18,25.2,0.71,16,0.2534,0.4864,0.7785,3.74,2.67,7978.91,1139,642,684
2025-11-27,INS01,11_1007_BLACK_40,PREMIUM CLOSE,40,10,29.47,0.34,15,0.2238,0.4493,0.7519,3.36,1.14,7959.76,1317,1387,685
2025-11-27,MUS01,29_1133_BROWN_43,BOYS CLOSE,43,16,42.67,0.38,41,0.3002,0.513,0.7635,4.25,1.59,7958.24,982,1081,686
2025-11-27,MAS01,11_1007_BLACK_38,PREMIUM CLOSE,38,6,24.0,0.25,19,0.3183,0.5608,0.8263,4.55,1.14,7952.72,672,1389,687
2025-11-27,MUS01,17_1049_MAROON_42,CLOSE,42,36,21.0,1.71,7,0.1029,0.3144,0.6867,1.86,3.19,7949.62,1880,502,688
2025-11-27,KOS01,30_1140_WHITE_39,PREMIUM CLOSE,39,11,32.42,0.34,34,0.3333,0.5595,0.8069,4.69,1.59,7944.96,682,1082,689
2025-11-27,BHS01,32_1154_MAROON_39,CLOSE,39,7,28.0,0.25,20,0.3177,0.5577,0.8222,4.54,1.13,7930.27,694,1392,690
2025-11-27,MAS01,12_1014_ROSE-GOLD_37,CLOSE,37,10,23.33,0.43,15,0.2504,0.4864,0.7821,3.71,1.59,7927.45,1140,1084,691
2025-11-27,PUS01,12_1014_BROWN_42,CLOSE,42,83,24.59,3.38,3,0.0138,0.1151,0.4739,0.47,1.59,7921.4,2479,1086,692
2025-11-27,CHS01,24_1098_MAROON_42,OPEN,42,7,17.82,0.39,14,0.3543,0.6194,0.8755,5.05,1.98,7909.37,355,897,693
2025-11-27,MUS01,14_1028_NAVY_41,OPEN,41,31,28.0,1.11,23,0.3389,0.5779,0.8317,4.79,5.31,7908.22,572,225,694
2025-11-27,BES01,33_1161_BLUE-NAVY_38,OPEN,38,11,21.24,0.52,7,0.3501,0.6642,0.9206,5.11,2.64,7904.97,189,649,695
2025-11-27,COS01,18_1056_GREY_37,GIRLS_OPEN,37,9,33.6,0.27,27,0.2955,0.5176,0.7797,4.22,1.13,7901.43,954,1396,696
2025-11-27,COS01,24_1098_WHITE_41,OPEN,41,9,21.0,0.43,13,0.3193,0.5835,0.857,4.62,1.98,7896.92,547,899,697
2025-11-27,MUS01,18_1056_ANTIC-GOLD_44,GIRLS_OPEN,44,11,29.33,0.38,13,0.196,0.4188,0.7352,3.01,1.13,7893.71,1446,1398,698
2025-11-27,AHS01,10_1000_WHITE_38,PREMIUM CLOSE,38,8,20.36,0.39,8,0.3462,0.6494,0.9102,5.03,1.98,7892.04,238,901,699
2025-11-27,BHS01,17_1049_BROWN_41,CLOSE,41,15,21.54,0.7,14,0.3144,0.5729,0.8472,4.54,3.16,7879.53,602,508,700
2025-11-27,KOS01,11_1007_TAN_37,PREMIUM CLOSE,37,5,20.0,0.25,12,0.3093,0.5771,0.8565,4.51,1.13,7873.15,575,1399,701
2025-11-27,KOS01,10_1000_WHITE_42,PREMIUM CLOSE,42,9,20.16,0.45,12,0.3021,0.5683,0.8511,4.41,1.97,7861.96,625,908,702
2025-11-27,SUS01,17_1049_MAROON_37,CLOSE,37,11,18.67,0.59,27,0.3839,0.6257,0.8603,5.35,3.15,7851.7,323,509,703
2025-11-27,MUS01,13_1021_BROWN_39,OPEN,39,21,18.97,1.11,15,0.3313,0.5889,0.8546,4.75,5.26,7832.3,505,228,704
2025-11-27,INS01,12_1014_BROWN_43,CLOSE,43,12,26.88,0.45,14,0.234,0.4685,0.772,3.5,1.56,7807.05,1237,1099,705
2025-11-27,HYS01,22_1084_NAVY_40,CLOSE,40,23,19.52,1.18,8,0.1612,0.4068,0.7601,2.66,3.13,7800.56,1502,513,706
2025-11-27,PUS01,24_1098_WHITE_38,OPEN,38,8,18.67,0.43,14,0.3158,0.5746,0.8483,4.56,1.95,7800.16,591,909,707
2025-11-27,BHS01,14_1028_WHITE_40,OPEN,40,24,21.0,1.14,19,0.3204,0.5634,0.8282,4.58,5.23,7795.64,658,231,708
2025-11-27,CHS01,25_1105_MAROON_40,PREMIUM OPEN,40,34,24.1,1.41,17,0.252,0.4808,0.7706,3.71,5.23,7793.44,1170,232,709
2025-11-27,HYS01,24_1098_MAROON_38,OPEN,38,10,25.45,0.39,33,0.3542,0.586,0.8281,4.96,1.95,7780.75,530,914,710
2025-11-27,BES01,17_1049_BLACK_38,CLOSE,38,24,29.87,0.8,19,0.2669,0.4947,0.7761,3.89,3.12,7775.52,1089,515,711
2025-11-27,SUS01,24_1098_MAROON_41,OPEN,41,10,19.31,0.52,11,0.2499,0.5085,0.8161,3.76,1.95,7771.68,1010,915,712
2025-11-27,MAS01,18_1056_ANTIC-GOLD_42,GIRLS_OPEN,42,9,29.65,0.3,14,0.2456,0.4845,0.7846,3.66,1.11,7758.84,1150,1411,713
2025-11-27,PUS01,20_1070_ANTIC-GOLD_41,PREMIUM CLOSE,41,20,22.86,0.88,5,0.0591,0.2447,0.6376,1.27,1.11,7750.47,2116,1413,714
2025-11-27,MUS01,27_1119_WHITE_41,CLOSE,41,42,19.76,2.12,4,0.0528,0.2459,0.655,1.22,2.59,7737.92,2114,667,715
2025-11-27,BES01,28_1126_TAN_39,GIRLS_OPEN,39,33,25.32,1.3,7,0.258,0.5592,0.8703,3.97,5.18,7715.13,687,239,716
2025-11-27,AHS01,25_1105_BLACK_43,PREMIUM OPEN,43,22,20.53,1.07,13,0.3363,0.6034,0.8689,4.83,5.18,7712.86,417,240,717
2025-11-27,BHS01,12_1014_BROWN_41,CLOSE,41,48,19.48,2.46,0,0.0118,0.1698,0.6382,0.63,1.54,7703.61,2344,1113,718
2025-11-27,BES01,24_1098_WHITE_39,OPEN,39,9,16.8,0.54,4,0.2164,0.5599,0.8923,3.6,1.93,7689.63,677,927,719
2025-11-27,BES01,32_1154_MAROON_38,CLOSE,38,4,22.4,0.18,18,0.4466,0.7049,0.9149,6.16,1.1,7683.69,105,1418,720
2025-11-27,MUS01,16_1042_ANTIC-GOLD_39,OPEN,39,22,16.65,1.32,12,0.2621,0.5179,0.8179,3.9,5.16,7682.8,951,244,721
2025-11-27,AHS01,19_1063_MAROON_38,BOYS CLOSE,38,8,23.58,0.34,6,0.1973,0.492,0.8386,3.23,1.1,7663.45,1109,1422,722
2025-11-27,BES01,28_1126_ROSE-GOLD_40,GIRLS_OPEN,40,29,19.11,1.52,5,0.205,0.5218,0.8645,3.39,5.14,7657.16,926,247,723
2025-11-27,MAS01,29_1133_BROWN_44,BOYS CLOSE,44,4,14.93,0.27,14,0.4072,0.676,0.9061,5.7,1.53,7615.44,155,1120,724
2025-11-27,KOS01,33_1161_BLUE-NAVY_40,OPEN,40,24,19.76,1.21,5,0.1116,0.3652,0.7579,2.1,2.55,7609.85,1703,680,725
2025-11-27,PUS01,14_1028_ROSE-GOLD_39,OPEN,39,26,19.41,1.34,10,0.2501,0.5166,0.8269,3.78,5.07,7552.35,959,254,726
2025-11-27,SUS01,24_1098_WHITE_38,OPEN,38,8,22.4,0.36,27,0.3795,0.6207,0.857,5.3,1.89,7547.65,346,941,727
2025-11-27,CHS01,32_1154_MAROON_43,CLOSE,43,5,23.33,0.21,19,0.3562,0.606,0.857,5.03,1.08,7537.53,408,1434,728
2025-11-27,MUS01,10_1000_ROSE-GOLD_42,PREMIUM CLOSE,42,20,28.0,0.71,14,0.17,0.3729,0.6871,2.64,1.89,7526.92,1673,943,729
2025-11-27,MAS01,17_1049_MAROON_41,CLOSE,41,8,16.0,0.5,17,0.4367,0.6972,0.9122,6.04,3.02,7519.05,117,533,730
2025-11-27,MAS01,32_1154_MAROON_40,CLOSE,40,5,23.33,0.21,18,0.3531,0.6049,0.858,5.0,1.07,7487.56,413,1435,731
2025-11-27,BHS01,18_1056_BLACK_43,GIRLS_OPEN,43,9,33.6,0.27,19,0.2752,0.5058,0.785,3.99,1.07,7478.74,1029,1436,732
2025-11-27,PUS01,27_1119_WHITE_43,CLOSE,43,10,20.0,0.5,16,0.3521,0.6095,0.865,5.0,2.5,7475.95,387,695,733
2025-11-27,BHS01,22_1084_NAVY_40,CLOSE,40,15,21.54,0.7,15,0.2964,0.5465,0.8265,4.3,3.0,7462.6,780,541,734
2025-11-27,KOS01,24_1098_MAROON_38,OPEN,38,8,23.58,0.34,17,0.3937,0.6527,0.8884,5.51,1.87,7460.86,221,948,735
2025-11-27,KOS01,12_1014_ROSE-GOLD_43,CLOSE,43,14,23.76,0.59,7,0.1494,0.4004,0.7643,2.53,1.49,7449.62,1529,1130,736
2025-11-27,HYS01,20_1070_ANTIC-GOLD_41,PREMIUM CLOSE,41,31,26.3,1.18,5,0.0387,0.1851,0.5583,0.9,1.07,7447.72,2292,1442,737
2025-11-27,CHS01,30_1140_WHITE_42,PREMIUM CLOSE,42,11,18.12,0.61,6,0.1405,0.4007,0.7749,2.46,1.49,7439.88,1525,1133,738
2025-11-27,INS01,25_1105_MAROON_40,PREMIUM OPEN,40,21,20.28,1.04,19,0.3384,0.5852,0.8432,4.81,4.98,7419.18,537,259,739
2025-11-27,KOS01,11_1007_TAN_43,PREMIUM CLOSE,43,4,17.23,0.23,9,0.3095,0.5991,0.8812,4.56,1.06,7400.43,445,1446,740
2025-11-27,CHS01,14_1028_NAVY_40,OPEN,40,36,14.4,2.5,4,0.0996,0.3624,0.7688,1.99,4.97,7398.45,1711,260,741
2025-11-27,BHS01,12_1014_ROSE-GOLD_44,CLOSE,44,7,20.63,0.34,10,0.2959,0.5746,0.863,4.37,1.48,7397.79,592,1138,742
2025-11-27,INS01,24_1098_MAROON_42,OPEN,42,8,19.48,0.41,15,0.3125,0.5664,0.84,4.51,1.85,7390.44,638,959,743
2025-11-27,AHS01,28_1126_TAN_43,GIRLS_OPEN,43,21,23.06,0.91,15,0.3871,0.6515,0.8914,5.44,4.96,7385.73,228,261,744
2025-11-27,HYS01,33_1161_ROSE-GOLD_41,OPEN,41,33,21.74,1.52,6,0.0845,0.2901,0.6741,1.63,2.47,7385.51,1962,708,745
2025-11-27,HYS01,30_1140_WHITE_39,PREMIUM CLOSE,39,14,28.0,0.5,13,0.1921,0.4129,0.73,2.96,1.48,7383.59,1479,1143,746
2025-11-27,HYS01,21_1077_BLUE-NAVY_40,PREMIUM CLOSE,40,37,31.88,1.16,6,0.0413,0.1796,0.5343,0.91,1.06,7375.56,2307,1448,747
2025-11-27,PUS01,13_1021_BROWN_39,OPEN,39,14,15.08,0.93,12,0.3749,0.651,0.8979,5.32,4.94,7362.48,230,263,748
2025-11-27,PUS01,28_1126_ROSE-GOLD_42,GIRLS_OPEN,42,33,26.4,1.25,17,0.2707,0.506,0.7907,3.95,4.94,7361.86,1027,264,749
2025-11-27,MUS01,32_1154_MAROON_37,CLOSE,37,3,16.8,0.18,16,0.4226,0.6855,0.9076,5.87,1.05,7329.89,134,1452,750
2025-11-27,PUS01,21_1077_BLUE-NAVY_38,PREMIUM CLOSE,38,15,35.0,0.43,14,0.1559,0.3501,0.6642,2.45,1.05,7328.54,1755,1453,751
2025-11-27,CHS01,27_1119_WHITE_38,CLOSE,38,15,22.11,0.68,12,0.2398,0.488,0.7963,3.61,2.45,7327.45,1134,716,752
2025-11-27,PUS01,12_1014_ANTIC-GOLD_44,CLOSE,44,18,27.24,0.66,12,0.1375,0.3306,0.657,2.22,1.47,7321.89,1827,1148,753
2025-11-27,MAS01,18_1056_BLACK_44,GIRLS_OPEN,44,4,20.36,0.2,17,0.379,0.6367,0.8793,5.33,1.05,7317.14,285,1454,754
2025-11-27,AHS01,18_1056_ANTIC-GOLD_43,GIRLS_OPEN,43,10,14.36,0.7,1,0.052,0.3304,0.7898,1.5,1.05,7309.95,1828,1455,755
2025-11-27,CHS01,28_1126_BLUE-NAVY_40,GIRLS_OPEN,40,20,20.36,0.98,22,0.3544,0.598,0.8471,4.99,4.91,7309.25,460,266,756
2025-11-27,BHS01,31_1147_WHITE_38,PREMIUM CLOSE,38,14,17.42,0.8,7,0.1864,0.4599,0.8089,3.04,2.44,7304.03,1265,718,757
2025-11-27,BHS01,27_1119_WHITE_42,CLOSE,42,10,20.74,0.48,15,0.3561,0.6174,0.872,5.06,2.44,7291.78,364,721,758
2025-11-27,BES01,24_1098_WHITE_41,OPEN,41,19,38.0,0.5,10,0.2392,0.502,0.817,3.64,1.82,7268.94,1047,977,759
2025-11-27,MUS01,27_1119_WHITE_43,CLOSE,43,6,16.8,0.36,23,0.5015,0.7505,0.9332,6.81,2.43,7268.28,40,724,760
2025-11-27,INS01,20_1070_ANTIC-GOLD_42,PREMIUM CLOSE,42,13,33.09,0.39,15,0.1707,0.3691,0.678,2.64,1.04,7241.74,1689,1463,761
2025-11-27,AHS01,14_1028_WHITE_41,OPEN,41,18,20.57,0.88,12,0.3934,0.6703,0.9076,5.55,4.85,7232.22,171,269,762
2025-11-27,MUS01,28_1126_TAN_40,GIRLS_OPEN,40,72,20.06,3.59,2,0.0507,0.2905,0.7372,1.35,4.85,7225.48,1961,270,763
2025-11-27,AHS01,18_1056_GREY_40,GIRLS_OPEN,40,33,18.3,1.8,0,0.0103,0.1571,0.6188,0.57,1.03,7209.47,2378,1467,764
2025-11-27,SUS01,10_1000_WHITE_39,PREMIUM CLOSE,39,20,23.83,0.84,9,0.1268,0.3363,0.6875,2.14,1.8,7167.84,1807,993,765
2025-11-27,HYS01,17_1049_BLACK_38,CLOSE,38,8,14.0,0.57,10,0.3491,0.6355,0.8961,5.03,2.88,7159.07,287,570,766
2025-11-27,AHS01,20_1070_ANTIC-GOLD_43,PREMIUM CLOSE,43,8,34.46,0.23,18,0.3069,0.5493,0.8204,4.41,1.02,7159.05,760,1475,767
2025-11-27,COS01,17_1049_MAROON_41,CLOSE,41,22,30.8,0.71,22,0.2789,0.5037,0.7765,4.02,2.87,7158.11,1038,571,768
2025-11-27,BHS01,12_1014_ANTIC-GOLD_37,CLOSE,37,18,20.57,0.88,5,0.0816,0.3008,0.699,1.64,1.43,7146.86,1931,1174,769
2025-11-27,SUS01,32_1154_MAROON_40,CLOSE,40,7,18.67,0.38,6,0.1597,0.4335,0.7995,2.72,1.02,7140.4,1385,1480,770
2025-11-27,SUS01,17_1049_MAROON_40,CLOSE,40,19,28.76,0.66,26,0.3043,0.5304,0.7915,4.34,2.87,7137.59,887,574,771
2025-11-27,KOS01,11_1007_TAN_42,PREMIUM CLOSE,42,13,22.06,0.59,5,0.0876,0.3145,0.7125,1.73,1.02,7131.54,1878,1484,772
2025-11-27,BHS01,11_1007_BLACK_43,PREMIUM CLOSE,43,6,28.0,0.21,23,0.3362,0.5746,0.8294,4.76,1.02,7129.55,590,1485,773
2025-11-27,MUS01,17_1049_MAROON_38,CLOSE,38,28,23.4,1.2,11,0.148,0.3558,0.6898,2.39,2.86,7119.85,1737,578,774
2025-11-27,MUS01,32_1154_MAROON_38,CLOSE,38,4,24.89,0.16,24,0.4621,0.7119,0.9136,6.33,1.02,7107.51,89,1487,775
2025-11-27,COS01,28_1126_BLUE-NAVY_40,GIRLS_OPEN,40,19,17.16,1.11,11,0.2925,0.563,0.8518,4.31,4.77,7106.42,661,274,776
2025-11-27,MUS01,17_1049_BLACK_38,CLOSE,38,15,19.53,0.77,12,0.2476,0.4986,0.8041,3.71,2.85,7100.25,1066,579,777
2025-11-27,BHS01,27_1119_ANTIC-GOLD_44,CLOSE,44,5,13.33,0.38,33,0.4628,0.707,0.9073,6.32,2.37,7090.0,99,745,778
2025-11-27,PUS01,31_1147_ANTIC-GOLD_42,PREMIUM CLOSE,42,21,23.52,0.89,10,0.1651,0.3924,0.7314,2.65,2.37,7080.45,1576,746,779
2025-11-27,BHS01,20_1070_ANTIC-GOLD_39,PREMIUM CLOSE,39,10,23.33,0.43,6,0.1333,0.3878,0.7646,2.35,1.01,7050.7,1598,1493,780
2025-11-27,MAS01,31_1147_WHITE_39,PREMIUM CLOSE,39,8,16.0,0.5,13,0.327,0.5926,0.8625,4.71,2.36,7048.57,489,749,781
2025-11-27,CHS01,30_1140_WHITE_43,PREMIUM CLOSE,43,18,28.0,0.64,11,0.1341,0.3318,0.6658,2.19,1.41,7036.47,1822,1184,782
2025-11-27,KOS01,20_1070_ANTIC-GOLD_39,PREMIUM CLOSE,39,8,24.89,0.32,9,0.1979,0.4528,0.7881,3.12,1.0,7019.93,1296,1497,783
2025-11-27,BES01,11_1007_BLACK_37,PREMIUM CLOSE,37,10,35.0,0.29,21,0.2394,0.4518,0.7341,3.51,1.0,7009.72,1302,1499,784
2025-11-27,SUS01,32_1154_MAROON_42,CLOSE,42,4,13.18,0.3,4,0.1929,0.5268,0.876,3.3,1.0,6992.18,903,1501,785
2025-11-27,HYS01,13_1021_WHITE_39,OPEN,39,22,21.24,1.04,22,0.3177,0.5536,0.8155,4.53,4.69,6986.51,725,279,786
2025-11-27,PUS01,30_1140_WHITE_42,PREMIUM CLOSE,42,12,22.4,0.54,9,0.16,0.3937,0.7405,2.61,1.4,6974.96,1568,1194,787
2025-11-27,COS01,17_1049_BLACK_41,CLOSE,41,26,34.67,0.75,31,0.2584,0.463,0.7262,3.72,2.79,6948.12,1253,602,788
2025-11-27,HYS01,17_1049_BROWN_39,CLOSE,39,26,17.33,1.5,5,0.0959,0.3328,0.7296,1.86,2.79,6945.93,1819,603,789
2025-11-27,MUS01,20_1070_ANTIC-GOLD_40,PREMIUM CLOSE,40,14,25.29,0.55,7,0.0982,0.3049,0.677,1.79,0.99,6935.92,1914,1508,790
2025-11-27,BES01,17_1049_BROWN_42,CLOSE,42,28,18.23,1.54,3,0.0826,0.3499,0.773,1.81,2.77,6908.55,1756,606,791
2025-11-27,COS01,17_1049_BROWN_40,CLOSE,40,31,16.07,1.93,3,0.0608,0.2924,0.7217,1.44,2.77,6902.39,1952,607,792
2025-11-27,KOS01,27_1119_WHITE_39,CLOSE,39,38,26.94,1.41,7,0.0879,0.2831,0.6538,1.64,2.31,6898.39,1986,768,793
2025-11-27,INS01,11_1007_TAN_43,PREMIUM CLOSE,43,8,26.35,0.3,14,0.2147,0.441,0.7493,3.25,0.99,6892.47,1352,1513,794
2025-11-27,SUS01,27_1119_WHITE_41,CLOSE,41,30,21.0,1.43,6,0.0836,0.2881,0.672,1.61,2.3,6890.75,1968,772,795
2025-11-27,MUS01,25_1105_BROWN_41,PREMIUM OPEN,41,26,20.8,1.25,14,0.2481,0.488,0.7873,3.69,4.61,6872.82,1133,283,796
2025-11-27,MUS01,17_1049_BLACK_42,CLOSE,42,25,28.0,0.89,17,0.2054,0.4143,0.7126,3.09,2.76,6862.84,1469,610,797
2025-11-27,COS01,18_1056_BLACK_44,GIRLS_OPEN,44,8,29.87,0.27,16,0.248,0.479,0.7726,3.66,0.98,6861.49,1175,1517,798
2025-11-27,MAS01,12_1014_ROSE-GOLD_43,CLOSE,43,7,23.06,0.3,14,0.3131,0.5714,0.8462,4.53,1.37,6859.0,610,1212,799
2025-11-27,INS01,21_1077_BLUE-NAVY_39,PREMIUM CLOSE,39,11,20.53,0.54,5,0.094,0.3288,0.7259,1.83,0.98,6857.48,1833,1518,800
2025-11-27,HYS01,21_1077_MAROON_40,PREMIUM CLOSE,40,8,28.0,0.29,13,0.2275,0.4647,0.7735,3.43,0.98,6854.68,1249,1520,801
2025-11-27,KOS01,31_1147_ANTIC-GOLD_40,PREMIUM CLOSE,40,10,20.0,0.5,11,0.3139,0.5888,0.8672,4.58,2.29,6845.16,509,776,802
2025-11-27,AHS01,28_1126_TAN_41,GIRLS_OPEN,41,23,19.82,1.16,6,0.2532,0.568,0.8815,3.95,4.59,6833.25,628,288,803
2025-11-27,KOS01,17_1049_BROWN_41,CLOSE,41,23,22.6,1.02,9,0.1655,0.4026,0.7482,2.69,2.73,6805.86,1517,616,804
2025-11-27,MUS01,32_1154_MAROON_39,CLOSE,39,11,36.24,0.3,19,0.2156,0.4229,0.7134,3.21,0.97,6804.8,1431,1526,805
2025-11-27,AHS01,16_1042_TAN_39,OPEN,39,17,21.16,0.8,33,0.4108,0.6517,0.8739,5.68,4.56,6799.06,226,289,806
2025-11-27,COS01,17_1049_MAROON_42,CLOSE,42,14,19.6,0.71,10,0.2529,0.5203,0.8294,3.82,2.73,6796.23,938,618,807
2025-11-27,CHS01,18_1056_BLACK_42,GIRLS_OPEN,42,16,28.0,0.57,7,0.0922,0.2923,0.6638,1.7,0.97,6794.84,1953,1527,808
2025-11-27,COS01,31_1147_WHITE_39,PREMIUM CLOSE,39,14,28.0,0.5,31,0.3206,0.5458,0.7984,4.54,2.27,6780.88,784,781,809
2025-11-27,BES01,19_1063_MAROON_37,BOYS CLOSE,37,6,33.6,0.18,15,0.3854,0.6497,0.8904,5.42,0.97,6768.43,232,1530,810
2025-11-27,MUS01,30_1140_WHITE_40,PREMIUM CLOSE,40,12,18.67,0.64,5,0.1125,0.3671,0.7595,2.11,1.36,6767.64,1695,1225,811
2025-11-27,BES01,13_1021_BROWN_39,OPEN,39,28,20.91,1.34,5,0.2048,0.5215,0.8644,3.38,4.53,6752.46,928,292,812
2025-11-27,CHS01,11_1007_TAN_44,PREMIUM CLOSE,44,5,25.45,0.2,22,0.3482,0.5907,0.8421,4.92,0.97,6750.92,494,1533,813
2025-11-27,AHS01,31_1147_ANTIC-GOLD_41,PREMIUM CLOSE,41,17,34.0,0.5,28,0.3179,0.5452,0.8009,4.51,2.25,6738.95,787,787,814
2025-11-27,BES01,22_1084_NAVY_40,CLOSE,40,19,33.25,0.57,15,0.3302,0.5876,0.8537,4.73,2.7,6734.77,522,624,815
2025-11-27,BES01,22_1084_NAVY_38,CLOSE,38,26,30.33,0.86,21,0.2129,0.4135,0.6984,3.15,2.7,6733.48,1475,625,816
2025-11-27,BHS01,12_1014_ROSE-GOLD_43,CLOSE,43,15,33.6,0.45,12,0.1951,0.4236,0.745,3.02,1.35,6719.46,1425,1230,817
2025-11-27,AHS01,27_1119_ANTIC-GOLD_39,CLOSE,39,42,29.77,1.41,5,0.0788,0.2944,0.6925,1.59,2.25,6718.68,1947,791,818
2025-11-27,KOS01,17_1049_BLACK_41,CLOSE,41,16,18.29,0.88,7,0.1895,0.4647,0.8123,3.08,2.7,6715.74,1248,628,819
2025-11-27,SUS01,20_1070_ANTIC-GOLD_41,PREMIUM CLOSE,41,9,21.91,0.41,7,0.1349,0.3751,0.7432,2.33,0.96,6685.84,1660,1541,820
2025-11-27,BHS01,22_1084_NAVY_39,CLOSE,39,18,25.2,0.71,14,0.2529,0.4945,0.7923,3.75,2.68,6674.8,1091,632,821
2025-11-27,CHS01,19_1063_MAROON_41,BOYS CLOSE,41,27,22.91,1.18,3,0.0283,0.1827,0.5906,0.81,0.95,6664.66,2297,1543,822
2025-11-27,CHS01,32_1154_MAROON_39,CLOSE,39,7,30.15,0.23,18,0.2829,0.5187,0.7977,4.1,0.95,6656.17,944,1545,823
2025-11-27,CHS01,17_1049_MAROON_42,CLOSE,42,16,13.37,1.2,3,0.11,0.4113,0.8187,2.23,2.67,6653.91,1485,639,824
2025-11-27,PUS01,25_1105_MAROON_41,PREMIUM OPEN,41,36,27.24,1.32,16,0.2264,0.4488,0.7474,3.38,4.47,6653.09,1319,299,825
2025-11-27,MAS01,32_1154_MAROON_39,CLOSE,39,4,20.36,0.2,14,0.3376,0.6003,0.8642,4.84,0.95,6640.33,436,1547,826
2025-11-27,COS01,18_1056_GREY_44,GIRLS_OPEN,44,6,22.4,0.27,9,0.2297,0.4984,0.8205,3.55,0.95,6637.49,1068,1548,827
2025-11-27,HYS01,19_1063_MAROON_43,BOYS CLOSE,43,12,24.0,0.5,7,0.1052,0.319,0.6914,1.9,0.95,6630.31,1861,1550,828
2025-11-27,AHS01,19_1063_MAROON_42,BOYS CLOSE,42,7,21.78,0.32,5,0.1719,0.4721,0.8354,2.95,0.95,6622.2,1216,1551,829
2025-11-27,SUS01,17_1049_MAROON_42,CLOSE,42,17,25.73,0.66,20,0.2779,0.5068,0.7833,4.02,2.66,6618.38,1019,645,830
2025-11-27,BES01,23_1091_BLACK_41,OPEN,41,31,30.46,1.02,12,0.2981,0.5634,0.848,4.36,4.44,6616.89,657,301,831
2025-11-27,BHS01,10_1000_BROWN_39,PREMIUM CLOSE,39,10,25.45,0.39,17,0.2912,0.5326,0.8107,4.22,1.66,6611.1,873,1062,832
2025-11-27,KOS01,23_1091_BROWN_40,OPEN,40,15,21.54,0.7,19,0.4645,0.7205,0.9216,6.37,4.44,6608.53,67,302,833
2025-11-27,MUS01,27_1119_WHITE_38,CLOSE,38,23,26.83,0.86,12,0.1627,0.373,0.6994,2.57,2.21,6597.36,1671,809,834
2025-11-27,SUS01,10_1000_WHITE_38,PREMIUM CLOSE,38,7,19.6,0.36,14,0.3203,0.58,0.8517,4.62,1.65,6581.93,565,1065,835
2025-11-27,HYS01,14_1028_WHITE_42,OPEN,42,20,19.65,1.02,16,0.2999,0.5471,0.8239,4.34,4.42,6580.69,775,305,836
2025-11-27,MUS01,30_1140_WHITE_41,PREMIUM CLOSE,41,26,26.47,0.98,7,0.0692,0.2407,0.6042,1.34,1.32,6570.56,2130,1249,837
2025-11-27,CHS01,14_1028_ROSE-GOLD_38,OPEN,38,28,20.36,1.38,11,0.2076,0.4494,0.7723,3.21,4.41,6566.34,1316,306,838
2025-11-27,COS01,33_1161_BLUE-NAVY_41,OPEN,41,17,32.83,0.52,30,0.2964,0.5154,0.7742,4.22,2.19,6539.3,966,819,839
2025-11-27,BES01,32_1154_MAROON_39,CLOSE,39,10,37.33,0.27,8,0.2226,0.4995,0.8279,3.48,0.93,6519.69,1058,1560,840
2025-11-27,BHS01,32_1154_MAROON_42,CLOSE,42,8,32.0,0.25,14,0.251,0.4918,0.7903,3.73,0.93,6513.07,1111,1562,841
2025-11-27,CHS01,27_1119_WHITE_37,CLOSE,37,6,19.76,0.3,30,0.5324,0.7747,0.9422,7.17,2.18,6509.48,23,822,842
2025-11-27,CHS01,28_1126_ROSE-GOLD_40,GIRLS_OPEN,40,24,20.36,1.18,12,0.2465,0.4971,0.8031,3.7,4.36,6496.66,1076,310,843
2025-11-27,KOS01,28_1126_ROSE-GOLD_39,GIRLS_OPEN,39,18,26.53,0.68,22,0.4692,0.721,0.9195,6.42,4.35,6488.66,65,311,844
2025-11-27,MAS01,12_1014_ROSE-GOLD_44,CLOSE,44,3,9.33,0.32,3,0.246,0.6243,0.9267,4.04,1.3,6484.25,329,1265,845
2025-11-27,SUS01,26_1112_WHITE_40,OPEN,40,16,34.46,0.46,22,0.2387,0.4486,0.7287,3.49,1.62,6473.31,1321,1076,846
2025-11-27,KOS01,16_1042_ANTIC-GOLD_40,OPEN,40,16,22.97,0.7,19,0.4534,0.7098,0.9163,6.23,4.34,6469.81,95,313,847
2025-11-27,SUS01,12_1014_ROSE-GOLD_38,CLOSE,38,22,24.64,0.89,6,0.0734,0.2644,0.646,1.45,1.3,6465.51,2054,1270,848
2025-11-27,MUS01,33_1161_ROSE-GOLD_41,OPEN,41,19,26.6,0.71,13,0.1969,0.4202,0.7364,3.02,2.16,6459.06,1440,832,849
2025-11-27,HYS01,11_1007_TAN_38,PREMIUM CLOSE,38,7,21.78,0.32,8,0.1762,0.431,0.7793,2.86,0.92,6435.29,1395,1574,850
2025-11-27,MAS01,31_1147_ANTIC-GOLD_40,PREMIUM CLOSE,40,8,23.58,0.34,48,0.4649,0.7061,0.9046,6.34,2.15,6434.7,102,836,851
2025-11-27,COS01,12_1014_ANTIC-GOLD_44,CLOSE,44,9,20.16,0.45,8,0.178,0.4337,0.7814,2.89,1.29,6434.24,1383,1272,852
2025-11-27,INS01,28_1126_BLUE-NAVY_40,GIRLS_OPEN,40,30,16.97,1.77,7,0.1425,0.3885,0.7546,2.44,4.31,6418.32,1593,316,853
2025-11-27,INS01,18_1056_BLACK_42,GIRLS_OPEN,42,27,38.77,0.7,11,0.0747,0.2167,0.5285,1.32,0.92,6408.04,2192,1579,854
2025-11-27,INS01,24_1098_MAROON_40,OPEN,40,18,29.65,0.61,13,0.1686,0.3762,0.6961,2.64,1.6,6389.33,1653,1080,855
2025-11-27,HYS01,31_1147_MAROON_42,PREMIUM CLOSE,42,14,27.03,0.52,22,0.2862,0.5134,0.7843,4.12,2.13,6379.55,980,844,856
2025-11-27,INS01,12_1014_ROSE-GOLD_37,CLOSE,37,8,24.89,0.32,16,0.2707,0.5095,0.7965,3.96,1.27,6353.58,1001,1278,857
2025-11-27,MUS01,14_1028_WHITE_38,OPEN,38,18,21.45,0.84,22,0.3609,0.6056,0.8522,5.08,4.26,6348.6,409,321,858
2025-11-27,KOS01,10_1000_BROWN_41,PREMIUM CLOSE,41,11,23.69,0.46,11,0.2243,0.4734,0.7908,3.43,1.59,6348.41,1206,1083,859
2025-11-27,HYS01,23_1091_BROWN_42,OPEN,42,12,15.27,0.79,14,0.3847,0.6525,0.894,5.42,4.26,6347.04,222,322,860
2025-11-27,KOS01,11_1007_TAN_39,PREMIUM CLOSE,39,15,35.0,0.43,11,0.1288,0.3224,0.656,2.12,0.91,6344.21,1848,1586,861
2025-11-27,COS01,17_1049_MAROON_39,CLOSE,39,20,32.0,0.62,29,0.2849,0.5012,0.7632,4.08,2.55,6342.36,1050,679,862
2025-11-27,PUS01,30_1140_WHITE_39,PREMIUM CLOSE,39,19,22.64,0.84,6,0.0773,0.2737,0.6564,1.51,1.27,6341.01,2014,1281,863
2025-11-27,MUS01,24_1098_MAROON_39,OPEN,39,18,25.2,0.71,10,0.1344,0.3405,0.6828,2.22,1.59,6331.5,1795,1087,864
2025-11-27,BHS01,28_1126_ROSE-GOLD_41,GIRLS_OPEN,41,22,23.69,0.93,17,0.3188,0.567,0.8352,4.57,4.25,6325.66,635,323,865
2025-11-27,BES01,16_1042_ANTIC-GOLD_42,OPEN,42,34,23.51,1.45,6,0.1751,0.4583,0.8168,2.93,4.24,6324.45,1274,324,866
2025-11-27,COS01,12_1014_ANTIC-GOLD_43,CLOSE,43,18,21.0,0.86,5,0.0716,0.277,0.6742,1.48,1.27,6314.47,2004,1286,867
2025-11-27,HYS01,10_1000_BROWN_40,PREMIUM CLOSE,40,22,26.78,0.82,9,0.1117,0.3081,0.6587,1.92,1.58,6296.82,1900,1090,868
2025-11-27,BES01,14_1028_ROSE-GOLD_38,OPEN,38,17,20.7,0.82,25,0.3668,0.6081,0.8504,5.14,4.22,6291.91,395,327,869
2025-11-27,HYS01,33_1161_ROSE-GOLD_43,OPEN,43,9,17.38,0.52,10,0.2714,0.5443,0.8448,4.06,2.1,6285.8,797,847,870
2025-11-27,PUS01,28_1126_TAN_38,GIRLS_OPEN,38,43,28.0,1.54,15,0.1786,0.3817,0.6904,2.75,4.22,6283.53,1627,329,871
2025-11-27,MUS01,33_1161_ROSE-GOLD_43,OPEN,43,11,22.0,0.5,16,0.2885,0.5326,0.8136,4.19,2.1,6267.26,871,850,872
2025-11-27,AHS01,14_1028_NAVY_42,OPEN,42,30,24.71,1.21,9,0.2231,0.4892,0.8143,3.46,4.2,6258.2,1124,332,873
2025-11-27,BES01,21_1077_BLUE-NAVY_38,PREMIUM CLOSE,38,6,18.67,0.32,3,0.1483,0.4837,0.863,2.79,0.9,6258.04,1151,1598,874
2025-11-27,PUS01,28_1126_ROSE-GOLD_43,GIRLS_OPEN,43,16,22.97,0.7,21,0.4372,0.6905,0.9044,6.03,4.2,6257.63,124,333,875
2025-11-27,MUS01,22_1084_NAVY_41,CLOSE,41,12,21.0,0.57,13,0.3019,0.5625,0.8438,4.4,2.51,6256.01,664,688,876
2025-11-27,BHS01,16_1042_TAN_38,OPEN,38,19,19.35,0.98,12,0.2912,0.5549,0.8426,4.27,4.2,6255.65,715,334,877
2025-11-27,PUS01,25_1105_BROWN_40,PREMIUM OPEN,40,22,16.43,1.34,7,0.1931,0.4701,0.8159,3.13,4.19,6246.34,1225,335,878
2025-11-27,AHS01,27_1119_WHITE_43,CLOSE,43,10,23.33,0.43,10,0.3361,0.6212,0.8888,4.87,2.09,6242.36,342,852,879
2025-11-27,CHS01,12_1014_ANTIC-GOLD_37,CLOSE,37,9,28.0,0.32,18,0.2667,0.4974,0.781,3.89,1.25,6241.93,1074,1297,880
2025-11-27,CHS01,22_1084_NAVY_38,CLOSE,38,33,24.64,1.34,10,0.1101,0.2959,0.6359,1.87,2.51,6238.63,1942,691,881
2025-11-27,MUS01,23_1091_BLUE-NAVY_40,OPEN,40,28,25.29,1.11,20,0.259,0.4814,0.7625,3.78,4.18,6227.8,1167,337,882
2025-11-27,CHS01,24_1098_MAROON_44,OPEN,44,5,17.5,0.29,16,0.3882,0.6495,0.8884,5.45,1.56,6212.37,235,1103,883
2025-11-27,PUS01,16_1042_TAN_41,OPEN,41,24,22.03,1.09,14,0.2586,0.5021,0.7981,3.83,4.17,6211.72,1046,339,884
2025-11-27,HYS01,11_1007_TAN_41,PREMIUM CLOSE,41,23,30.67,0.75,7,0.0596,0.2172,0.5738,1.18,0.89,6209.15,2191,1602,885
2025-11-27,AHS01,20_1070_ANTIC-GOLD_37,PREMIUM CLOSE,37,6,30.55,0.2,25,0.3182,0.5494,0.8078,4.52,0.89,6207.84,759,1604,886
2025-11-27,KOS01,21_1077_BLUE-NAVY_40,PREMIUM CLOSE,40,12,19.2,0.62,2,0.0544,0.3023,0.7483,1.42,0.89,6206.62,1925,1605,887
2025-11-27,AHS01,14_1028_WHITE_42,OPEN,42,29,26.62,1.09,23,0.2637,0.4813,0.7556,3.82,4.16,6200.45,1168,340,888
2025-11-27,KOS01,31_1147_ANTIC-GOLD_38,PREMIUM CLOSE,38,16,24.22,0.66,12,0.2039,0.4369,0.7562,3.14,2.07,6194.98,1370,860,889
2025-11-27,PUS01,32_1154_MAROON_41,CLOSE,41,9,21.91,0.41,6,0.1195,0.3623,0.7433,2.16,0.89,6187.35,1712,1611,890
2025-11-27,PUS01,23_1091_BROWN_41,OPEN,41,18,21.45,0.84,17,0.3483,0.6021,0.8582,4.95,4.15,6184.07,422,342,891
2025-11-27,HYS01,13_1021_BROWN_42,OPEN,42,12,17.23,0.7,26,0.432,0.6794,0.8945,5.95,4.15,6177.9,148,344,892
2025-11-27,PUS01,32_1154_MAROON_38,CLOSE,38,7,32.67,0.21,17,0.2838,0.5231,0.8037,4.12,0.88,6174.75,919,1612,893
2025-11-27,MUS01,21_1077_MAROON_42,PREMIUM CLOSE,42,15,16.15,0.93,1,0.0268,0.2288,0.6921,0.95,0.88,6171.92,2167,1613,894
2025-11-27,CHS01,10_1000_BROWN_44,PREMIUM CLOSE,44,6,22.4,0.27,25,0.4173,0.6646,0.8865,5.77,1.55,6170.08,187,1112,895
2025-11-27,BES01,19_1063_MAROON_43,BOYS CLOSE,43,11,44.0,0.25,18,0.2391,0.4596,0.7496,3.53,0.88,6165.21,1266,1614,896
2025-11-27,BHS01,17_1049_BROWN_42,CLOSE,42,11,22.0,0.5,20,0.35,0.5967,0.8492,4.95,2.47,6161.86,470,705,897
2025-11-27,BES01,28_1126_TAN_42,GIRLS_OPEN,42,22,28.0,0.79,15,0.3689,0.6317,0.8803,5.22,4.1,6108.23,299,346,898
2025-11-27,BES01,13_1021_WHITE_39,OPEN,39,29,30.07,0.96,12,0.2889,0.5522,0.8408,4.25,4.09,6101.3,738,348,899
2025-11-27,PUS01,23_1091_BROWN_40,OPEN,40,17,18.31,0.93,14,0.3032,0.5593,0.8383,4.4,4.09,6090.24,686,349,900
2025-11-27,SUS01,14_1028_ROSE-GOLD_39,OPEN,39,27,22.91,1.18,12,0.2289,0.4728,0.7849,3.47,4.09,6089.88,1213,350,901
2025-11-27,PUS01,25_1105_BROWN_41,PREMIUM OPEN,41,21,26.13,0.8,19,0.3589,0.6092,0.859,5.07,4.07,6066.01,388,352,902
2025-11-27,MUS01,17_1049_MAROON_40,CLOSE,40,38,30.4,1.25,12,0.1184,0.2967,0.62,1.95,2.44,6064.15,1939,722,903
2025-11-27,SUS01,20_1070_ANTIC-GOLD_37,PREMIUM CLOSE,37,3,18.67,0.16,15,0.3822,0.6463,0.8885,5.38,0.87,6046.96,248,1630,904
2025-11-27,KOS01,16_1042_BLUE-NAVY_39,OPEN,39,30,28.97,1.04,17,0.2679,0.5023,0.7878,3.92,4.06,6043.64,1044,356,905
2025-11-27,INS01,17_1049_BLACK_41,CLOSE,41,7,15.68,0.45,13,0.3847,0.6566,0.8983,5.43,2.42,6036.25,212,727,906
2025-11-27,INS01,22_1084_NAVY_41,CLOSE,41,17,27.2,0.62,18,0.2656,0.4959,0.7798,3.88,2.42,6033.77,1081,728,907
2025-11-27,MUS01,33_1161_BLUE-NAVY_44,OPEN,44,9,29.65,0.3,29,0.4876,0.7334,0.9226,6.63,2.01,6018.61,55,885,908
2025-11-27,KOS01,31_1147_ANTIC-GOLD_39,PREMIUM CLOSE,39,10,32.94,0.3,27,0.4874,0.7344,0.9238,6.63,2.01,6018.6,53,886,909
2025-11-27,SUS01,17_1049_MAROON_39,CLOSE,39,10,16.0,0.62,8,0.2523,0.5393,0.8528,3.87,2.42,6016.09,826,733,910
2025-11-27,BHS01,18_1056_GREY_44,GIRLS_OPEN,44,1,8.0,0.12,4,0.5005,0.8286,0.9795,6.87,0.86,6000.1,6,1635,911
2025-11-27,KOS01,25_1105_MAROON_41,PREMIUM OPEN,41,27,27.0,1.0,15,0.2747,0.5187,0.8067,4.02,4.02,5995.32,943,362,912
2025-11-27,AHS01,16_1042_TAN_40,OPEN,40,19,25.95,0.73,14,0.3901,0.6583,0.897,5.49,4.02,5987.55,204,363,913
2025-11-27,KOS01,12_1014_ROSE-GOLD_44,CLOSE,44,16,23.58,0.68,6,0.0936,0.3099,0.6945,1.77,1.2,5984.75,1893,1338,914
2025-11-27,BHS01,21_1077_BLUE-NAVY_40,PREMIUM CLOSE,40,12,20.36,0.59,2,0.056,0.3076,0.7531,1.45,0.86,5981.84,1904,1638,915
2025-11-27,HYS01,31_1147_ANTIC-GOLD_38,PREMIUM CLOSE,38,18,19.76,0.91,7,0.1255,0.358,0.7282,2.19,2.0,5975.74,1727,892,916
2025-11-27,KOS01,17_1049_BROWN_42,CLOSE,42,14,19.6,0.71,9,0.2154,0.4783,0.8066,3.36,2.4,5970.17,1179,738,917
2025-11-27,MUS01,10_1000_WHITE_43,PREMIUM CLOSE,43,7,21.78,0.32,16,0.3243,0.5769,0.8443,4.65,1.49,5963.29,576,1129,918
2025-11-27,KOS01,18_1056_GREY_43,GIRLS_OPEN,43,9,17.38,0.52,2,0.0667,0.3393,0.78,1.65,0.85,5955.36,1799,1640,919
2025-11-27,KOS01,10_1000_WHITE_43,PREMIUM CLOSE,43,11,19.87,0.55,7,0.1608,0.4194,0.7793,2.69,1.49,5944.55,1443,1135,920
2025-11-27,BHS01,17_1049_MAROON_43,CLOSE,43,8,17.23,0.46,15,0.3619,0.624,0.8759,5.13,2.38,5932.06,330,742,921
2025-11-27,INS01,18_1056_GREY_40,GIRLS_OPEN,40,18,21.91,0.82,3,0.039,0.2235,0.6457,1.03,0.85,5922.0,2177,1644,922
2025-11-27,MAS01,18_1056_BLACK_37,GIRLS_OPEN,37,5,21.54,0.23,10,0.2396,0.5025,0.8174,3.65,0.85,5920.27,1042,1645,923
2025-11-27,CHS01,28_1126_BLUE-NAVY_42,GIRLS_OPEN,42,21,21.78,0.96,18,0.2843,0.5206,0.7991,4.12,3.97,5920.2,935,369,924
2025-11-27,AHS01,31_1147_ANTIC-GOLD_42,PREMIUM CLOSE,42,18,34.76,0.52,19,0.2621,0.4883,0.7708,3.82,1.98,5919.87,1130,898,925
2025-11-27,BHS01,33_1161_BLUE-NAVY_43,OPEN,43,6,17.68,0.34,21,0.4211,0.6738,0.8952,5.83,1.98,5916.75,162,900,926
2025-11-27,PUS01,13_1021_BROWN_43,OPEN,43,14,15.08,0.93,11,0.29,0.5599,0.8499,4.28,3.97,5916.04,678,370,927
2025-11-27,BES01,24_1098_WHITE_38,OPEN,38,11,34.22,0.32,12,0.3173,0.5865,0.8622,4.61,1.48,5906.0,528,1141,928
2025-11-27,INS01,24_1098_MAROON_43,OPEN,43,7,21.78,0.32,18,0.3219,0.5679,0.8334,4.6,1.48,5904.52,629,1142,929
2025-11-27,MUS01,27_1119_WHITE_37,CLOSE,37,7,17.82,0.39,15,0.3533,0.6143,0.8701,5.02,1.97,5900.52,373,906,930
2025-11-27,PUS01,31_1147_ANTIC-GOLD_38,PREMIUM CLOSE,38,20,26.67,0.75,13,0.1681,0.3754,0.6954,2.63,1.97,5900.26,1657,907,931
2025-11-27,PUS01,11_1007_TAN_43,PREMIUM CLOSE,43,7,35.64,0.2,18,0.298,0.5381,0.8122,4.3,0.84,5900.2,837,1648,932
2025-11-27,BES01,16_1042_TAN_38,OPEN,38,8,15.45,0.52,11,0.5687,0.8266,0.9696,7.62,3.95,5883.4,7,372,933
2025-11-27,HYS01,12_1014_BROWN_43,CLOSE,43,51,23.6,2.16,2,0.0145,0.1365,0.5361,0.54,1.18,5864.52,2426,1357,934
2025-11-27,AHS01,32_1154_MAROON_43,CLOSE,43,6,30.55,0.2,21,0.2969,0.5292,0.7988,4.26,0.84,5853.96,892,1655,935
2025-11-27,PUS01,31_1147_MAROON_39,PREMIUM CLOSE,39,11,17.6,0.62,8,0.1957,0.4608,0.8014,3.13,1.95,5844.12,1261,910,936
2025-11-27,MAS01,17_1049_MAROON_39,CLOSE,39,20,25.45,0.79,13,0.1937,0.4152,0.7321,2.98,2.34,5829.87,1463,754,937
2025-11-27,CHS01,16_1042_TAN_37,OPEN,37,11,15.02,0.73,16,0.3783,0.6388,0.8823,5.33,3.9,5811.19,272,382,938
2025-11-27,BES01,33_1161_ROSE-GOLD_42,OPEN,42,8,24.89,0.32,16,0.4367,0.6996,0.9146,6.04,1.94,5808.86,113,916,939
2025-11-27,CHS01,27_1119_ANTIC-GOLD_37,CLOSE,37,11,20.53,0.54,12,0.2409,0.4894,0.7974,3.63,1.94,5807.27,1121,917,940
2025-11-27,COS01,13_1021_WHITE_40,OPEN,40,19,22.64,0.84,26,0.3277,0.5599,0.8145,4.64,3.89,5802.16,680,383,941
2025-11-27,SUS01,33_1161_BLUE-NAVY_40,OPEN,40,11,19.25,0.57,8,0.2146,0.4882,0.8205,3.38,1.93,5770.76,1131,925,942
2025-11-27,COS01,29_1133_BROWN_37,BOYS CLOSE,37,4,20.36,0.2,31,0.4272,0.6707,0.8867,5.89,1.16,5769.67,169,1373,943
2025-11-27,AHS01,29_1133_BROWN_37,BOYS CLOSE,37,9,21.0,0.43,5,0.1534,0.4419,0.8156,2.69,1.15,5761.8,1348,1374,944
2025-11-27,SUS01,17_1049_BLACK_38,CLOSE,38,19,19.35,0.98,8,0.1394,0.37,0.7287,2.35,2.31,5757.4,1685,765,945
2025-11-27,KOS01,10_1000_WHITE_38,PREMIUM CLOSE,38,11,18.12,0.61,5,0.1306,0.4017,0.7869,2.37,1.44,5748.74,1520,1165,946
2025-11-27,COS01,31_1147_WHITE_40,PREMIUM CLOSE,40,13,28.0,0.46,24,0.2883,0.5124,0.7799,4.14,1.92,5743.73,987,928,947
2025-11-27,KOS01,28_1126_ROSE-GOLD_38,GIRLS_OPEN,38,11,17.11,0.64,15,0.4319,0.6976,0.9151,5.99,3.85,5738.94,116,387,948
2025-11-27,BES01,18_1056_BLACK_40,GIRLS_OPEN,40,30,21.54,1.39,0,0.0108,0.1611,0.625,0.59,0.82,5732.3,2365,1670,949
2025-11-27,CHS01,18_1056_BLACK_44,GIRLS_OPEN,44,15,28.0,0.54,7,0.0811,0.2681,0.6369,1.53,0.82,5726.16,2041,1673,950
2025-11-27,PUS01,30_1140_WHITE_38,PREMIUM CLOSE,38,4,16.0,0.25,9,0.3116,0.6017,0.8825,4.59,1.15,5723.46,424,1381,951
2025-11-27,INS01,18_1056_GREY_44,GIRLS_OPEN,44,12,32.0,0.38,12,0.1348,0.326,0.6521,2.18,0.82,5722.62,1841,1675,952
2025-11-27,PUS01,27_1119_WHITE_37,CLOSE,37,13,26.0,0.5,16,0.2602,0.4956,0.7857,3.82,1.91,5717.73,1085,931,953
2025-11-27,INS01,17_1049_MAROON_41,CLOSE,41,25,29.79,0.84,13,0.1756,0.3874,0.7067,2.73,2.29,5714.28,1600,774,954
2025-11-27,INS01,29_1133_BROWN_43,BOYS CLOSE,43,7,19.6,0.36,8,0.2015,0.4694,0.8075,3.2,1.14,5711.12,1233,1384,955
2025-11-27,KOS01,10_1000_BROWN_42,PREMIUM CLOSE,42,10,22.4,0.45,9,0.2036,0.4613,0.7944,3.2,1.43,5701.32,1258,1177,956
2025-11-27,MUS01,14_1028_ROSE-GOLD_40,OPEN,40,34,28.0,1.21,14,0.2071,0.4298,0.7396,3.15,3.82,5690.62,1403,389,957
2025-11-27,MUS01,20_1070_ANTIC-GOLD_42,PREMIUM CLOSE,42,15,25.45,0.59,6,0.069,0.254,0.6339,1.38,0.81,5690.12,2086,1679,958
2025-11-27,MUS01,14_1028_ROSE-GOLD_42,OPEN,42,28,22.72,1.23,11,0.1993,0.4371,0.7624,3.09,3.81,5678.74,1369,391,959
2025-11-27,CHS01,27_1119_ANTIC-GOLD_41,CLOSE,41,22,30.05,0.73,13,0.1654,0.3711,0.6912,2.59,1.9,5677.79,1682,936,960
2025-11-27,BES01,28_1126_TAN_38,GIRLS_OPEN,38,21,24.5,0.86,21,0.3095,0.5452,0.8111,4.43,3.79,5653.0,788,393,961
2025-11-27,KOS01,21_1077_MAROON_43,PREMIUM CLOSE,43,12,28.0,0.43,8,0.1068,0.3095,0.6705,1.88,0.81,5638.21,1894,1685,962
2025-11-27,CHS01,30_1140_WHITE_44,PREMIUM CLOSE,44,3,16.8,0.18,22,0.4616,0.7136,0.9158,6.33,1.13,5636.69,84,1397,963
2025-11-27,BHS01,21_1077_BLUE-NAVY_38,PREMIUM CLOSE,38,6,16.0,0.38,2,0.0969,0.4155,0.8348,2.15,0.8,5622.89,1461,1688,964
2025-11-27,PUS01,24_1098_WHITE_40,OPEN,40,11,24.64,0.45,11,0.204,0.4441,0.768,3.16,1.41,5621.72,1336,1186,965
2025-11-27,HYS01,19_1063_MAROON_37,BOYS CLOSE,37,7,24.5,0.29,9,0.1747,0.4172,0.7603,2.81,0.8,5613.1,1455,1689,966
2025-11-27,PUS01,15_1035_GREY_39,PREMIUM OPEN,39,11,23.69,0.46,16,0.277,0.5177,0.8027,4.04,1.88,5612.53,952,946,967
2025-11-27,COS01,17_1049_BROWN_42,CLOSE,42,17,22.67,0.75,10,0.1909,0.4328,0.7654,3.0,2.25,5609.12,1386,788,968
2025-11-27,PUS01,28_1126_TAN_43,GIRLS_OPEN,43,21,21.38,0.98,14,0.259,0.5026,0.7984,3.83,3.76,5607.72,1041,394,969
2025-11-27,MUS01,17_1049_MAROON_43,CLOSE,43,7,17.04,0.41,18,0.3892,0.6454,0.8827,5.45,2.24,5574.24,254,797,970
2025-11-27,AHS01,33_1161_ROSE-GOLD_40,OPEN,40,14,31.36,0.45,23,0.2908,0.5175,0.7858,4.18,1.86,5573.46,955,950,971
2025-11-27,MUS01,24_1098_WHITE_40,OPEN,40,17,18.67,0.91,4,0.0711,0.2958,0.7089,1.53,1.4,5569.21,1943,1196,972
2025-11-27,SUS01,17_1049_BLACK_39,CLOSE,39,12,18.16,0.66,9,0.2169,0.4805,0.8082,3.38,2.23,5556.51,1171,800,973
2025-11-27,MAS01,28_1126_TAN_43,GIRLS_OPEN,43,12,17.68,0.68,23,0.3909,0.6382,0.8721,5.45,3.7,5510.69,275,403,974
2025-11-27,SUS01,16_1042_ANTIC-GOLD_41,OPEN,41,23,19.22,1.2,10,0.1974,0.4425,0.7732,3.09,3.7,5510.3,1343,404,975
2025-11-27,MUS01,14_1028_WHITE_42,OPEN,42,34,25.39,1.34,14,0.1787,0.3867,0.7005,2.76,3.7,5510.04,1605,405,976
2025-11-27,BES01,27_1119_ANTIC-GOLD_37,CLOSE,37,7,23.06,0.3,11,0.4355,0.7166,0.9307,6.06,1.84,5504.88,80,966,977
2025-11-27,COS01,29_1133_BROWN_42,BOYS CLOSE,42,14,31.36,0.45,9,0.15,0.3769,0.7258,2.47,1.1,5500.42,1650,1416,978
2025-11-27,HYS01,30_1140_WHITE_37,PREMIUM CLOSE,37,3,16.8,0.18,18,0.4476,0.7059,0.9153,6.17,1.1,5495.46,103,1417,979
2025-11-27,BES01,13_1021_WHITE_38,OPEN,38,16,20.36,0.79,7,0.3161,0.6279,0.9048,4.69,3.69,5494.37,312,406,980
2025-11-27,COS01,33_1161_BLUE-NAVY_38,OPEN,38,9,24.0,0.38,24,0.3474,0.5866,0.8366,4.9,1.84,5492.16,527,970,981
2025-11-27,COS01,24_1098_WHITE_39,OPEN,39,8,26.35,0.3,20,0.3169,0.5567,0.8214,4.53,1.37,5483.1,705,1213,982
2025-11-27,BHS01,10_1000_BROWN_42,PREMIUM CLOSE,42,10,26.67,0.38,12,0.2438,0.4934,0.8004,3.66,1.37,5481.78,1097,1214,983
2025-11-27,HYS01,20_1070_ANTIC-GOLD_40,PREMIUM CLOSE,40,10,29.47,0.34,9,0.1386,0.3573,0.7078,2.31,0.78,5475.81,1730,1708,984
2025-11-27,PUS01,14_1028_ROSE-GOLD_38,OPEN,38,22,21.24,1.04,13,0.2362,0.4769,0.7831,3.55,3.67,5474.09,1189,407,985
2025-11-27,MUS01,23_1091_BLACK_38,OPEN,38,13,17.76,0.73,20,0.3555,0.603,0.8534,5.02,3.67,5474.06,418,408,986
2025-11-27,PUS01,17_1049_BLACK_41,CLOSE,41,34,27.2,1.25,9,0.1007,0.2867,0.6353,1.76,2.2,5473.89,1976,815,987
2025-11-27,HYS01,33_1161_ROSE-GOLD_37,OPEN,37,9,20.16,0.45,13,0.2787,0.5335,0.8245,4.1,1.83,5473.85,865,975,988
2025-11-27,SUS01,25_1105_BROWN_39,PREMIUM OPEN,39,16,17.23,0.93,11,0.2642,0.5273,0.8289,3.95,3.66,5460.36,899,409,989
2025-11-27,INS01,24_1098_WHITE_41,OPEN,41,6,18.67,0.32,10,0.2869,0.5636,0.8566,4.26,1.37,5457.86,656,1218,990
2025-11-27,SUS01,31_1147_ANTIC-GOLD_39,PREMIUM CLOSE,39,28,22.72,1.23,6,0.0753,0.2689,0.651,1.48,1.83,5457.41,2039,976,991
2025-11-27,CHS01,25_1105_MAROON_41,PREMIUM OPEN,41,21,25.02,0.84,21,0.3036,0.5378,0.8054,4.35,3.65,5440.01,841,414,992
2025-11-27,BHS01,29_1133_BROWN_37,BOYS CLOSE,37,6,16.0,0.38,4,0.1635,0.4816,0.8511,2.9,1.09,5435.12,1166,1430,993
2025-11-27,HYS01,10_1000_WHITE_42,PREMIUM CLOSE,42,24,29.22,0.82,9,0.0939,0.2731,0.6198,1.66,1.36,5432.98,2018,1221,994
2025-11-27,BHS01,16_1042_BLUE-NAVY_42,OPEN,42,17,21.16,0.8,21,0.3168,0.5545,0.8179,4.52,3.63,5413.04,722,421,995
2025-11-27,PUS01,25_1105_BROWN_39,PREMIUM OPEN,39,22,22.81,0.96,15,0.2539,0.4912,0.7859,3.75,3.62,5392.31,1113,427,996
2025-11-27,KOS01,11_1007_TAN_40,PREMIUM CLOSE,40,9,24.0,0.38,6,0.1128,0.3492,0.7317,2.06,0.77,5389.28,1759,1715,997
2025-11-27,AHS01,14_1028_ROSE-GOLD_37,OPEN,37,8,15.45,0.52,16,0.5141,0.771,0.9464,6.97,3.61,5380.28,25,428,998
2025-11-27,PUS01,32_1154_MAROON_43,CLOSE,43,9,31.5,0.29,13,0.1727,0.3827,0.7023,2.69,0.77,5380.26,1619,1717,999
2025-11-27,MAS01,21_1077_BLUE-NAVY_40,PREMIUM CLOSE,40,8,26.35,0.3,8,0.1523,0.3921,0.7479,2.54,0.77,5379.45,1577,1718,1000
2025-11-27,HYS01,16_1042_TAN_40,OPEN,40,15,18.26,0.82,10,0.2977,0.5767,0.8643,4.39,3.61,5375.79,577,429,1001
2025-11-27,INS01,31_1147_ANTIC-GOLD_41,PREMIUM CLOSE,41,12,20.36,0.59,8,0.1899,0.452,0.795,3.05,1.8,5371.67,1301,992,1002
2025-11-27,PUS01,24_1098_WHITE_44,OPEN,44,5,28.0,0.18,26,0.562,0.8017,0.9544,7.53,1.34,5362.81,12,1231,1003
2025-11-27,BES01,31_1147_ANTIC-GOLD_37,PREMIUM CLOSE,37,10,28.0,0.36,11,0.3488,0.6285,0.8891,5.01,1.79,5352.57,311,1000,1004
2025-11-27,BHS01,17_1049_BROWN_40,CLOSE,40,16,21.33,0.75,8,0.1761,0.4307,0.7791,2.86,2.15,5344.76,1397,839,1005
2025-11-27,INS01,24_1098_MAROON_41,OPEN,41,8,22.4,0.36,12,0.2503,0.5022,0.8068,3.75,1.34,5342.21,1045,1234,1006
2025-11-27,CHS01,14_1028_NAVY_41,OPEN,41,28,24.12,1.16,12,0.2001,0.4312,0.7514,3.08,3.58,5333.81,1394,436,1007
2025-11-27,SUS01,33_1161_ROSE-GOLD_39,OPEN,39,12,26.88,0.45,19,0.2752,0.5059,0.7851,4.0,1.78,5333.23,1028,1002,1008
2025-11-27,AHS01,14_1028_ROSE-GOLD_42,OPEN,42,18,24.59,0.73,25,0.3457,0.5832,0.8329,4.87,3.57,5316.24,549,437,1009
2025-11-27,COS01,31_1147_ANTIC-GOLD_41,PREMIUM CLOSE,41,20,18.36,1.09,3,0.072,0.3231,0.7502,1.63,1.78,5311.61,1845,1007,1010
2025-11-27,KOS01,27_1119_ANTIC-GOLD_40,CLOSE,40,16,27.15,0.59,12,0.1948,0.4232,0.7447,3.01,1.78,5308.66,1427,1009,1011
2025-11-27,KOS01,10_1000_BROWN_37,PREMIUM CLOSE,37,3,16.8,0.18,18,0.554,0.8012,0.9567,7.44,1.33,5301.7,13,1243,1012
2025-11-27,PUS01,12_1014_ANTIC-GOLD_43,CLOSE,43,34,30.71,1.11,8,0.0479,0.1766,0.5023,0.96,1.06,5284.88,2320,1445,1013
2025-11-27,INS01,27_1119_ANTIC-GOLD_38,CLOSE,38,14,24.5,0.57,12,0.2004,0.4317,0.7519,3.09,1.76,5277.2,1389,1013,1014
2025-11-27,SUS01,18_1056_ANTIC-GOLD_43,GIRLS_OPEN,43,5,31.11,0.16,20,0.3301,0.5729,0.833,4.7,0.75,5276.01,600,1730,1015
2025-11-27,MAS01,31_1147_WHITE_41,PREMIUM CLOSE,41,10,21.54,0.46,14,0.2564,0.4991,0.7958,3.8,1.76,5272.26,1059,1014,1016
2025-11-27,BHS01,27_1119_WHITE_38,CLOSE,38,12,28.0,0.43,18,0.2837,0.5198,0.7985,4.11,1.76,5269.83,939,1016,1017
2025-11-27,CHS01,14_1028_NAVY_38,OPEN,38,23,26.29,0.88,22,0.279,0.5038,0.7766,4.03,3.52,5248.49,1037,444,1018
2025-11-27,CHS01,23_1091_BLACK_39,OPEN,39,15,20.49,0.73,20,0.339,0.5835,0.8403,4.81,3.52,5245.79,548,445,1019
2025-11-27,CHS01,13_1021_WHITE_40,OPEN,40,21,24.5,0.86,20,0.284,0.5148,0.7897,4.1,3.52,5239.5,973,446,1020
2025-11-27,BES01,11_1007_BLACK_41,PREMIUM CLOSE,41,12,24.0,0.5,3,0.064,0.3017,0.7306,1.49,0.75,5224.23,1929,1741,1021
2025-11-27,MUS01,28_1126_TAN_42,GIRLS_OPEN,42,31,20.42,1.52,8,0.1362,0.3643,0.7236,2.31,3.5,5220.43,1706,449,1022
2025-11-27,BES01,31_1147_MAROON_43,PREMIUM CLOSE,43,6,16.0,0.38,5,0.307,0.648,0.9235,4.65,1.75,5219.13,244,1021,1023
2025-11-27,AHS01,31_1147_MAROON_40,PREMIUM CLOSE,40,10,26.67,0.38,24,0.3278,0.5628,0.8193,4.65,1.74,5212.0,662,1023,1024
2025-11-27,SUS01,33_1161_ROSE-GOLD_43,OPEN,43,10,26.67,0.38,24,0.3267,0.5614,0.8183,4.63,1.74,5196.27,669,1025,1025
2025-11-27,MUS01,24_1098_WHITE_37,OPEN,37,2,11.2,0.18,18,0.5403,0.79,0.9525,7.28,1.3,5186.28,16,1263,1026
2025-11-27,PUS01,17_1049_BROWN_43,CLOSE,43,8,17.92,0.45,15,0.3247,0.5811,0.8496,4.66,2.08,5184.57,562,855,1027
2025-11-27,CHS01,10_1000_WHITE_43,PREMIUM CLOSE,43,15,24.0,0.62,8,0.1202,0.3351,0.6962,2.08,1.3,5181.63,1811,1266,1028
2025-11-27,MAS01,27_1119_WHITE_41,CLOSE,41,8,17.23,0.46,8,0.2417,0.5255,0.8444,3.73,1.73,5179.0,908,1029,1029
2025-11-27,AHS01,17_1049_BLACK_40,CLOSE,40,13,17.76,0.73,4,0.1577,0.4721,0.8455,2.83,2.07,5151.48,1217,862,1030
2025-11-27,AHS01,28_1126_TAN_38,GIRLS_OPEN,38,14,23.06,0.61,17,0.4083,0.6682,0.897,5.69,3.46,5149.25,175,455,1031
2025-11-27,HYS01,14_1028_ROSE-GOLD_38,OPEN,38,15,17.87,0.84,11,0.2761,0.5426,0.8389,4.1,3.44,5126.63,808,456,1032
2025-11-27,COS01,33_1161_BLUE-NAVY_42,OPEN,42,9,22.91,0.39,14,0.3002,0.5556,0.8359,4.36,1.71,5125.47,711,1035,1033
2025-11-27,COS01,28_1126_TAN_39,GIRLS_OPEN,39,15,21.0,0.71,18,0.3385,0.5879,0.847,4.82,3.44,5124.94,517,457,1034
2025-11-27,MUS01,21_1077_BLUE-NAVY_38,PREMIUM CLOSE,38,14,39.2,0.36,13,0.1269,0.3058,0.623,2.05,0.73,5121.55,1909,1754,1035
2025-11-27,PUS01,17_1049_BLACK_38,CLOSE,38,30,22.7,1.32,7,0.0828,0.2719,0.6413,1.56,2.06,5119.31,2023,866,1036
2025-11-27,MAS01,12_1014_ANTIC-GOLD_37,CLOSE,37,5,23.33,0.21,20,0.3369,0.5811,0.8387,4.78,1.02,5114.52,561,1473,1037
2025-11-27,KOS01,14_1028_ROSE-GOLD_42,OPEN,42,14,18.67,0.75,11,0.3137,0.5885,0.867,4.58,3.43,5113.48,512,459,1038
2025-11-27,INS01,18_1056_GREY_41,GIRLS_OPEN,41,12,15.27,0.79,0,0.0213,0.2362,0.7224,0.93,0.73,5112.12,2148,1755,1039
2025-11-27,CHS01,33_1161_ROSE-GOLD_42,OPEN,42,9,17.38,0.52,7,0.2056,0.4885,0.8281,3.3,1.71,5103.78,1128,1039,1040
2025-11-27,BHS01,22_1084_NAVY_41,CLOSE,41,15,32.31,0.46,25,0.3091,0.5378,0.7988,4.4,2.04,5090.71,840,872,1041
2025-11-27,AHS01,20_1070_ANTIC-GOLD_38,PREMIUM CLOSE,38,5,28.0,0.18,7,0.2664,0.5697,0.876,4.08,0.73,5090.52,618,1758,1042
2025-11-27,BHS01,14_1028_ROSE-GOLD_40,OPEN,40,16,19.06,0.84,8,0.2683,0.5597,0.8646,4.07,3.42,5089.22,681,460,1043
2025-11-27,SUS01,16_1042_TAN_39,OPEN,39,17,17.96,0.95,11,0.238,0.4924,0.8047,3.61,3.41,5085.71,1106,461,1044
2025-11-27,HYS01,17_1049_MAROON_38,CLOSE,38,13,18.67,0.7,8,0.1812,0.4387,0.7852,2.93,2.04,5084.33,1361,874,1045
2025-11-27,PUS01,10_1000_BROWN_41,PREMIUM CLOSE,41,35,26.49,1.32,6,0.0444,0.1886,0.5478,0.96,1.27,5079.58,2278,1279,1046
2025-11-27,MAS01,24_1098_MAROON_39,OPEN,39,8,18.67,0.43,8,0.1836,0.4424,0.7879,2.96,1.27,5068.19,1344,1282,1047
2025-11-27,INS01,18_1056_GREY_43,GIRLS_OPEN,43,16,23.58,0.68,4,0.0444,0.2204,0.6239,1.07,0.72,5054.73,2181,1761,1048
2025-11-27,COS01,31_1147_MAROON_40,PREMIUM CLOSE,40,10,28.0,0.36,33,0.3355,0.563,0.8104,4.72,1.69,5043.99,660,1045,1049
2025-11-27,BES01,23_1091_BLUE-NAVY_40,OPEN,40,16,23.58,0.68,19,0.3524,0.6016,0.8541,4.98,3.38,5039.44,425,466,1050
2025-11-27,BHS01,28_1126_ROSE-GOLD_38,GIRLS_OPEN,38,16,21.33,0.75,17,0.3133,0.5602,0.8305,4.5,3.38,5029.85,675,467,1051
2025-11-27,MUS01,10_1000_WHITE_42,PREMIUM CLOSE,42,12,32.0,0.38,17,0.2259,0.4442,0.7396,3.36,1.26,5029.39,1335,1290,1052
2025-11-27,HYS01,10_1000_BROWN_37,PREMIUM CLOSE,37,8,23.58,0.34,13,0.2484,0.4936,0.7959,3.71,1.26,5018.71,1096,1292,1053
2025-11-27,HYS01,20_1070_ANTIC-GOLD_44,PREMIUM CLOSE,44,3,24.0,0.12,27,0.4152,0.6605,0.8826,5.74,0.72,5018.17,199,1765,1054
2025-11-27,COS01,14_1028_WHITE_38,OPEN,38,11,15.79,0.7,12,0.3354,0.6075,0.8744,4.83,3.37,5014.02,402,468,1055
2025-11-27,MUS01,24_1098_WHITE_38,OPEN,38,4,14.0,0.29,7,0.2917,0.6002,0.8916,4.39,1.26,5009.43,437,1293,1056
2025-11-27,HYS01,11_1007_TAN_37,PREMIUM CLOSE,37,6,24.0,0.25,9,0.1783,0.4229,0.7649,2.86,0.72,4997.92,1429,1768,1057
2025-11-27,INS01,31_1147_ANTIC-GOLD_39,PREMIUM CLOSE,39,15,30.0,0.5,16,0.2236,0.4447,0.7439,3.34,1.67,4995.04,1333,1054,1058
2025-11-27,MUS01,23_1091_BLUE-NAVY_43,OPEN,43,10,15.14,0.66,13,0.3542,0.6236,0.8806,5.05,3.34,4976.16,331,470,1059
2025-11-27,PUS01,20_1070_ANTIC-GOLD_38,PREMIUM CLOSE,38,11,26.78,0.41,7,0.0943,0.2967,0.6684,1.73,0.71,4974.94,1938,1770,1060
2025-11-27,MUS01,27_1119_WHITE_44,CLOSE,44,12,24.0,0.5,14,0.2206,0.4496,0.7565,3.33,1.66,4973.87,1315,1057,1061
2025-11-27,COS01,18_1056_BLACK_37,GIRLS_OPEN,37,7,32.67,0.21,13,0.2188,0.4523,0.7636,3.32,0.71,4968.55,1298,1773,1062
2025-11-27,KOS01,27_1119_WHITE_40,CLOSE,40,21,21.38,0.98,4,0.0807,0.3196,0.7316,1.69,1.66,4961.78,1856,1060,1063
2025-11-27,PUS01,14_1028_NAVY_41,OPEN,41,53,29.39,1.8,11,0.1099,0.2877,0.6178,1.84,3.33,4957.11,1970,473,1064
2025-11-27,SUS01,32_1154_MAROON_39,CLOSE,39,5,35.0,0.14,37,0.3547,0.5843,0.8245,4.96,0.71,4956.68,542,1775,1065
2025-11-27,MUS01,28_1126_TAN_37,GIRLS_OPEN,37,9,15.75,0.57,20,0.418,0.6721,0.8953,5.8,3.31,4936.0,165,474,1066
2025-11-27,INS01,10_1000_WHITE_39,PREMIUM CLOSE,39,8,26.35,0.3,16,0.2792,0.5207,0.8049,4.07,1.24,4932.66,933,1308,1067
2025-11-27,CHS01,28_1126_BLUE-NAVY_43,GIRLS_OPEN,43,16,21.33,0.75,19,0.3073,0.5472,0.8165,4.41,3.31,4928.57,773,475,1068
2025-11-27,MAS01,11_1007_BLACK_42,PREMIUM CLOSE,42,3,24.0,0.12,40,0.4082,0.646,0.8678,5.64,0.7,4927.85,250,1779,1069
2025-11-27,PUS01,25_1105_BROWN_43,PREMIUM OPEN,43,16,18.67,0.86,13,0.2599,0.5091,0.8072,3.86,3.31,4927.03,1005,476,1070
2025-11-27,MAS01,28_1126_TAN_41,GIRLS_OPEN,41,12,18.16,0.66,13,0.3495,0.6184,0.8776,5.0,3.3,4918.32,358,478,1071
2025-11-27,COS01,11_1007_BLACK_40,PREMIUM CLOSE,40,11,29.33,0.38,7,0.1035,0.3156,0.6879,1.87,0.7,4905.21,1873,1780,1072
2025-11-27,MUS01,18_1056_BLACK_41,GIRLS_OPEN,41,44,25.14,1.75,0,0.0061,0.1157,0.5444,0.4,0.7,4897.15,2476,1781,1073
2025-11-27,COS01,28_1126_BLUE-NAVY_39,GIRLS_OPEN,39,25,24.14,1.04,12,0.2066,0.4408,0.7595,3.17,3.28,4894.6,1353,480,1074
2025-11-27,INS01,11_1007_BLACK_43,PREMIUM CLOSE,43,5,23.33,0.21,10,0.2106,0.4619,0.7881,3.27,0.7,4893.93,1256,1782,1075
2025-11-27,BES01,11_1007_TAN_44,PREMIUM CLOSE,44,9,42.0,0.21,23,0.222,0.4226,0.7018,3.27,0.7,4892.22,1432,1783,1076
2025-11-27,INS01,10_1000_WHITE_38,PREMIUM CLOSE,38,12,24.89,0.48,10,0.1572,0.3794,0.7198,2.54,1.23,4890.41,1641,1315,1077
2025-11-27,MAS01,12_1014_BROWN_43,CLOSE,43,9,26.53,0.34,10,0.182,0.4191,0.7543,2.88,0.98,4881.15,1445,1523,1078
2025-11-27,COS01,18_1056_ANTIC-GOLD_39,GIRLS_OPEN,39,16,24.89,0.64,1,0.0325,0.2551,0.7211,1.09,0.7,4880.93,2082,1785,1079
2025-11-27,MUS01,25_1105_MAROON_40,PREMIUM OPEN,40,27,20.16,1.34,8,0.1457,0.3809,0.7383,2.44,3.27,4875.12,1631,483,1080
2025-11-27,KOS01,17_1049_BROWN_40,CLOSE,40,15,16.15,0.93,4,0.1072,0.3785,0.7816,2.1,1.95,4859.29,1643,912,1081
2025-11-27,AHS01,25_1105_BROWN_40,PREMIUM OPEN,40,35,25.45,1.38,6,0.1344,0.39,0.7664,2.37,3.26,4856.24,1587,486,1082
2025-11-27,PUS01,32_1154_MAROON_39,CLOSE,39,11,21.24,0.52,4,0.0598,0.2659,0.6777,1.34,0.69,4855.77,2048,1789,1083
2025-11-27,MUS01,14_1028_ROSE-GOLD_38,OPEN,38,16,21.85,0.73,18,0.3095,0.5526,0.8227,4.45,3.25,4849.68,735,487,1084
2025-11-27,PUS01,14_1028_NAVY_40,OPEN,40,17,22.67,0.75,16,0.2998,0.5469,0.8238,4.34,3.25,4846.69,777,489,1085
2025-11-27,BHS01,16_1042_TAN_40,OPEN,40,25,17.95,1.39,4,0.1227,0.4095,0.8046,2.33,3.25,4838.13,1491,490,1086
2025-11-27,MUS01,25_1105_BLACK_39,PREMIUM OPEN,39,31,32.15,0.96,20,0.2278,0.4379,0.7242,3.36,3.24,4831.54,1367,491,1087
2025-11-27,INS01,22_1084_NAVY_40,CLOSE,40,15,24.71,0.61,13,0.2095,0.4388,0.7524,3.19,1.94,4827.16,1360,919,1088
2025-11-27,MUS01,16_1042_TAN_43,OPEN,43,14,28.0,0.5,29,0.4742,0.7203,0.9158,6.47,3.23,4818.41,68,495,1089
2025-11-27,INS01,24_1098_WHITE_38,OPEN,38,9,18.67,0.48,7,0.1471,0.3965,0.7612,2.5,1.21,4812.64,1556,1326,1090
2025-11-27,CHS01,33_1161_ROSE-GOLD_44,OPEN,44,7,21.78,0.32,20,0.3542,0.6015,0.8524,5.0,1.61,4806.62,426,1078,1091
2025-11-27,CHS01,10_1000_BROWN_39,PREMIUM CLOSE,39,18,33.6,0.54,13,0.1402,0.3291,0.6484,2.24,1.2,4790.21,1832,1335,1092
2025-11-27,AHS01,10_1000_ROSE-GOLD_42,PREMIUM CLOSE,42,23,34.81,0.66,7,0.0998,0.308,0.6802,1.82,1.2,4786.28,1902,1336,1093
2025-11-27,PUS01,25_1105_BLACK_39,PREMIUM OPEN,39,33,16.07,2.05,3,0.0679,0.3122,0.7404,1.56,3.21,4776.36,1889,499,1094
2025-11-27,SUS01,16_1042_ANTIC-GOLD_40,OPEN,40,27,18.67,1.45,7,0.1265,0.3599,0.73,2.21,3.2,4761.65,1722,501,1095
2025-11-27,PUS01,32_1154_MAROON_37,CLOSE,37,2,16.0,0.12,10,0.383,0.6711,0.9132,5.44,0.68,4757.12,167,1801,1096
2025-11-27,COS01,16_1042_ANTIC-GOLD_39,OPEN,39,14,20.1,0.7,19,0.3208,0.5638,0.8285,4.58,3.19,4755.36,652,503,1097
2025-11-27,COS01,17_1049_MAROON_38,CLOSE,38,16,28.9,0.55,19,0.2326,0.4474,0.7358,3.43,1.9,4733.07,1324,935,1098
2025-11-27,SUS01,14_1028_ROSE-GOLD_40,OPEN,40,16,18.67,0.86,9,0.2421,0.5151,0.8316,3.71,3.18,4732.55,968,505,1099
2025-11-27,HYS01,26_1112_WHITE_39,OPEN,39,69,23.56,2.93,1,0.008,0.1109,0.5092,0.4,1.18,4727.58,2485,1352,1100
2025-11-27,BES01,23_1091_BLACK_38,OPEN,38,10,17.5,0.57,24,0.3989,0.6458,0.8758,5.55,3.17,4723.31,251,506,1101
2025-11-27,INS01,10_1000_BROWN_41,PREMIUM CLOSE,41,22,25.14,0.88,7,0.0699,0.2424,0.6063,1.35,1.18,4721.18,2124,1353,1102
2025-11-27,COS01,31_1147_MAROON_38,PREMIUM CLOSE,38,8,24.89,0.32,29,0.3487,0.5825,0.8284,4.9,1.58,4710.44,551,1092,1103
2025-11-27,BHS01,27_1119_ANTIC-GOLD_43,CLOSE,43,18,32.52,0.55,15,0.1858,0.3929,0.7012,2.84,1.57,4707.97,1573,1096,1104
2025-11-27,BHS01,21_1077_BLUE-NAVY_44,PREMIUM CLOSE,44,3,21.0,0.14,9,0.3201,0.6113,0.8876,4.69,0.67,4685.85,382,1817,1105
2025-11-27,BHS01,11_1007_BLACK_37,PREMIUM CLOSE,37,3,24.0,0.12,18,0.3819,0.6374,0.878,5.36,0.67,4683.14,284,1818,1106
2025-11-27,MUS01,20_1070_ANTIC-GOLD_37,PREMIUM CLOSE,37,4,24.89,0.16,13,0.2838,0.54,0.8289,4.17,0.67,4679.94,823,1820,1107
2025-11-27,SUS01,27_1119_WHITE_39,CLOSE,39,30,30.55,0.98,9,0.0895,0.2641,0.6092,1.59,1.56,4673.96,2057,1100,1108
2025-11-27,COS01,13_1021_BROWN_40,OPEN,40,14,17.04,0.82,8,0.2484,0.5343,0.8498,3.82,3.13,4670.69,859,512,1109
2025-11-27,SUS01,33_1161_ROSE-GOLD_40,OPEN,40,14,22.4,0.62,8,0.1494,0.3872,0.7438,2.49,1.56,4662.12,1601,1101,1110
2025-11-27,COS01,17_1049_BLACK_38,CLOSE,38,11,23.69,0.46,16,0.2752,0.5154,0.801,4.02,1.87,4647.49,967,949,1111
2025-11-27,AHS01,27_1119_ANTIC-GOLD_44,CLOSE,44,15,23.33,0.64,6,0.1378,0.396,0.7711,2.42,1.55,4647.44,1557,1105,1112
2025-11-27,SUS01,12_1014_ROSE-GOLD_44,CLOSE,44,10,40.0,0.25,23,0.2565,0.4714,0.7469,3.72,0.93,4646.92,1220,1563,1113
2025-11-27,HYS01,18_1056_ANTIC-GOLD_44,GIRLS_OPEN,44,7,18.67,0.38,3,0.0804,0.3444,0.7685,1.77,0.66,4639.74,1778,1825,1114
2025-11-27,CHS01,30_1140_WHITE_37,PREMIUM CLOSE,37,6,24.0,0.25,12,0.2474,0.4982,0.8039,3.71,0.93,4628.54,1070,1568,1115
2025-11-27,INS01,14_1028_NAVY_40,OPEN,40,30,27.54,1.09,16,0.1869,0.3901,0.6938,2.85,3.1,4619.55,1586,519,1116
2025-11-27,SUS01,16_1042_ANTIC-GOLD_38,OPEN,38,17,24.41,0.7,24,0.3123,0.5434,0.8046,4.45,3.1,4616.29,801,520,1117
2025-11-27,BHS01,28_1126_BLUE-NAVY_42,GIRLS_OPEN,42,8,13.58,0.59,9,0.364,0.659,0.9108,5.23,3.08,4592.14,203,524,1118
2025-11-27,CHS01,14_1028_ROSE-GOLD_40,OPEN,40,54,27.0,2.0,7,0.0818,0.2697,0.6388,1.54,3.08,4590.16,2032,525,1119
2025-11-27,BHS01,18_1056_GREY_42,GIRLS_OPEN,42,14,21.19,0.66,1,0.0284,0.2364,0.7008,0.99,0.65,4569.92,2145,1830,1120
2025-11-27,CHS01,27_1119_ANTIC-GOLD_44,CLOSE,44,5,15.56,0.32,10,0.3253,0.609,0.8823,4.74,1.52,4552.68,393,1121,1121
2025-11-27,COS01,18_1056_BLACK_38,GIRLS_OPEN,38,14,32.67,0.43,7,0.08,0.2657,0.6342,1.51,0.65,4531.32,2049,1837,1122
2025-11-27,MAS01,24_1098_WHITE_43,OPEN,43,5,23.33,0.21,34,0.3798,0.6159,0.8492,5.29,1.13,4520.87,368,1394,1123
2025-11-27,BHS01,21_1077_MAROON_44,PREMIUM CLOSE,44,4,24.89,0.16,10,0.2687,0.5408,0.8426,4.02,0.65,4520.68,820,1838,1124
2025-11-27,KOS01,14_1028_WHITE_39,OPEN,39,17,14.88,1.14,4,0.1452,0.4507,0.8323,2.65,3.03,4516.27,1307,530,1125
2025-11-27,CHS01,17_1049_MAROON_43,CLOSE,43,19,25.33,0.75,11,0.1499,0.359,0.693,2.42,1.81,4513.54,1725,985,1126
2025-11-27,SUS01,14_1028_WHITE_40,OPEN,40,21,30.95,0.68,29,0.3147,0.5401,0.7957,4.46,3.03,4512.86,821,531,1127
2025-11-27,AHS01,25_1105_MAROON_40,PREMIUM OPEN,40,31,28.93,1.07,8,0.173,0.4258,0.7753,2.82,3.02,4501.85,1416,532,1128
2025-11-27,HYS01,14_1028_WHITE_41,OPEN,41,33,20.31,1.62,6,0.0994,0.3222,0.7066,1.86,3.02,4495.32,1849,535,1129
2025-11-27,HYS01,12_1014_BROWN_42,CLOSE,42,73,21.98,3.32,0,0.0035,0.0821,0.4671,0.27,0.9,4486.45,2537,1593,1130
2025-11-27,CHS01,18_1056_GREY_44,GIRLS_OPEN,44,6,22.4,0.27,6,0.1363,0.3932,0.769,2.4,0.64,4486.24,1569,1845,1131
2025-11-27,HYS01,25_1105_BLACK_41,PREMIUM OPEN,41,28,24.5,1.14,10,0.1638,0.3902,0.7294,2.63,3.01,4483.87,1585,538,1132
2025-11-27,MUS01,10_1000_ROSE-GOLD_38,PREMIUM CLOSE,38,21,30.15,0.7,10,0.0926,0.2616,0.5961,1.61,1.12,4477.22,2063,1402,1133
2025-11-27,MAS01,13_1021_WHITE_40,OPEN,40,9,16.8,0.54,23,0.4028,0.6513,0.8801,5.6,3.0,4468.67,229,540,1134
2025-11-27,HYS01,28_1126_TAN_42,GIRLS_OPEN,42,12,22.4,0.54,29,0.4035,0.6461,0.8723,5.59,3.0,4464.62,249,543,1135
2025-11-27,SUS01,11_1007_BLACK_41,PREMIUM CLOSE,41,11,26.78,0.41,7,0.0827,0.2717,0.641,1.55,0.64,4462.1,2024,1852,1136
2025-11-27,COS01,31_1147_MAROON_37,PREMIUM CLOSE,37,1,5.09,0.2,4,0.5684,0.8695,0.9868,7.6,1.49,4461.75,3,1132,1137
2025-11-27,BES01,23_1091_BROWN_38,OPEN,38,14,23.76,0.59,18,0.3596,0.6123,0.8627,5.08,2.99,4460.78,378,544,1138
2025-11-27,CHS01,18_1056_GREY_37,GIRLS_OPEN,37,8,26.35,0.3,7,0.1189,0.3457,0.717,2.1,0.64,4453.92,1776,1854,1139
2025-11-27,AHS01,16_1042_TAN_41,OPEN,41,36,36.0,1.0,11,0.1915,0.4255,0.7528,2.99,2.99,4453.54,1418,545,1140
2025-11-27,MAS01,21_1077_MAROON_41,PREMIUM CLOSE,41,9,17.38,0.52,2,0.0445,0.2695,0.7164,1.23,0.64,4452.85,2035,1855,1141
2025-11-27,INS01,17_1049_MAROON_38,CLOSE,38,7,19.6,0.36,18,0.3536,0.6055,0.8584,5.01,1.79,4451.66,411,1001,1142
2025-11-27,COS01,28_1126_BLUE-NAVY_42,GIRLS_OPEN,42,37,29.6,1.25,14,0.1514,0.3425,0.6563,2.38,2.98,4437.36,1788,546,1143
2025-11-27,MUS01,16_1042_ANTIC-GOLD_38,OPEN,38,8,15.45,0.52,19,0.4139,0.6696,0.8951,5.75,2.98,4437.04,172,547,1144
2025-11-27,PUS01,27_1119_WHITE_41,CLOSE,41,26,23.11,1.12,5,0.062,0.2524,0.6467,1.32,1.48,4427.82,2093,1140,1145
2025-11-27,INS01,24_1098_WHITE_40,OPEN,40,8,40.73,0.2,27,0.4076,0.6522,0.8775,5.65,1.11,4426.9,224,1412,1146
2025-11-27,COS01,14_1028_ROSE-GOLD_39,OPEN,39,12,19.76,0.61,11,0.3388,0.6173,0.8832,4.89,2.97,4422.56,365,550,1147
2025-11-27,BHS01,23_1091_BLACK_41,OPEN,41,15,24.0,0.62,23,0.3337,0.5716,0.8272,4.73,2.96,4402.99,609,552,1148
2025-11-27,KOS01,20_1070_ANTIC-GOLD_43,PREMIUM CLOSE,43,4,24.89,0.16,10,0.2599,0.5296,0.8354,3.91,0.63,4394.56,890,1860,1149
2025-11-27,BES01,28_1126_TAN_43,GIRLS_OPEN,43,12,24.89,0.48,15,0.4416,0.7071,0.9197,6.11,2.95,4388.64,98,554,1150
2025-11-27,MAS01,28_1126_BLUE-NAVY_41,GIRLS_OPEN,41,18,18.33,0.98,9,0.1881,0.438,0.7768,2.99,2.94,4378.9,1365,556,1151
2025-11-27,PUS01,16_1042_TAN_40,OPEN,40,41,30.21,1.36,11,0.1321,0.3282,0.6621,2.16,2.94,4377.74,1836,557,1152
2025-11-27,KOS01,10_1000_WHITE_44,PREMIUM CLOSE,44,6,21.0,0.29,10,0.2541,0.522,0.8304,3.84,1.1,4374.39,922,1423,1153
2025-11-27,KOS01,20_1070_ANTIC-GOLD_37,PREMIUM CLOSE,37,3,28.0,0.11,33,0.4232,0.6654,0.8826,5.83,0.63,4369.49,182,1865,1154
2025-11-27,MUS01,30_1140_WHITE_37,PREMIUM CLOSE,37,5,23.33,0.21,13,0.2768,0.5311,0.8228,4.08,0.87,4358.98,880,1619,1155
2025-11-27,INS01,16_1042_ANTIC-GOLD_39,OPEN,39,14,20.63,0.68,18,0.2984,0.5386,0.8126,4.3,2.92,4350.16,836,561,1156
2025-11-27,COS01,12_1014_ROSE-GOLD_43,CLOSE,43,18,18.33,0.98,1,0.0243,0.2162,0.677,0.89,0.87,4349.46,2194,1621,1157
2025-11-27,HYS01,15_1035_GREY_40,PREMIUM OPEN,40,7,20.63,0.34,13,0.2921,0.5504,0.8359,4.27,1.45,4333.79,748,1160,1158
2025-11-27,MUS01,24_1098_WHITE_43,OPEN,43,8,28.0,0.29,17,0.2585,0.4897,0.7778,3.79,1.08,4324.26,1119,1433,1159
2025-11-27,MUS01,21_1077_MAROON_37,PREMIUM CLOSE,37,4,28.0,0.14,16,0.2992,0.5462,0.8233,4.33,0.62,4323.5,782,1869,1160
2025-11-27,BHS01,17_1049_MAROON_38,CLOSE,38,5,16.47,0.3,12,0.4072,0.6843,0.9143,5.71,1.73,4319.58,139,1028,1161
2025-11-27,HYS01,14_1028_ROSE-GOLD_43,OPEN,43,31,29.42,1.05,15,0.179,0.3822,0.6909,2.75,2.9,4318.48,1621,564,1162
2025-11-27,AHS01,33_1161_ROSE-GOLD_37,OPEN,37,7,26.13,0.27,14,0.3818,0.6495,0.8923,5.39,1.44,4313.56,237,1164,1163
2025-11-27,CHS01,23_1091_BROWN_42,OPEN,42,16,23.58,0.68,17,0.2938,0.5359,0.8132,4.25,2.88,4298.28,850,566,1164
2025-11-27,AHS01,25_1105_BLACK_42,PREMIUM OPEN,42,37,31.39,1.18,9,0.1483,0.3742,0.7233,2.45,2.88,4296.28,1664,568,1165
2025-11-27,KOS01,27_1119_ANTIC-GOLD_43,CLOSE,43,10,21.54,0.46,8,0.1926,0.4561,0.798,3.09,1.43,4282.86,1280,1173,1166
2025-11-27,COS01,14_1028_WHITE_39,OPEN,39,13,20.8,0.62,13,0.3172,0.581,0.8554,4.59,2.87,4274.88,563,572,1167
2025-11-27,COS01,16_1042_ANTIC-GOLD_40,OPEN,40,22,24.64,0.89,12,0.2097,0.4454,0.7632,3.21,2.87,4274.81,1332,573,1168
2025-11-27,MUS01,13_1021_BROWN_42,OPEN,42,26,20.22,1.29,7,0.1278,0.3622,0.732,2.23,2.86,4266.9,1714,575,1169
2025-11-27,PUS01,14_1028_NAVY_39,OPEN,39,43,30.48,1.41,13,0.1252,0.3027,0.6196,2.03,2.86,4261.18,1921,577,1170
2025-11-27,INS01,21_1077_BLUE-NAVY_37,PREMIUM CLOSE,37,1,11.2,0.09,9,0.4979,0.7813,0.9582,6.81,0.61,4252.58,20,1877,1171
2025-11-27,PUS01,21_1077_BLUE-NAVY_43,PREMIUM CLOSE,43,5,20.0,0.25,5,0.1348,0.4094,0.7926,2.43,0.61,4252.33,1493,1878,1172
2025-11-27,HYS01,23_1091_BLACK_42,OPEN,42,16,26.35,0.61,36,0.3325,0.5573,0.8039,4.68,2.84,4233.05,699,584,1173
2025-11-27,PUS01,31_1147_MAROON_43,PREMIUM CLOSE,43,11,34.22,0.32,19,0.3056,0.545,0.815,4.39,1.41,4217.71,791,1183,1174
2025-11-27,MUS01,23_1091_BLACK_39,OPEN,39,10,17.5,0.57,15,0.3476,0.6078,0.8662,4.95,2.83,4216.61,400,585,1175
2025-11-27,COS01,28_1126_ROSE-GOLD_41,GIRLS_OPEN,41,32,30.9,1.04,12,0.174,0.3911,0.7163,2.73,2.83,4212.99,1580,586,1176
2025-11-27,MAS01,31_1147_ANTIC-GOLD_39,PREMIUM CLOSE,39,12,33.6,0.36,23,0.2724,0.4931,0.7657,3.93,1.41,4201.78,1102,1188,1177
2025-11-27,AHS01,14_1028_WHITE_38,OPEN,38,13,22.75,0.57,19,0.3484,0.5969,0.8511,4.93,2.82,4200.55,466,591,1178
2025-11-27,MUS01,30_1140_WHITE_43,PREMIUM CLOSE,43,8,23.58,0.34,8,0.1484,0.3855,0.7423,2.48,0.84,4199.5,1612,1649,1179
2025-11-27,SUS01,33_1161_BLUE-NAVY_39,OPEN,39,20,28.0,0.71,10,0.1165,0.3081,0.6492,1.96,1.4,4195.88,1901,1190,1180
2025-11-27,INS01,24_1098_MAROON_38,OPEN,38,6,22.4,0.27,13,0.2644,0.515,0.8115,3.92,1.05,4185.74,969,1451,1181
2025-11-27,MUS01,25_1105_MAROON_43,PREMIUM OPEN,43,10,17.5,0.57,17,0.3458,0.5992,0.8564,4.91,2.81,4183.69,444,597,1182
2025-11-27,KOS01,16_1042_TAN_38,OPEN,38,9,15.75,0.57,10,0.339,0.6244,0.8904,4.91,2.8,4178.34,328,598,1183
2025-11-27,KOS01,14_1028_ROSE-GOLD_40,OPEN,40,28,29.58,0.95,12,0.1911,0.4175,0.7398,2.96,2.8,4177.18,1453,599,1184
2025-11-27,KOS01,24_1098_MAROON_42,OPEN,42,4,24.89,0.16,18,0.4753,0.7325,0.9281,6.5,1.05,4169.99,58,1457,1185
2025-11-27,KOS01,16_1042_TAN_39,OPEN,39,12,22.4,0.54,16,0.3699,0.6296,0.877,5.22,2.8,4169.03,306,600,1186
2025-11-27,CHS01,13_1021_WHITE_41,OPEN,41,12,18.67,0.64,13,0.2983,0.5581,0.8409,4.35,2.8,4167.8,692,601,1187
2025-11-27,MUS01,33_1161_ROSE-GOLD_37,OPEN,37,12,24.89,0.48,12,0.1857,0.4093,0.7326,2.89,1.39,4164.6,1494,1197,1188
2025-11-27,HYS01,11_1007_TAN_44,PREMIUM CLOSE,44,5,35.0,0.14,22,0.2897,0.5179,0.788,4.17,0.6,4159.55,949,1886,1189
2025-11-27,HYS01,26_1112_WHITE_37,OPEN,37,12,26.88,0.45,10,0.1424,0.3544,0.6964,2.33,1.04,4158.45,1740,1459,1190
2025-11-27,AHS01,16_1042_ANTIC-GOLD_41,OPEN,41,17,27.2,0.62,25,0.3127,0.5424,0.8024,4.45,2.78,4144.35,810,604,1191
2025-11-27,SUS01,31_1147_WHITE_41,PREMIUM CLOSE,41,9,16.8,0.54,6,0.1498,0.417,0.7873,2.59,1.39,4144.34,1457,1203,1192
2025-11-27,BHS01,17_1049_BROWN_43,CLOSE,43,6,19.76,0.3,23,0.3932,0.6408,0.8737,5.48,1.66,4141.92,268,1058,1193
2025-11-27,KOS01,21_1077_BLUE-NAVY_38,PREMIUM CLOSE,38,7,32.67,0.21,10,0.1729,0.4049,0.7423,2.76,0.59,4133.17,1507,1891,1194
2025-11-27,KOS01,17_1049_BLACK_39,CLOSE,39,30,23.33,1.29,5,0.0604,0.2481,0.6416,1.29,1.66,4125.68,2105,1063,1195
2025-11-27,HYS01,16_1042_TAN_39,OPEN,39,25,24.14,1.04,11,0.1681,0.3888,0.7209,2.67,2.76,4117.96,1592,609,1196
2025-11-27,MAS01,12_1014_ROSE-GOLD_42,CLOSE,42,19,32.24,0.59,5,0.067,0.2654,0.6615,1.4,0.82,4116.58,2051,1663,1197
2025-11-27,HYS01,15_1035_GREY_39,PREMIUM OPEN,39,5,18.67,0.27,15,0.3603,0.6222,0.8748,5.11,1.37,4093.09,337,1217,1198
2025-11-27,BHS01,14_1028_WHITE_39,OPEN,39,13,20.22,0.64,10,0.2878,0.5647,0.8572,4.27,2.74,4087.34,648,613,1199
2025-11-27,KOS01,28_1126_ROSE-GOLD_41,GIRLS_OPEN,41,20,20.0,1.0,6,0.161,0.4356,0.8009,2.74,2.74,4084.48,1376,614,1200
2025-11-27,COS01,17_1049_BLACK_40,CLOSE,40,16,25.6,0.62,8,0.1587,0.4028,0.7569,2.62,1.64,4084.31,1516,1069,1201
2025-11-27,AHS01,33_1161_BLUE-NAVY_44,OPEN,44,5,20.0,0.25,21,0.3908,0.6412,0.8761,5.46,1.36,4078.66,266,1219,1202
2025-11-27,CHS01,24_1098_MAROON_38,OPEN,38,5,23.33,0.21,16,0.3332,0.5876,0.8512,4.76,1.02,4072.35,521,1483,1203
2025-11-27,CHS01,10_1000_BROWN_37,PREMIUM CLOSE,37,9,31.5,0.29,18,0.242,0.4637,0.7531,3.57,1.02,4066.42,1251,1486,1204
2025-11-27,KOS01,12_1014_ROSE-GOLD_37,CLOSE,37,10,32.94,0.3,12,0.1705,0.3855,0.7112,2.68,0.81,4062.34,1611,1678,1205
2025-11-27,KOS01,18_1056_GREY_44,GIRLS_OPEN,44,8,28.0,0.29,7,0.1144,0.3371,0.7089,2.03,0.58,4059.83,1802,1909,1206
2025-11-27,SUS01,31_1147_ANTIC-GOLD_41,PREMIUM CLOSE,41,23,17.89,1.29,2,0.036,0.238,0.6822,1.06,1.36,4057.8,2139,1224,1207
2025-11-27,BHS01,33_1161_ROSE-GOLD_40,OPEN,40,16,21.33,0.75,4,0.088,0.3368,0.7471,1.81,1.36,4051.46,1803,1226,1208
2025-11-27,SUS01,17_1049_BROWN_41,CLOSE,41,15,28.97,0.52,15,0.2078,0.426,0.7316,3.14,1.63,4050.84,1415,1074,1209
2025-11-27,BES01,21_1077_BLUE-NAVY_37,PREMIUM CLOSE,37,4,22.4,0.18,4,0.1889,0.521,0.873,3.24,0.58,4048.61,931,1910,1210
2025-11-27,AHS01,20_1070_ANTIC-GOLD_44,PREMIUM CLOSE,44,3,28.0,0.11,46,0.3887,0.6221,0.8497,5.39,0.58,4036.68,338,1913,1211
2025-11-27,PUS01,18_1056_GREY_44,GIRLS_OPEN,44,10,22.4,0.45,4,0.057,0.258,0.669,1.29,0.58,4033.47,2076,1914,1212
2025-11-27,BHS01,12_1014_ANTIC-GOLD_40,CLOSE,40,48,28.29,1.7,1,0.01,0.1275,0.5423,0.48,0.81,4021.98,2447,1686,1213
2025-11-27,BES01,16_1042_ANTIC-GOLD_41,OPEN,41,20,32.0,0.62,18,0.2986,0.5389,0.8128,4.31,2.69,4009.48,830,631,1214
2025-11-27,INS01,10_1000_WHITE_44,PREMIUM CLOSE,44,6,24.0,0.25,15,0.2738,0.5176,0.8059,4.01,1.0,4002.56,953,1498,1215
2025-11-27,BES01,28_1126_ROSE-GOLD_39,GIRLS_OPEN,39,37,23.82,1.55,4,0.0829,0.3248,0.7365,1.73,2.68,3993.13,1842,633,1216
2025-11-27,AHS01,14_1028_WHITE_40,OPEN,40,25,18.42,1.36,4,0.0987,0.3607,0.7674,1.97,2.68,3990.72,1719,635,1217
2025-11-27,INS01,16_1042_BLUE-NAVY_38,OPEN,38,9,16.26,0.55,15,0.3382,0.597,0.8596,4.83,2.68,3987.33,465,636,1218
2025-11-27,INS01,13_1021_BROWN_40,OPEN,40,12,22.4,0.54,19,0.353,0.6023,0.8546,4.99,2.67,3984.54,420,638,1219
2025-11-27,MAS01,31_1147_WHITE_42,PREMIUM CLOSE,42,11,26.78,0.41,16,0.2163,0.4342,0.7347,3.24,1.33,3984.1,1382,1239,1220
2025-11-27,BES01,14_1028_ROSE-GOLD_39,OPEN,39,21,35.64,0.59,10,0.3088,0.59,0.8719,4.53,2.67,3979.28,497,640,1221
2025-11-27,KOS01,10_1000_WHITE_39,PREMIUM CLOSE,39,8,32.0,0.25,14,0.271,0.5185,0.8101,3.99,1.0,3978.11,946,1504,1222
2025-11-27,INS01,18_1056_BLACK_44,GIRLS_OPEN,44,5,18.67,0.27,4,0.1086,0.3814,0.7838,2.12,0.57,3974.86,1629,1924,1223
2025-11-27,AHS01,14_1028_NAVY_41,OPEN,41,18,21.91,0.82,6,0.1985,0.4937,0.8396,3.25,2.67,3973.01,1095,643,1224
2025-11-27,PUS01,30_1140_WHITE_40,PREMIUM CLOSE,40,12,21.68,0.55,4,0.0654,0.281,0.6939,1.44,0.8,3970.04,1992,1701,1225
2025-11-27,BHS01,23_1091_BROWN_41,OPEN,41,14,22.4,0.62,13,0.2897,0.5475,0.8339,4.24,2.65,3950.6,770,646,1226
2025-11-27,COS01,31_1147_ANTIC-GOLD_43,PREMIUM CLOSE,43,6,22.4,0.27,20,0.3484,0.5947,0.8479,4.93,1.32,3947.1,478,1248,1227
2025-11-27,COS01,16_1042_ANTIC-GOLD_38,OPEN,38,17,26.44,0.64,25,0.2869,0.5091,0.7755,4.12,2.65,3942.33,1004,648,1228
2025-11-27,BHS01,12_1014_ANTIC-GOLD_44,CLOSE,44,7,21.78,0.32,6,0.1405,0.4008,0.7749,2.46,0.79,3940.19,1524,1704,1229
2025-11-27,HYS01,17_1049_BLACK_39,CLOSE,39,15,20.49,0.73,6,0.1197,0.3626,0.7435,2.16,1.58,3932.58,1710,1088,1230
2025-11-27,SUS01,31_1147_ANTIC-GOLD_38,PREMIUM CLOSE,38,5,14.0,0.36,6,0.2317,0.5401,0.8667,3.68,1.31,3927.42,822,1251,1231
2025-11-27,INS01,13_1021_BROWN_38,OPEN,38,14,31.36,0.45,27,0.4279,0.6742,0.8908,5.9,2.63,3925.08,161,651,1232
2025-11-27,MAS01,33_1161_BLUE-NAVY_42,OPEN,42,8,23.58,0.34,14,0.2616,0.5061,0.801,3.87,1.31,3921.77,1025,1253,1233
2025-11-27,BHS01,25_1105_BLACK_38,PREMIUM OPEN,38,9,16.8,0.54,16,0.3444,0.6007,0.8595,4.9,2.63,3914.69,433,653,1234
2025-11-27,CHS01,23_1091_BROWN_38,OPEN,38,11,19.87,0.55,17,0.3314,0.5822,0.8454,4.73,2.62,3903.32,553,656,1235
2025-11-27,INS01,10_1000_BROWN_39,PREMIUM CLOSE,39,21,31.78,0.66,10,0.0838,0.2433,0.5733,1.48,0.98,3894.27,2121,1524,1236
2025-11-27,KOS01,31_1147_WHITE_41,PREMIUM CLOSE,41,21,22.19,0.95,5,0.0655,0.2616,0.6572,1.38,1.3,3891.59,2062,1257,1237
2025-11-27,AHS01,33_1161_ROSE-GOLD_41,OPEN,41,11,25.67,0.43,6,0.1827,0.4701,0.8246,3.04,1.3,3891.04,1227,1258,1238
2025-11-27,PUS01,14_1028_NAVY_42,OPEN,42,16,21.85,0.73,13,0.2376,0.4788,0.7846,3.57,2.61,3889.94,1176,659,1239
2025-11-27,AHS01,15_1035_GREY_43,PREMIUM OPEN,43,3,16.8,0.18,16,0.5403,0.793,0.9548,7.28,1.3,3888.36,15,1261,1240
2025-11-27,MUS01,21_1077_BLUE-NAVY_44,PREMIUM CLOSE,44,2,18.67,0.11,10,0.3622,0.6495,0.903,5.19,0.56,3888.2,236,1939,1241
2025-11-27,SUS01,33_1161_ROSE-GOLD_37,OPEN,37,5,21.54,0.23,25,0.4034,0.6496,0.8774,5.6,1.3,3887.92,234,1262,1242
2025-11-27,COS01,28_1126_ROSE-GOLD_40,GIRLS_OPEN,40,32,32.0,1.0,14,0.1677,0.3692,0.6835,2.61,2.61,3887.6,1688,660,1243
2025-11-27,BHS01,25_1105_BLACK_39,PREMIUM OPEN,39,23,23.85,0.96,8,0.1645,0.4122,0.7645,2.7,2.61,3884.49,1482,661,1244
2025-11-27,INS01,11_1007_BLACK_39,PREMIUM CLOSE,39,16,32.0,0.5,7,0.0551,0.2057,0.5582,1.11,0.55,3878.46,2224,1942,1245
2025-11-27,KOS01,23_1091_BROWN_39,OPEN,39,18,23.44,0.77,12,0.2228,0.4643,0.7783,3.39,2.6,3875.84,1250,662,1246
2025-11-27,SUS01,17_1049_BROWN_43,CLOSE,43,12,23.17,0.52,13,0.1956,0.4181,0.7346,3.01,1.56,3875.47,1449,1104,1247
2025-11-27,BES01,23_1091_BROWN_39,OPEN,39,14,25.29,0.55,24,0.33,0.5655,0.8214,4.68,2.59,3857.76,642,666,1248
2025-11-27,KOS01,21_1077_MAROON_37,PREMIUM CLOSE,37,7,30.15,0.23,9,0.1428,0.3647,0.7147,2.37,0.55,3844.3,1705,1947,1249
2025-11-27,KOS01,33_1161_BLUE-NAVY_37,OPEN,37,4,22.4,0.18,20,0.5337,0.7821,0.9484,7.2,1.29,3842.98,17,1274,1250
2025-11-27,PUS01,31_1147_MAROON_42,PREMIUM CLOSE,42,18,20.16,0.89,5,0.0693,0.2712,0.6679,1.44,1.28,3839.5,2025,1275,1251
2025-11-27,SUS01,25_1105_MAROON_42,PREMIUM OPEN,42,20,30.27,0.66,23,0.2696,0.4894,0.7625,3.9,2.58,3837.48,1122,668,1252
2025-11-27,BHS01,17_1049_MAROON_40,CLOSE,40,9,29.65,0.3,29,0.3621,0.5985,0.84,5.07,1.54,3833.62,455,1116,1253
2025-11-27,PUS01,17_1049_BLACK_42,CLOSE,42,41,32.8,1.25,10,0.0678,0.2085,0.5267,1.23,1.54,3828.02,2214,1117,1254
2025-11-27,INS01,11_1007_TAN_44,PREMIUM CLOSE,44,5,23.33,0.21,8,0.1533,0.3938,0.7493,2.55,0.55,3818.09,1566,1948,1255
2025-11-27,MAS01,11_1007_BLACK_40,PREMIUM CLOSE,40,14,29.04,0.48,6,0.0538,0.215,0.5848,1.13,0.54,3800.01,2198,1957,1256
2025-11-27,INS01,28_1126_BLUE-NAVY_44,GIRLS_OPEN,44,8,21.33,0.38,28,0.5002,0.746,0.9292,6.78,2.54,3790.89,45,681,1257
2025-11-27,MAS01,21_1077_MAROON_42,PREMIUM CLOSE,42,8,21.33,0.38,4,0.0659,0.2824,0.6953,1.45,0.54,3789.66,1989,1959,1258
2025-11-27,BES01,31_1147_ANTIC-GOLD_39,PREMIUM CLOSE,39,17,30.71,0.55,5,0.1247,0.3908,0.7785,2.29,1.27,3788.43,1583,1284,1259
2025-11-27,AHS01,25_1105_MAROON_43,PREMIUM OPEN,43,15,27.1,0.55,17,0.3204,0.569,0.8365,4.59,2.54,3787.7,624,682,1260
2025-11-27,CHS01,21_1077_BLUE-NAVY_43,PREMIUM CLOSE,43,7,39.2,0.18,15,0.1995,0.4137,0.7205,3.03,0.54,3781.9,1473,1963,1261
2025-11-27,KOS01,27_1119_WHITE_43,CLOSE,43,11,20.53,0.54,6,0.1336,0.3884,0.765,2.36,1.26,3776.35,1596,1288,1262
2025-11-27,CHS01,19_1063_MAROON_38,BOYS CLOSE,38,7,49.0,0.14,24,0.261,0.4759,0.7488,3.78,0.54,3774.73,1195,1964,1263
2025-11-27,HYS01,26_1112_WHITE_44,OPEN,44,13,31.65,0.41,12,0.1433,0.3405,0.6673,2.3,0.95,3773.11,1794,1552,1264
2025-11-27,BHS01,22_1084_NAVY_37,CLOSE,37,4,16.0,0.25,34,0.4392,0.6821,0.8925,6.03,1.51,3754.53,144,1127,1265
2025-11-27,MUS01,30_1140_WHITE_39,PREMIUM CLOSE,39,12,33.6,0.36,11,0.1278,0.3207,0.6542,2.1,0.75,3749.69,1853,1734,1266
2025-11-27,AHS01,13_1021_BROWN_42,OPEN,42,13,22.06,0.59,7,0.2811,0.5876,0.8853,4.26,2.51,3741.93,520,689,1267
2025-11-27,COS01,11_1007_BLACK_41,PREMIUM CLOSE,41,11,29.33,0.38,6,0.0719,0.2609,0.6419,1.43,0.54,3741.37,2066,1967,1268
2025-11-27,AHS01,33_1161_BLUE-NAVY_38,OPEN,38,14,27.03,0.52,6,0.1374,0.3953,0.7706,2.41,1.25,3735.11,1559,1300,1269
2025-11-27,KOS01,28_1126_ROSE-GOLD_43,GIRLS_OPEN,43,11,20.53,0.54,14,0.3246,0.5851,0.8549,4.67,2.5,3729.85,538,692,1270
2025-11-27,SUS01,20_1070_ANTIC-GOLD_43,PREMIUM CLOSE,43,5,23.33,0.21,7,0.1458,0.3942,0.7592,2.48,0.53,3718.72,1565,1972,1271
2025-11-27,PUS01,16_1042_TAN_37,OPEN,37,11,16.65,0.66,10,0.2495,0.5158,0.8264,3.78,2.5,3718.17,962,697,1272
2025-11-27,BES01,33_1161_ROSE-GOLD_44,OPEN,44,5,25.45,0.2,12,0.4584,0.7332,0.9358,6.33,1.24,3717.5,56,1305,1273
2025-11-27,INS01,14_1028_NAVY_42,OPEN,42,14,20.63,0.68,13,0.2457,0.49,0.7931,3.67,2.49,3712.85,1117,700,1274
2025-11-27,MAS01,13_1021_BROWN_41,OPEN,41,11,22.81,0.48,20,0.3672,0.6166,0.8621,5.17,2.49,3711.12,366,701,1275
2025-11-27,COS01,28_1126_TAN_43,GIRLS_OPEN,43,11,21.24,0.52,15,0.3362,0.5946,0.8581,4.81,2.49,3710.62,480,702,1276
2025-11-27,COS01,14_1028_ROSE-GOLD_41,OPEN,41,18,27.24,0.66,16,0.2556,0.4894,0.7809,3.77,2.49,3706.58,1120,703,1277
2025-11-27,SUS01,28_1126_ROSE-GOLD_38,GIRLS_OPEN,38,21,27.35,0.77,17,0.2165,0.4307,0.7276,3.24,2.49,3702.86,1396,704,1278
2025-11-27,KOS01,17_1049_BLACK_38,CLOSE,38,6,28.0,0.21,21,0.5101,0.7603,0.9386,6.91,1.48,3688.85,32,1139,1279
2025-11-27,INS01,25_1105_BROWN_41,PREMIUM OPEN,41,9,14.0,0.64,7,0.2483,0.5468,0.8635,3.85,2.47,3687.02,778,706,1280
2025-11-27,KOS01,16_1042_ANTIC-GOLD_39,OPEN,39,21,21.78,0.96,9,0.1566,0.3881,0.7356,2.56,2.47,3681.13,1597,707,1281
2025-11-27,SUS01,14_1028_WHITE_39,OPEN,39,12,17.23,0.7,8,0.2269,0.5055,0.8318,3.54,2.46,3671.91,1031,711,1282
2025-11-27,SUS01,31_1147_WHITE_43,PREMIUM CLOSE,43,5,23.33,0.21,36,0.415,0.6551,0.8749,5.73,1.23,3670.56,217,1313,1283
2025-11-27,CHS01,27_1119_WHITE_40,CLOSE,40,37,22.77,1.62,2,0.0227,0.1801,0.6071,0.75,1.23,3663.8,2303,1316,1284
2025-11-27,BES01,33_1161_ROSE-GOLD_43,OPEN,43,7,16.33,0.43,3,0.1536,0.4928,0.8679,2.86,1.23,3662.8,1103,1318,1285
2025-11-27,PUS01,28_1126_TAN_44,GIRLS_OPEN,44,5,16.47,0.3,24,0.6103,0.8406,0.969,8.1,2.46,3662.41,4,713,1286
2025-11-27,PUS01,25_1105_BLACK_42,PREMIUM OPEN,42,15,17.87,0.84,8,0.181,0.4383,0.7849,2.93,2.46,3662.27,1364,714,1287
2025-11-27,MAS01,27_1119_WHITE_37,CLOSE,37,3,15.27,0.2,18,0.4519,0.7101,0.9174,6.22,1.22,3653.21,94,1320,1288
2025-11-27,CHS01,28_1126_BLUE-NAVY_41,GIRLS_OPEN,41,27,13.62,1.98,1,0.0391,0.2827,0.7485,1.23,2.44,3642.77,1987,717,1289
2025-11-27,PUS01,22_1084_NAVY_40,CLOSE,40,30,23.33,1.29,5,0.0516,0.224,0.6119,1.14,1.46,3641.76,2176,1150,1290
2025-11-27,MAS01,28_1126_TAN_37,GIRLS_OPEN,37,5,12.17,0.41,12,0.4264,0.7031,0.9229,5.95,2.44,3638.92,106,719,1291
2025-11-27,HYS01,14_1028_WHITE_43,OPEN,43,14,21.78,0.64,14,0.2563,0.4991,0.7958,3.8,2.44,3637.32,1061,720,1292
2025-11-27,PUS01,11_1007_TAN_42,PREMIUM CLOSE,42,13,19.16,0.68,1,0.0197,0.1911,0.6446,0.77,0.52,3629.28,2264,1988,1293
2025-11-27,BES01,13_1021_WHITE_40,OPEN,40,24,24.0,1.0,5,0.1349,0.4096,0.7927,2.43,2.43,3627.74,1490,723,1294
2025-11-27,COS01,17_1049_BROWN_41,CLOSE,41,26,27.47,0.95,7,0.0817,0.2695,0.6385,1.54,1.46,3626.71,2034,1154,1295
2025-11-27,CHS01,19_1063_MAROON_39,BOYS CLOSE,39,13,21.41,0.61,2,0.0269,0.1997,0.6345,0.85,0.52,3620.64,2237,1990,1296
2025-11-27,MUS01,24_1098_WHITE_41,OPEN,41,20,27.32,0.73,6,0.0602,0.2319,0.6069,1.24,0.91,3611.16,2159,1589,1297
2025-11-27,SUS01,16_1042_BLUE-NAVY_39,OPEN,39,13,20.8,0.62,15,0.2632,0.5036,0.7954,3.87,2.42,3608.12,1039,729,1298
2025-11-27,HYS01,25_1105_BLACK_39,PREMIUM OPEN,39,20,18.36,1.09,5,0.1201,0.382,0.7716,2.22,2.42,3605.81,1625,730,1299
2025-11-27,AHS01,28_1126_TAN_44,GIRLS_OPEN,44,11,22.81,0.48,30,0.3581,0.5928,0.8352,5.02,2.42,3604.78,488,731,1300
2025-11-27,KOS01,30_1140_WHITE_43,PREMIUM CLOSE,43,4,14.93,0.27,3,0.1419,0.4724,0.8566,2.7,0.72,3602.55,1214,1762,1301
2025-11-27,PUS01,11_1007_BLACK_38,PREMIUM CLOSE,38,9,36.0,0.25,11,0.1244,0.3145,0.6475,2.05,0.51,3590.25,1879,1995,1302
2025-11-27,BES01,24_1098_WHITE_37,OPEN,37,5,28.0,0.18,8,0.3458,0.649,0.91,5.03,0.9,3583.9,240,1596,1303
2025-11-27,HYS01,16_1042_TAN_43,OPEN,43,13,25.1,0.52,28,0.328,0.558,0.8109,4.64,2.4,3579.05,693,736,1304
2025-11-27,INS01,18_1056_BLACK_43,GIRLS_OPEN,43,13,19.16,0.68,1,0.0193,0.1888,0.6414,0.75,0.51,3577.66,2276,1997,1305
2025-11-27,INS01,12_1014_ROSE-GOLD_44,CLOSE,44,9,33.6,0.27,13,0.1712,0.3804,0.7001,2.67,0.72,3573.62,1636,1766,1306
2025-11-27,AHS01,32_1154_MAROON_44,CLOSE,44,4,37.33,0.11,39,0.3388,0.5637,0.8074,4.76,0.51,3562.51,655,2000,1307
2025-11-27,BES01,28_1126_ROSE-GOLD_43,GIRLS_OPEN,43,16,30.9,0.52,12,0.318,0.5874,0.8627,4.61,2.39,3560.84,525,740,1308
2025-11-27,BHS01,23_1091_BLACK_39,OPEN,39,22,30.05,0.73,18,0.2188,0.4306,0.7239,3.26,2.38,3553.43,1399,741,1309
2025-11-27,MUS01,24_1098_MAROON_37,OPEN,37,6,30.55,0.2,21,0.3169,0.5545,0.8179,4.52,0.89,3543.61,721,1603,1310
2025-11-27,BHS01,25_1105_BROWN_40,PREMIUM OPEN,40,16,25.6,0.62,12,0.2546,0.5079,0.8108,3.8,2.38,3542.67,1016,743,1311
2025-11-27,INS01,20_1070_ANTIC-GOLD_44,PREMIUM CLOSE,44,3,18.67,0.16,6,0.1905,0.4819,0.8322,3.14,0.5,3528.31,1164,2004,1312
2025-11-27,SUS01,18_1056_ANTIC-GOLD_41,GIRLS_OPEN,41,16,25.6,0.62,2,0.0249,0.1907,0.6222,0.81,0.5,3527.39,2267,2006,1313
2025-11-27,HYS01,13_1021_BROWN_43,OPEN,43,11,22.0,0.5,20,0.3322,0.5754,0.8347,4.72,2.36,3518.66,585,747,1314
2025-11-27,AHS01,31_1147_MAROON_38,PREMIUM CLOSE,38,8,26.35,0.3,8,0.2521,0.5392,0.8527,3.86,1.17,3507.44,829,1358,1315
2025-11-27,SUS01,23_1091_BROWN_41,OPEN,41,11,17.11,0.64,9,0.2385,0.5103,0.8285,3.66,2.35,3505.24,997,750,1316
2025-11-27,PUS01,23_1091_BROWN_39,OPEN,39,15,22.11,0.68,12,0.2282,0.4719,0.7842,3.46,2.35,3497.17,1218,751,1317
2025-11-27,PUS01,28_1126_ROSE-GOLD_37,GIRLS_OPEN,37,10,21.54,0.46,17,0.3569,0.612,0.8644,5.05,2.35,3496.0,380,752,1318
2025-11-27,MUS01,25_1105_BROWN_38,PREMIUM OPEN,38,25,28.57,0.88,16,0.1744,0.3707,0.6747,2.68,2.34,3489.09,1683,753,1319
2025-11-27,BHS01,14_1028_WHITE_41,OPEN,41,18,27.24,0.66,13,0.2358,0.4764,0.7828,3.54,2.34,3487.92,1192,755,1320
2025-11-27,AHS01,25_1105_BLACK_38,PREMIUM OPEN,38,17,23.22,0.73,7,0.1982,0.4776,0.821,3.2,2.34,3487.73,1183,756,1321
2025-11-27,SUS01,11_1007_BLACK_39,PREMIUM CLOSE,39,12,24.89,0.48,4,0.0427,0.215,0.6168,1.03,0.5,3484.37,2197,2013,1322
2025-11-27,INS01,16_1042_ANTIC-GOLD_41,OPEN,41,22,22.4,0.98,9,0.1432,0.3654,0.7153,2.37,2.33,3475.05,1702,759,1323
2025-11-27,PUS01,28_1126_ROSE-GOLD_39,GIRLS_OPEN,39,26,26.47,0.98,11,0.1469,0.3538,0.6879,2.37,2.33,3473.65,1745,760,1324
2025-11-27,BHS01,28_1126_BLUE-NAVY_43,GIRLS_OPEN,43,11,22.0,0.5,19,0.3269,0.5713,0.8337,4.66,2.33,3472.21,611,761,1325
2025-11-27,INS01,14_1028_ROSE-GOLD_41,OPEN,41,22,26.78,0.82,12,0.1818,0.4034,0.7274,2.84,2.33,3471.98,1513,762,1326
2025-11-27,KOS01,16_1042_BLUE-NAVY_42,OPEN,42,10,21.54,0.46,15,0.3522,0.613,0.8694,5.01,2.33,3465.43,377,763,1327
2025-11-27,MUS01,17_1049_MAROON_41,CLOSE,41,31,30.46,1.02,7,0.0707,0.2443,0.6087,1.37,1.39,3460.04,2119,1198,1328
2025-11-27,INS01,31_1147_ANTIC-GOLD_37,PREMIUM CLOSE,37,8,24.89,0.32,15,0.2416,0.4744,0.7726,3.59,1.15,3451.88,1201,1375,1329
2025-11-27,MAS01,30_1140_WHITE_42,PREMIUM CLOSE,42,3,18.67,0.16,9,0.2882,0.574,0.8674,4.3,0.69,3444.61,594,1792,1330
2025-11-27,HYS01,13_1021_WHITE_40,OPEN,40,38,22.4,1.7,6,0.0678,0.2511,0.6304,1.36,2.31,3442.32,2095,766,1331
2025-11-27,KOS01,17_1049_BLACK_42,CLOSE,42,6,21.0,0.29,13,0.3369,0.604,0.8693,4.84,1.38,3442.04,414,1209,1332
2025-11-27,MAS01,21_1077_BLUE-NAVY_39,PREMIUM CLOSE,39,4,32.0,0.12,14,0.2672,0.5135,0.8064,3.94,0.49,3441.09,979,2020,1333
2025-11-27,CHS01,25_1105_BROWN_39,PREMIUM OPEN,39,17,19.43,0.88,7,0.1568,0.413,0.7743,2.64,2.31,3438.51,1478,767,1334
2025-11-27,KOS01,17_1049_BROWN_38,CLOSE,38,10,16.97,0.59,5,0.1284,0.3977,0.7839,2.34,1.38,3437.14,1548,1210,1335
2025-11-27,KOS01,13_1021_WHITE_41,OPEN,41,13,19.16,0.68,9,0.2185,0.4828,0.8098,3.4,2.31,3436.2,1156,770,1336
2025-11-27,AHS01,14_1028_NAVY_43,OPEN,43,17,24.41,0.7,8,0.2095,0.4809,0.8155,3.31,2.3,3434.19,1169,771,1337
2025-11-27,INS01,13_1021_BROWN_41,OPEN,41,9,26.53,0.34,24,0.5002,0.7485,0.9319,6.79,2.3,3432.52,41,773,1338
2025-11-27,HYS01,30_1140_WHITE_38,PREMIUM CLOSE,38,9,21.91,0.41,5,0.0838,0.3058,0.704,1.67,0.69,3424.39,1908,1797,1339
2025-11-27,SUS01,17_1049_MAROON_44,CLOSE,44,9,21.91,0.41,13,0.2206,0.4549,0.7657,3.34,1.37,3417.09,1287,1215,1340
2025-11-27,BES01,11_1007_TAN_41,PREMIUM CLOSE,41,14,18.67,0.75,0,0.0125,0.1754,0.6464,0.65,0.49,3413.68,2328,2024,1341
2025-11-27,BHS01,16_1042_TAN_39,OPEN,39,15,21.54,0.7,9,0.2097,0.4701,0.8008,3.28,2.29,3404.93,1226,778,1342
2025-11-27,MAS01,25_1105_BROWN_40,PREMIUM OPEN,40,12,22.4,0.54,15,0.2933,0.5426,0.8238,4.26,2.28,3403.62,807,779,1343
2025-11-27,MUS01,23_1091_BLACK_42,OPEN,42,11,19.87,0.55,13,0.2806,0.536,0.8262,4.13,2.28,3402.79,849,780,1344
2025-11-27,BHS01,21_1077_BLUE-NAVY_37,PREMIUM CLOSE,37,4,37.33,0.11,23,0.3177,0.5519,0.8126,4.52,0.48,3387.63,740,2029,1345
2025-11-27,BHS01,33_1161_ROSE-GOLD_39,OPEN,39,13,24.27,0.54,6,0.1166,0.3568,0.7384,2.11,1.13,3384.61,1734,1395,1346
2025-11-27,HYS01,14_1028_ROSE-GOLD_40,OPEN,40,17,25.73,0.66,11,0.2243,0.4733,0.7907,3.43,2.26,3372.63,1209,782,1347
2025-11-27,BES01,23_1091_BROWN_37,OPEN,37,7,20.63,0.34,13,0.4872,0.7553,0.9432,6.67,2.26,3369.93,36,783,1348
2025-11-27,SUS01,16_1042_BLUE-NAVY_38,OPEN,38,8,19.48,0.41,25,0.3955,0.6408,0.8719,5.5,2.26,3367.04,267,785,1349
2025-11-27,COS01,31_1147_WHITE_38,PREMIUM CLOSE,38,10,32.94,0.3,22,0.2547,0.4709,0.7486,3.71,1.13,3364.12,1221,1401,1350
2025-11-27,SUS01,18_1056_ANTIC-GOLD_44,GIRLS_OPEN,44,3,33.6,0.09,27,0.3866,0.6288,0.8624,5.39,0.48,3361.52,309,2036,1351
2025-11-27,KOS01,20_1070_ANTIC-GOLD_38,PREMIUM CLOSE,38,7,21.78,0.32,3,0.0641,0.3018,0.7308,1.5,0.48,3360.69,1928,2037,1352
2025-11-27,HYS01,10_1000_WHITE_44,PREMIUM CLOSE,44,4,13.18,0.3,3,0.1472,0.4818,0.8619,2.77,0.84,3354.95,1165,1650,1353
2025-11-27,HYS01,17_1049_MAROON_44,CLOSE,44,5,18.67,0.27,15,0.3525,0.6134,0.8696,5.01,1.34,3343.69,375,1232,1354
2025-11-27,SUS01,33_1161_ROSE-GOLD_38,OPEN,38,7,24.5,0.29,14,0.2653,0.511,0.8046,3.91,1.12,3343.67,993,1404,1355
2025-11-27,HYS01,13_1021_BROWN_44,OPEN,44,6,16.0,0.38,33,0.4352,0.6783,0.8905,5.98,2.24,3343.11,151,796,1356
2025-11-27,MUS01,20_1070_ANTIC-GOLD_43,PREMIUM CLOSE,43,8,34.46,0.23,10,0.1227,0.3195,0.6614,2.05,0.48,3333.8,1857,2042,1357
2025-11-27,CHS01,13_1021_WHITE_42,OPEN,42,19,26.6,0.71,15,0.2066,0.4242,0.7301,3.13,2.23,3326.33,1422,799,1358
2025-11-27,COS01,24_1098_MAROON_41,OPEN,41,6,22.4,0.27,7,0.1915,0.4677,0.8143,3.11,0.83,3322.66,1240,1660,1359
2025-11-27,HYS01,31_1147_ANTIC-GOLD_44,PREMIUM CLOSE,44,5,21.54,0.23,15,0.3343,0.5924,0.8568,4.79,1.11,3321.39,490,1409,1360
2025-11-27,AHS01,31_1147_WHITE_41,PREMIUM CLOSE,41,28,25.29,1.11,4,0.0411,0.2097,0.6099,1.0,1.11,3321.23,2212,1410,1361
2025-11-27,BHS01,16_1042_BLUE-NAVY_38,OPEN,38,25,29.17,0.86,15,0.168,0.3648,0.6737,2.6,2.23,3320.37,1704,801,1362
2025-11-27,CHS01,25_1105_BROWN_42,PREMIUM OPEN,42,16,19.06,0.84,7,0.1581,0.415,0.7759,2.65,2.23,3319.79,1464,802,1363
2025-11-27,CHS01,28_1126_TAN_37,GIRLS_OPEN,37,17,23.8,0.71,12,0.2023,0.4345,0.7542,3.11,2.22,3314.16,1380,803,1364
2025-11-27,INS01,14_1028_WHITE_39,OPEN,39,12,17.23,0.7,7,0.1977,0.4769,0.8205,3.19,2.22,3311.79,1188,804,1365
2025-11-27,COS01,28_1126_ROSE-GOLD_39,GIRLS_OPEN,39,17,28.0,0.61,18,0.2489,0.4733,0.7612,3.66,2.22,3309.39,1211,805,1366
2025-11-27,MUS01,14_1028_WHITE_39,OPEN,39,21,26.13,0.8,11,0.1747,0.3994,0.7304,2.76,2.22,3304.85,1535,806,1367
2025-11-27,MAS01,16_1042_ANTIC-GOLD_41,OPEN,41,13,26.0,0.5,23,0.3105,0.5427,0.8057,4.43,2.21,3300.15,805,807,1368
2025-11-27,SUS01,24_1098_MAROON_40,OPEN,40,11,30.8,0.36,10,0.141,0.352,0.694,2.31,0.83,3298.74,1750,1662,1369
2025-11-27,KOS01,28_1126_BLUE-NAVY_38,GIRLS_OPEN,38,5,14.0,0.36,13,0.4462,0.718,0.9277,6.18,2.21,3286.97,77,810,1370
2025-11-27,KOS01,25_1105_MAROON_40,PREMIUM OPEN,40,23,26.29,0.88,10,0.1555,0.3766,0.7172,2.52,2.2,3283.75,1651,811,1371
2025-11-27,COS01,31_1147_WHITE_44,PREMIUM CLOSE,44,4,17.23,0.23,10,0.3243,0.6079,0.8817,4.73,1.1,3279.89,397,1420,1372
2025-11-27,MAS01,24_1098_WHITE_38,OPEN,38,2,16.0,0.12,32,0.4829,0.7276,0.9188,6.57,0.82,3277.37,61,1666,1373
2025-11-27,MAS01,18_1056_ANTIC-GOLD_37,GIRLS_OPEN,37,3,33.6,0.09,30,0.3763,0.6143,0.8504,5.25,0.47,3275.82,372,2049,1374
2025-11-27,INS01,10_1000_BROWN_43,PREMIUM CLOSE,43,13,30.33,0.43,11,0.1146,0.2964,0.6277,1.91,0.82,3270.04,1940,1672,1375
2025-11-27,INS01,14_1028_WHITE_40,OPEN,40,26,27.47,0.95,12,0.1442,0.3422,0.669,2.32,2.19,3266.29,1790,816,1376
2025-11-27,AHS01,32_1154_MAROON_37,CLOSE,37,2,28.0,0.07,16,0.4776,0.7386,0.9328,6.54,0.47,3264.25,50,2050,1377
2025-11-27,COS01,14_1028_WHITE_41,OPEN,41,15,30.0,0.5,30,0.3082,0.5309,0.7871,4.38,2.19,3261.2,882,818,1378
2025-11-27,PUS01,31_1147_ANTIC-GOLD_37,PREMIUM CLOSE,37,5,18.67,0.27,10,0.2723,0.5454,0.8455,4.07,1.09,3260.13,786,1428,1379
2025-11-27,HYS01,31_1147_MAROON_41,PREMIUM CLOSE,41,24,31.26,0.77,9,0.0783,0.2402,0.5797,1.42,1.09,3259.03,2132,1429,1380
2025-11-27,INS01,10_1000_BROWN_44,PREMIUM CLOSE,44,3,21.0,0.14,43,0.4139,0.6517,0.8709,5.71,0.82,3254.28,225,1677,1381
2025-11-27,BES01,16_1042_ANTIC-GOLD_43,OPEN,43,6,16.8,0.36,41,0.4443,0.6854,0.8929,6.09,2.17,3240.52,136,824,1382
2025-11-27,MUS01,25_1105_BLACK_43,PREMIUM OPEN,43,12,23.17,0.52,20,0.2912,0.5241,0.797,4.2,2.17,3237.43,914,825,1383
2025-11-27,INS01,14_1028_ROSE-GOLD_39,OPEN,39,6,14.61,0.41,8,0.3673,0.6712,0.9198,5.29,2.17,3236.84,166,826,1384
2025-11-27,MAS01,14_1028_NAVY_42,OPEN,42,8,17.92,0.45,15,0.3405,0.5996,0.8612,4.86,2.17,3234.55,441,828,1385
2025-11-27,SUS01,28_1126_ROSE-GOLD_40,GIRLS_OPEN,40,28,32.0,0.88,15,0.1592,0.3505,0.6591,2.48,2.17,3229.91,1754,829,1386
2025-11-27,PUS01,23_1091_BLUE-NAVY_42,OPEN,42,28,26.13,1.07,10,0.1206,0.3155,0.6572,2.02,2.17,3229.8,1874,830,1387
2025-11-27,HYS01,24_1098_MAROON_40,OPEN,40,18,17.08,1.05,0,0.0159,0.2013,0.6813,0.77,0.81,3224.61,2232,1682,1388
2025-11-27,COS01,23_1091_BROWN_40,OPEN,40,9,21.0,0.43,19,0.3575,0.6075,0.858,5.05,2.16,3223.87,401,831,1389
2025-11-27,COS01,10_1000_WHITE_39,PREMIUM CLOSE,39,16,26.35,0.61,5,0.0628,0.2546,0.6492,1.33,0.81,3221.79,2084,1684,1390
2025-11-27,AHS01,16_1042_ANTIC-GOLD_42,OPEN,42,23,30.67,0.75,9,0.1792,0.4244,0.766,2.87,2.15,3209.92,1421,834,1391
2025-11-27,INS01,22_1084_NAVY_39,CLOSE,39,16,24.22,0.66,8,0.1115,0.3186,0.6798,1.95,1.29,3209.67,1864,1273,1392
2025-11-27,SUS01,16_1042_ANTIC-GOLD_39,OPEN,39,17,19.04,0.89,8,0.1435,0.3771,0.735,2.41,2.15,3208.8,1648,835,1393
2025-11-27,INS01,29_1133_BROWN_41,BOYS CLOSE,41,28,20.91,1.34,0,0.008,0.1351,0.5817,0.48,0.64,3204.16,2428,1844,1394
2025-11-27,CHS01,16_1042_TAN_41,OPEN,41,21,22.19,0.95,7,0.1309,0.3678,0.7369,2.27,2.15,3203.15,1693,838,1395
2025-11-27,BES01,32_1154_MAROON_40,CLOSE,40,12,42.0,0.29,5,0.0794,0.2956,0.6937,1.6,0.46,3197.7,1945,2059,1396
2025-11-27,CHS01,26_1112_WHITE_37,OPEN,37,10,35.0,0.29,15,0.1829,0.3884,0.6969,2.8,0.8,3197.45,1594,1693,1397
2025-11-27,HYS01,17_1049_BLACK_44,CLOSE,44,5,21.54,0.23,31,0.3975,0.638,0.8659,5.52,1.28,3188.11,279,1276,1398
2025-11-27,MUS01,16_1042_ANTIC-GOLD_43,OPEN,43,15,24.71,0.61,17,0.2375,0.4608,0.754,3.52,2.14,3181.45,1260,843,1399
2025-11-27,MUS01,13_1021_BROWN_38,OPEN,38,17,20.7,0.82,8,0.1556,0.3976,0.7526,2.58,2.12,3158.94,1549,845,1400
2025-11-27,MAS01,11_1007_BLACK_37,PREMIUM CLOSE,37,3,33.6,0.09,33,0.3587,0.5914,0.832,5.02,0.45,3133.19,492,2065,1401
2025-11-27,BHS01,18_1056_BLACK_44,GIRLS_OPEN,44,10,23.33,0.43,2,0.0355,0.236,0.6799,1.04,0.45,3130.09,2149,2067,1402
2025-11-27,SUS01,25_1105_MAROON_43,PREMIUM OPEN,43,7,17.04,0.41,17,0.3618,0.6175,0.8678,5.11,2.1,3129.74,362,848,1403
2025-11-27,SUS01,28_1126_ROSE-GOLD_41,GIRLS_OPEN,41,17,19.83,0.86,6,0.1401,0.4,0.7743,2.45,2.1,3129.4,1532,849,1404
2025-11-27,AHS01,31_1147_ANTIC-GOLD_44,PREMIUM CLOSE,44,4,16.0,0.25,5,0.2681,0.6039,0.9051,4.18,1.05,3126.53,415,1456,1405
2025-11-27,COS01,12_1014_ROSE-GOLD_38,CLOSE,38,20,24.89,0.8,2,0.0237,0.1852,0.6144,0.78,0.63,3125.54,2291,1863,1406
2025-11-27,HYS01,17_1049_BROWN_42,CLOSE,42,24,32.0,0.75,10,0.0966,0.2697,0.6058,1.67,1.25,3121.59,2033,1295,1407
2025-11-27,BES01,28_1126_TAN_37,GIRLS_OPEN,37,14,31.36,0.45,11,0.3213,0.5974,0.8721,4.67,2.09,3106.75,464,854,1408
2025-11-27,BES01,32_1154_MAROON_44,CLOSE,44,5,35.0,0.14,6,0.1882,0.4784,0.83,3.11,0.44,3105.65,1178,2070,1409
2025-11-27,INS01,16_1042_ANTIC-GOLD_40,OPEN,40,22,24.64,0.89,10,0.1422,0.354,0.696,2.33,2.08,3102.14,1742,856,1410
2025-11-27,BHS01,10_1000_BROWN_43,PREMIUM CLOSE,43,10,28.0,0.36,8,0.1268,0.3474,0.708,2.17,0.78,3097.87,1769,1711,1411
2025-11-27,COS01,29_1133_BROWN_44,BOYS CLOSE,44,6,28.0,0.21,9,0.1808,0.4269,0.768,2.89,0.62,3094.84,1410,1868,1412
2025-11-27,COS01,17_1049_BLACK_37,CLOSE,37,5,21.54,0.23,26,0.3834,0.6261,0.8615,5.35,1.24,3091.08,319,1306,1413
2025-11-27,SUS01,27_1119_WHITE_44,CLOSE,44,6,24.0,0.25,16,0.2839,0.5267,0.8093,4.13,1.03,3089.17,904,1466,1414
2025-11-27,COS01,28_1126_ROSE-GOLD_37,GIRLS_OPEN,37,8,20.36,0.39,25,0.376,0.6188,0.8576,5.26,2.07,3077.42,357,864,1415
2025-11-27,MAS01,33_1161_BLUE-NAVY_39,OPEN,39,17,18.67,0.91,3,0.0439,0.2405,0.6662,1.13,1.03,3070.73,2131,1471,1416
2025-11-27,KOS01,27_1119_ANTIC-GOLD_44,CLOSE,44,6,22.4,0.27,11,0.2553,0.5157,0.8211,3.83,1.03,3069.0,964,1472,1417
2025-11-27,MUS01,22_1084_NAVY_43,CLOSE,43,16,30.9,0.52,14,0.151,0.342,0.6558,2.38,1.23,3066.25,1791,1310,1418
2025-11-27,SUS01,23_1091_BROWN_40,OPEN,40,12,24.0,0.5,17,0.2829,0.522,0.8029,4.11,2.06,3062.93,921,867,1419
2025-11-27,MAS01,28_1126_TAN_42,GIRLS_OPEN,42,5,14.74,0.34,15,0.4362,0.7018,0.9171,6.04,2.05,3055.2,110,869,1420
2025-11-27,BHS01,31_1147_WHITE_42,PREMIUM CLOSE,42,7,26.13,0.27,16,0.2593,0.4944,0.7848,3.81,1.02,3053.92,1093,1481,1421
2025-11-27,KOS01,15_1035_GREY_42,PREMIUM OPEN,42,3,15.27,0.2,9,0.3615,0.6564,0.9096,5.2,1.02,3053.84,214,1482,1422
2025-11-27,BHS01,11_1007_BLACK_40,PREMIUM CLOSE,40,14,31.36,0.45,4,0.0395,0.2046,0.603,0.97,0.43,3039.25,2228,2079,1423
2025-11-27,COS01,24_1098_WHITE_37,OPEN,37,2,14.0,0.14,7,0.368,0.6822,0.928,5.32,0.76,3031.53,143,1725,1424
2025-11-27,PUS01,13_1021_BROWN_40,OPEN,40,20,21.54,0.93,7,0.1252,0.3575,0.7278,2.19,2.03,3030.72,1728,875,1425
2025-11-27,SUS01,16_1042_BLUE-NAVY_42,OPEN,42,10,22.4,0.45,22,0.3194,0.5557,0.8171,4.55,2.03,3025.83,710,877,1426
2025-11-27,MUS01,13_1021_BROWN_40,OPEN,40,20,17.5,1.14,4,0.0858,0.3317,0.7427,1.77,2.03,3017.31,1823,879,1427
2025-11-27,INS01,27_1119_ANTIC-GOLD_44,CLOSE,44,5,28.0,0.18,36,0.4088,0.6481,0.8704,5.65,1.01,3017.1,242,1492,1428
2025-11-27,SUS01,13_1021_BROWN_40,OPEN,40,11,26.78,0.41,29,0.3505,0.5846,0.83,4.92,2.02,3013.13,541,880,1429
2025-11-27,CHS01,10_1000_BROWN_38,PREMIUM CLOSE,38,9,16.8,0.54,2,0.0537,0.3002,0.7463,1.41,0.75,3010.35,1932,1732,1430
2025-11-27,CHS01,17_1049_MAROON_40,CLOSE,40,30,21.82,1.38,3,0.0315,0.1955,0.6089,0.88,1.21,3003.62,2251,1325,1431
2025-11-27,PUS01,14_1028_ROSE-GOLD_44,OPEN,44,7,15.08,0.46,9,0.292,0.5785,0.8699,4.34,2.02,3003.61,570,882,1432
2025-11-27,PUS01,16_1042_TAN_38,OPEN,38,21,22.62,0.93,8,0.1266,0.3469,0.7076,2.17,2.02,3002.95,1772,883,1433
2025-11-27,BES01,15_1035_GREY_42,PREMIUM OPEN,42,4,20.36,0.2,6,0.3484,0.6753,0.9293,5.11,1.0,3002.83,158,1496,1434
2025-11-27,CHS01,24_1098_MAROON_41,OPEN,41,16,21.85,0.73,3,0.0387,0.2224,0.6444,1.03,0.75,2994.98,2179,1737,1435
2025-11-27,PUS01,28_1126_ROSE-GOLD_40,GIRLS_OPEN,40,33,18.67,1.77,3,0.0444,0.242,0.668,1.14,2.01,2994.15,2125,888,1436
2025-11-27,SUS01,32_1154_MAROON_38,CLOSE,38,6,37.33,0.16,14,0.1717,0.3757,0.6898,2.67,0.43,2994.12,1655,2087,1437
2025-11-27,SUS01,24_1098_MAROON_43,OPEN,43,3,15.27,0.2,6,0.2418,0.5534,0.8739,3.81,0.75,2983.49,727,1740,1438
2025-11-27,AHS01,14_1028_ROSE-GOLD_43,OPEN,43,15,32.31,0.46,18,0.299,0.5394,0.8132,4.31,2.0,2982.01,825,891,1439
2025-11-27,INS01,17_1049_MAROON_37,CLOSE,37,6,21.0,0.29,15,0.2875,0.5353,0.8186,4.19,1.2,2980.51,853,1341,1440
2025-11-27,PUS01,25_1105_MAROON_42,PREMIUM OPEN,42,19,16.62,1.14,4,0.0842,0.328,0.7394,1.75,2.0,2974.8,1837,893,1441
2025-11-27,BES01,19_1063_MAROON_39,BOYS CLOSE,39,11,18.12,0.61,0,0.0138,0.1859,0.6611,0.7,0.42,2960.08,2286,2093,1442
2025-11-27,MAS01,30_1140_WHITE_43,PREMIUM CLOSE,43,2,18.67,0.11,13,0.3931,0.6654,0.9028,5.53,0.59,2958.34,181,1890,1443
2025-11-27,COS01,13_1021_BROWN_42,OPEN,42,17,19.04,0.89,5,0.1202,0.3822,0.7717,2.22,1.99,2957.69,1622,896,1444
2025-11-27,AHS01,31_1147_WHITE_43,PREMIUM CLOSE,43,9,21.91,0.41,5,0.1326,0.4053,0.7896,2.4,0.99,2949.27,1505,1511,1445
2025-11-27,MAS01,31_1147_WHITE_38,PREMIUM CLOSE,38,6,22.4,0.27,12,0.2452,0.4953,0.8017,3.68,0.99,2948.86,1087,1512,1446
2025-11-27,KOS01,31_1147_WHITE_39,PREMIUM CLOSE,39,15,22.7,0.66,5,0.0726,0.2793,0.6767,1.49,0.99,2947.44,1998,1514,1447
2025-11-27,MUS01,21_1077_MAROON_39,PREMIUM CLOSE,39,34,28.85,1.18,2,0.0083,0.0949,0.4506,0.36,0.42,2945.96,2516,2095,1448
2025-11-27,BES01,16_1042_ANTIC-GOLD_38,OPEN,38,16,29.87,0.54,8,0.2384,0.521,0.8416,3.69,1.98,2943.18,930,904,1449
2025-11-27,INS01,14_1028_ROSE-GOLD_42,OPEN,42,15,20.0,0.75,7,0.1566,0.4125,0.7739,2.63,1.97,2942.73,1480,905,1450
2025-11-27,MUS01,10_1000_ROSE-GOLD_44,PREMIUM CLOSE,44,4,24.89,0.16,16,0.3194,0.5711,0.8404,4.59,0.74,2941.93,613,1748,1451
2025-11-27,MAS01,18_1056_ANTIC-GOLD_44,GIRLS_OPEN,44,4,32.0,0.12,12,0.2213,0.462,0.7765,3.37,0.42,2941.93,1255,2096,1452
2025-11-27,COS01,31_1147_WHITE_37,PREMIUM CLOSE,37,4,22.4,0.18,28,0.3965,0.6391,0.8684,5.51,0.98,2940.83,271,1515,1453
2025-11-27,CHS01,17_1049_MAROON_37,CLOSE,37,10,20.74,0.48,8,0.1456,0.3808,0.7382,2.44,1.18,2931.37,1633,1356,1454
2025-11-27,MUS01,33_1161_BLUE-NAVY_39,OPEN,39,16,16.29,0.98,1,0.0287,0.238,0.7025,1.0,0.98,2928.82,2140,1522,1455
2025-11-27,CHS01,12_1014_ANTIC-GOLD_42,CLOSE,42,31,23.15,1.34,1,0.0089,0.1186,0.5249,0.44,0.59,2920.19,2466,1900,1456
2025-11-27,COS01,24_1098_WHITE_42,OPEN,42,9,36.0,0.25,16,0.1927,0.399,0.7024,2.93,0.73,2918.02,1540,1756,1457
2025-11-27,BHS01,21_1077_BLUE-NAVY_39,PREMIUM CLOSE,39,7,19.6,0.36,1,0.0361,0.2706,0.7368,1.17,0.42,2916.46,2031,2101,1458
2025-11-27,KOS01,28_1126_BLUE-NAVY_39,GIRLS_OPEN,39,20,28.72,0.7,12,0.1793,0.3994,0.7238,2.8,1.95,2907.27,1537,913,1459
2025-11-27,MAS01,21_1077_MAROON_43,PREMIUM CLOSE,43,3,33.6,0.09,23,0.328,0.5645,0.822,4.65,0.42,2904.73,649,2104,1460
2025-11-27,BHS01,33_1161_ROSE-GOLD_43,OPEN,43,7,32.67,0.21,25,0.3181,0.5492,0.8077,4.52,0.97,2895.77,761,1529,1461
2025-11-27,MAS01,17_1049_MAROON_38,CLOSE,38,4,17.23,0.23,12,0.3489,0.6228,0.883,5.0,1.16,2890.63,334,1367,1462
2025-11-27,KOS01,17_1049_BLACK_37,CLOSE,37,5,23.33,0.21,16,0.3853,0.6464,0.8866,5.41,1.16,2888.45,247,1368,1463
2025-11-27,KOS01,31_1147_WHITE_38,PREMIUM CLOSE,38,5,23.33,0.21,13,0.3103,0.5727,0.8503,4.5,0.97,2885.59,603,1534,1464
2025-11-27,BES01,11_1007_TAN_43,PREMIUM CLOSE,43,12,29.22,0.41,3,0.0377,0.2188,0.6398,1.01,0.41,2885.56,2185,2107,1465
2025-11-27,INS01,17_1049_MAROON_42,CLOSE,42,11,32.42,0.34,17,0.2299,0.45,0.7447,3.41,1.16,2885.05,1311,1370,1466
2025-11-27,MUS01,16_1042_BLUE-NAVY_38,OPEN,38,8,20.36,0.39,19,0.3475,0.5959,0.8504,4.92,1.93,2881.17,474,920,1467
2025-11-27,CHS01,25_1105_MAROON_42,PREMIUM OPEN,42,11,23.69,0.46,15,0.2856,0.5328,0.8169,4.16,1.93,2880.91,870,921,1468
2025-11-27,KOS01,16_1042_BLUE-NAVY_43,OPEN,43,4,12.44,0.32,11,0.4314,0.7127,0.9291,6.01,1.93,2880.74,87,922,1469
2025-11-27,SUS01,25_1105_BLACK_43,PREMIUM OPEN,43,7,15.08,0.46,10,0.2796,0.5546,0.8512,4.16,1.93,2880.63,719,923,1470
2025-11-27,KOS01,13_1021_BROWN_39,OPEN,39,25,30.43,0.82,10,0.1435,0.3563,0.6982,2.35,1.93,2876.9,1735,924,1471
2025-11-27,CHS01,28_1126_ROSE-GOLD_41,GIRLS_OPEN,41,31,18.87,1.64,2,0.0417,0.2594,0.7059,1.17,1.93,2872.24,2071,926,1472
2025-11-27,BES01,24_1098_WHITE_43,OPEN,43,3,24.0,0.12,26,0.4159,0.6622,0.8843,5.75,0.72,2869.64,195,1763,1473
2025-11-27,PUS01,10_1000_ROSE-GOLD_43,PREMIUM CLOSE,43,7,30.15,0.23,13,0.2021,0.4279,0.7431,3.09,0.72,2865.78,1408,1764,1474
2025-11-27,BES01,32_1154_MAROON_37,CLOSE,37,2,28.0,0.07,7,0.4032,0.7158,0.9406,5.73,0.41,2863.13,83,2112,1475
2025-11-27,KOS01,27_1119_ANTIC-GOLD_38,CLOSE,38,15,30.0,0.5,8,0.1085,0.3127,0.6738,1.91,0.95,2850.23,1884,1544,1476
2025-11-27,COS01,28_1126_TAN_41,GIRLS_OPEN,41,21,22.62,0.93,5,0.109,0.3601,0.7536,2.06,1.91,2847.18,1721,932,1477
2025-11-27,COS01,20_1070_ANTIC-GOLD_37,PREMIUM CLOSE,37,2,22.4,0.09,9,0.3088,0.5984,0.8808,4.55,0.41,2841.54,456,2116,1478
2025-11-27,BES01,24_1098_WHITE_44,OPEN,44,4,22.4,0.18,5,0.2523,0.5847,0.8964,3.99,0.71,2841.41,539,1769,1479
2025-11-27,AHS01,33_1161_BLUE-NAVY_37,OPEN,37,5,28.0,0.18,18,0.3784,0.6335,0.8757,5.32,0.95,2838.11,291,1549,1480
2025-11-27,BES01,28_1126_TAN_40,GIRLS_OPEN,40,35,19.41,1.8,0,0.0257,0.261,0.7481,1.05,1.9,2827.14,2065,937,1481
2025-11-27,MAS01,17_1049_BLACK_40,CLOSE,40,14,20.1,0.7,4,0.0769,0.3104,0.7231,1.63,1.13,2823.67,1892,1393,1482
2025-11-27,SUS01,14_1028_WHITE_38,OPEN,38,17,25.73,0.66,14,0.1865,0.3987,0.7118,2.87,1.89,2822.35,1543,938,1483
2025-11-27,MAS01,13_1021_BROWN_39,OPEN,39,10,22.4,0.45,13,0.2895,0.5472,0.8337,4.24,1.89,2819.62,774,940,1484
2025-11-27,SUS01,24_1098_WHITE_43,OPEN,43,6,25.85,0.23,11,0.1956,0.4316,0.7579,3.04,0.71,2819.36,1390,1777,1485
2025-11-27,KOS01,15_1035_GREY_40,PREMIUM OPEN,40,3,24.0,0.12,22,0.5619,0.8039,0.9562,7.53,0.94,2813.92,10,1555,1486
2025-11-27,COS01,24_1098_MAROON_37,OPEN,37,3,24.0,0.12,30,0.4074,0.6496,0.874,5.64,0.71,2812.98,233,1778,1487
2025-11-27,HYS01,28_1126_TAN_43,GIRLS_OPEN,43,14,21.19,0.66,8,0.175,0.4291,0.7778,2.85,1.88,2803.82,1406,945,1488
2025-11-27,COS01,20_1070_ANTIC-GOLD_44,PREMIUM CLOSE,44,3,42.0,0.07,50,0.4064,0.642,0.8632,5.61,0.4,2802.0,264,2120,1489
2025-11-27,SUS01,24_1098_MAROON_38,OPEN,38,5,31.11,0.16,22,0.3042,0.5366,0.8027,4.35,0.7,2791.86,844,1784,1490
2025-11-27,CHS01,14_1028_ROSE-GOLD_43,OPEN,43,9,19.38,0.46,10,0.2689,0.5412,0.8428,4.03,1.87,2786.29,816,947,1491
2025-11-27,CHS01,18_1056_ANTIC-GOLD_38,GIRLS_OPEN,38,24,31.26,0.77,2,0.0136,0.131,0.5259,0.52,0.4,2782.82,2437,2125,1492
2025-11-27,MAS01,31_1147_WHITE_37,PREMIUM CLOSE,37,4,22.4,0.18,24,0.3717,0.6151,0.8561,5.21,0.93,2779.76,371,1566,1493
2025-11-27,INS01,18_1056_GREY_37,GIRLS_OPEN,37,8,40.73,0.2,12,0.1237,0.3063,0.6307,2.02,0.4,2779.65,1905,2126,1494
2025-11-27,MAS01,28_1126_TAN_39,GIRLS_OPEN,39,12,23.17,0.52,12,0.2386,0.4863,0.7951,3.6,1.86,2774.65,1141,952,1495
2025-11-27,INS01,11_1007_TAN_40,PREMIUM CLOSE,40,11,23.69,0.46,3,0.0304,0.1913,0.6031,0.85,0.4,2774.57,2263,2128,1496
2025-11-27,MAS01,17_1049_BLACK_42,CLOSE,42,8,20.36,0.39,8,0.1736,0.4268,0.7761,2.83,1.11,2767.15,1411,1408,1497
2025-11-27,BHS01,31_1147_WHITE_44,PREMIUM CLOSE,44,5,25.45,0.2,19,0.3308,0.5761,0.837,4.71,0.93,2767.01,581,1571,1498
2025-11-27,MUS01,16_1042_BLUE-NAVY_39,OPEN,39,20,32.94,0.61,20,0.2048,0.4041,0.6922,3.05,1.85,2762.34,1510,956,1499
2025-11-27,MUS01,25_1105_MAROON_41,PREMIUM OPEN,41,9,9.69,0.93,0,0.0689,0.4304,0.8714,2.0,1.85,2761.49,1400,957,1500
2025-11-27,CHS01,13_1021_WHITE_37,OPEN,37,10,24.35,0.41,23,0.3168,0.5506,0.8117,4.51,1.85,2760.23,745,958,1501
2025-11-27,BES01,16_1042_TAN_43,OPEN,43,9,28.0,0.32,14,0.4107,0.6796,0.9079,5.74,1.85,2749.27,146,964,1502
2025-11-27,BES01,13_1021_WHITE_43,OPEN,43,12,20.36,0.59,5,0.1855,0.4932,0.8482,3.13,1.84,2748.13,1101,965,1503
2025-11-27,BHS01,27_1119_WHITE_43,CLOSE,43,10,22.4,0.45,5,0.109,0.3601,0.7537,2.06,0.92,2747.35,1720,1576,1504
2025-11-27,CHS01,23_1091_BROWN_39,OPEN,39,26,23.87,1.09,7,0.091,0.2898,0.6611,1.68,1.83,2731.61,1964,973,1505
2025-11-27,BHS01,25_1105_BLACK_42,PREMIUM OPEN,42,6,16.8,0.36,10,0.3573,0.6444,0.9005,5.13,1.83,2731.24,255,974,1506
2025-11-27,BHS01,10_1000_BROWN_38,PREMIUM CLOSE,38,12,48.0,0.25,20,0.1815,0.3684,0.6561,2.74,0.68,2728.37,1691,1799,1507
2025-11-27,PUS01,22_1084_NAVY_43,CLOSE,43,13,26.0,0.5,10,0.1321,0.3364,0.6787,2.19,1.09,2725.29,1805,1425,1508
2025-11-27,CHS01,10_1000_BROWN_43,PREMIUM CLOSE,43,6,30.55,0.2,14,0.2318,0.4654,0.7695,3.47,0.68,2723.49,1247,1800,1509
2025-11-27,KOS01,23_1091_BROWN_42,OPEN,42,25,29.17,0.86,10,0.1276,0.3284,0.6706,2.13,1.82,2714.14,1834,978,1510
2025-11-27,BHS01,27_1119_ANTIC-GOLD_37,CLOSE,37,8,28.0,0.29,11,0.2055,0.4463,0.7697,3.18,0.91,2713.25,1329,1587,1511
2025-11-27,HYS01,13_1021_WHITE_42,OPEN,42,22,16.21,1.36,3,0.0553,0.2766,0.7058,1.34,1.82,2711.01,2005,980,1512
2025-11-27,INS01,28_1126_BLUE-NAVY_43,GIRLS_OPEN,43,9,21.91,0.41,18,0.3083,0.5511,0.8216,4.43,1.82,2710.68,743,981,1513
2025-11-27,MUS01,23_1091_BLUE-NAVY_37,OPEN,37,5,17.5,0.29,22,0.4642,0.7161,0.9171,6.36,1.82,2706.23,82,982,1514
2025-11-27,KOS01,16_1042_BLUE-NAVY_40,OPEN,40,30,24.71,1.21,6,0.0761,0.2709,0.6532,1.49,1.82,2704.38,2029,984,1515
2025-11-27,AHS01,33_1161_ROSE-GOLD_42,OPEN,42,17,28.85,0.59,5,0.0752,0.2856,0.6834,1.53,0.9,2702.53,1978,1590,1516
2025-11-27,INS01,22_1084_NAVY_43,CLOSE,43,5,20.0,0.25,13,0.297,0.5566,0.8399,4.34,1.08,2698.8,706,1432,1517
2025-11-27,PUS01,24_1098_WHITE_42,OPEN,42,8,26.35,0.3,8,0.1303,0.3538,0.714,2.22,0.68,2694.77,1744,1808,1518
2025-11-27,INS01,14_1028_WHITE_38,OPEN,38,8,28.0,0.29,25,0.4622,0.7111,0.9126,6.33,1.81,2693.05,91,987,1519
2025-11-27,HYS01,14_1028_WHITE_38,OPEN,38,10,23.33,0.43,16,0.2903,0.5349,0.8153,4.22,1.81,2691.85,855,989,1520
2025-11-27,MAS01,13_1021_BROWN_40,OPEN,40,11,19.87,0.55,9,0.2083,0.4681,0.7993,3.26,1.81,2691.28,1239,990,1521
2025-11-27,COS01,24_1098_MAROON_42,OPEN,42,3,12.92,0.23,2,0.1476,0.5157,0.8899,2.89,0.67,2675.4,963,1816,1522
2025-11-27,HYS01,14_1028_ROSE-GOLD_41,OPEN,41,23,20.44,1.12,4,0.0749,0.3055,0.7183,1.6,1.8,2674.79,1911,995,1523
2025-11-27,COS01,14_1028_WHITE_43,OPEN,43,11,28.0,0.39,29,0.3228,0.5505,0.804,4.57,1.79,2674.46,746,996,1524
2025-11-27,BHS01,16_1042_TAN_41,OPEN,41,11,28.0,0.39,19,0.3191,0.5618,0.8271,4.56,1.79,2670.17,668,998,1525
2025-11-27,PUS01,10_1000_ROSE-GOLD_38,PREMIUM CLOSE,38,16,27.15,0.59,6,0.0542,0.2162,0.5864,1.14,0.67,2669.15,2193,1821,1526
2025-11-27,MUS01,33_1161_BLUE-NAVY_43,OPEN,43,7,30.15,0.23,17,0.2611,0.4932,0.7806,3.83,0.89,2656.62,1100,1601,1527
2025-11-27,KOS01,17_1049_BLACK_40,CLOSE,40,26,30.98,0.84,6,0.0623,0.2373,0.6136,1.27,1.07,2655.91,2143,1440,1528
2025-11-27,BES01,23_1091_BLUE-NAVY_43,OPEN,43,7,15.68,0.45,4,0.2478,0.6006,0.9105,3.99,1.78,2654.78,434,1004,1529
2025-11-27,SUS01,25_1105_BLACK_41,PREMIUM OPEN,41,38,39.41,0.96,15,0.1147,0.2738,0.5724,1.85,1.78,2654.22,2013,1005,1530
2025-11-27,MUS01,25_1105_BROWN_43,PREMIUM OPEN,43,17,24.41,0.7,11,0.1596,0.3751,0.7082,2.55,1.78,2647.58,1661,1006,1531
2025-11-27,COS01,20_1070_ANTIC-GOLD_43,PREMIUM CLOSE,43,3,33.6,0.09,14,0.2903,0.5432,0.8275,4.24,0.38,2644.18,802,2139,1532
2025-11-27,HYS01,25_1105_BLACK_43,PREMIUM OPEN,43,6,19.76,0.3,37,0.4233,0.6638,0.8803,5.83,1.77,2637.61,191,1011,1533
2025-11-27,MAS01,27_1119_WHITE_42,CLOSE,42,16,26.35,0.61,6,0.0734,0.2644,0.6459,1.45,0.88,2633.93,2055,1616,1534
2025-11-27,CHS01,16_1042_TAN_44,OPEN,44,11,22.0,0.5,13,0.2346,0.4747,0.7814,3.53,1.76,2627.23,1198,1015,1535
2025-11-27,HYS01,18_1056_BLACK_38,GIRLS_OPEN,38,12,20.36,0.59,0,0.0121,0.172,0.6415,0.64,0.37,2621.07,2337,2143,1536
2025-11-27,MAS01,24_1098_MAROON_40,OPEN,40,6,30.55,0.2,12,0.219,0.4588,0.7739,3.34,0.66,2614.97,1272,1827,1537
2025-11-27,AHS01,25_1105_BROWN_41,PREMIUM OPEN,41,24,35.37,0.68,9,0.1583,0.3909,0.7381,2.59,1.75,2614.49,1582,1017,1538
2025-11-27,BHS01,10_1000_BROWN_37,PREMIUM CLOSE,37,5,35.0,0.14,27,0.3233,0.5532,0.8082,4.58,0.65,2610.53,729,1829,1539
2025-11-27,MUS01,13_1021_BROWN_41,OPEN,41,22,17.6,1.25,2,0.0531,0.2985,0.7447,1.4,1.75,2603.36,1937,1019,1540
2025-11-27,SUS01,14_1028_ROSE-GOLD_44,OPEN,44,8,24.89,0.32,36,0.3916,0.6286,0.8572,5.43,1.75,2602.78,310,1020,1541
2025-11-27,KOS01,27_1119_ANTIC-GOLD_37,CLOSE,37,4,18.67,0.21,8,0.267,0.5581,0.8637,4.05,0.87,2596.93,691,1624,1542
2025-11-27,PUS01,20_1070_ANTIC-GOLD_37,PREMIUM CLOSE,37,3,28.0,0.11,10,0.2252,0.4827,0.8034,3.46,0.37,2591.43,1158,2148,1543
2025-11-27,BHS01,25_1105_BROWN_41,PREMIUM OPEN,41,22,25.14,0.88,7,0.1112,0.331,0.7031,1.99,1.74,2590.02,1826,1024,1544
2025-11-27,INS01,27_1119_ANTIC-GOLD_43,CLOSE,43,15,24.71,0.61,6,0.0718,0.2606,0.6416,1.43,0.87,2587.5,2067,1629,1545
2025-11-27,AHS01,13_1021_BROWN_40,OPEN,40,14,24.5,0.57,6,0.1828,0.4702,0.8247,3.04,1.74,2586.27,1224,1027,1546
2025-11-27,MAS01,14_1028_NAVY_40,OPEN,40,9,22.91,0.39,17,0.3059,0.5512,0.8241,4.41,1.73,2579.81,742,1030,1547
2025-11-27,COS01,31_1147_WHITE_43,PREMIUM CLOSE,43,6,25.85,0.23,12,0.2469,0.4977,0.8035,3.7,0.86,2571.46,1071,1634,1548
2025-11-27,MAS01,21_1077_BLUE-NAVY_43,PREMIUM CLOSE,43,3,28.0,0.11,10,0.2228,0.4793,0.801,3.43,0.37,2567.43,1174,2153,1549
2025-11-27,BES01,15_1035_GREY_38,PREMIUM OPEN,38,4,24.89,0.16,20,0.3801,0.6311,0.8712,5.33,0.86,2559.83,302,1637,1550
2025-11-27,BES01,17_1049_BROWN_37,CLOSE,37,6,28.0,0.21,19,0.3375,0.584,0.8425,4.8,1.03,2558.71,545,1470,1551
2025-11-27,PUS01,16_1042_TAN_39,OPEN,39,18,22.91,0.79,8,0.1276,0.3488,0.7094,2.19,1.72,2558.5,1762,1033,1552
2025-11-27,BHS01,33_1161_BLUE-NAVY_42,OPEN,42,11,32.42,0.34,10,0.1557,0.377,0.7176,2.52,0.86,2558.4,1649,1639,1553
2025-11-27,KOS01,25_1105_BROWN_39,PREMIUM OPEN,39,28,28.0,1.0,8,0.0957,0.2872,0.6465,1.72,1.72,2556.86,1975,1034,1554
2025-11-27,CHS01,22_1084_NAVY_37,CLOSE,37,7,23.06,0.3,11,0.2202,0.4676,0.7864,3.37,1.02,2549.27,1241,1477,1555
2025-11-27,KOS01,23_1091_BROWN_41,OPEN,41,12,28.0,0.43,14,0.2709,0.5184,0.81,3.99,1.71,2546.07,948,1037,1556
2025-11-27,MUS01,16_1042_TAN_37,OPEN,37,5,16.47,0.3,16,0.4022,0.6644,0.8965,5.62,1.71,2542.85,188,1040,1557
2025-11-27,AHS01,27_1119_ANTIC-GOLD_41,CLOSE,41,46,28.31,1.62,3,0.0159,0.1262,0.4958,0.52,0.85,2541.53,2449,1643,1558
2025-11-27,HYS01,11_1007_BLACK_41,PREMIUM CLOSE,41,24,22.03,1.09,0,0.0047,0.0986,0.5076,0.33,0.36,2538.67,2508,2159,1559
2025-11-27,KOS01,14_1028_WHITE_40,OPEN,40,21,19.6,1.07,4,0.0744,0.3042,0.7171,1.59,1.7,2534.16,1915,1042,1560
2025-11-27,COS01,10_1000_ROSE-GOLD_40,PREMIUM CLOSE,40,12,20.36,0.59,2,0.0369,0.2415,0.6862,1.07,0.63,2526.34,2128,1859,1561
2025-11-27,BES01,21_1077_BLUE-NAVY_43,PREMIUM CLOSE,43,9,21.91,0.41,1,0.024,0.2146,0.6751,0.88,0.36,2525.86,2200,2163,1562
2025-11-27,COS01,31_1147_ANTIC-GOLD_39,PREMIUM CLOSE,39,9,31.5,0.29,10,0.1861,0.4255,0.7595,2.94,0.84,2510.76,1417,1652,1563
2025-11-27,BHS01,25_1105_BLACK_44,PREMIUM OPEN,44,6,19.76,0.3,26,0.3987,0.6433,0.8726,5.54,1.68,2505.67,258,1046,1564
2025-11-27,AHS01,17_1049_MAROON_38,CLOSE,38,16,34.46,0.46,7,0.1235,0.3543,0.7248,2.17,1.01,2502.98,1741,1495,1565
2025-11-27,PUS01,28_1126_ROSE-GOLD_44,GIRLS_OPEN,44,7,23.06,0.3,18,0.3956,0.6524,0.8867,5.53,1.68,2501.36,223,1048,1566
2025-11-27,SUS01,11_1007_BLACK_37,PREMIUM CLOSE,37,5,46.67,0.11,22,0.2271,0.432,0.7133,3.34,0.36,2501.06,1388,2164,1567
2025-11-27,COS01,10_1000_ROSE-GOLD_41,PREMIUM CLOSE,41,15,23.33,0.64,3,0.0362,0.2133,0.6328,0.97,0.63,2500.01,2206,1862,1568
2025-11-27,SUS01,24_1098_MAROON_42,OPEN,42,17,31.73,0.54,8,0.0606,0.2088,0.5496,1.17,0.63,2494.96,2213,1864,1569
2025-11-27,INS01,31_1147_ANTIC-GOLD_44,PREMIUM CLOSE,44,8,22.4,0.36,8,0.1381,0.3676,0.7266,2.33,0.83,2493.14,1694,1658,1570
2025-11-27,BES01,14_1028_ROSE-GOLD_37,OPEN,37,7,26.13,0.27,14,0.4521,0.7202,0.9271,6.24,1.67,2490.99,69,1052,1571
2025-11-27,BHS01,32_1154_MAROON_44,CLOSE,44,2,28.0,0.07,13,0.3487,0.6175,0.8771,4.99,0.36,2489.44,363,2170,1572
2025-11-27,INS01,24_1098_WHITE_39,OPEN,39,6,28.0,0.21,10,0.1841,0.4223,0.7569,2.91,0.62,2489.32,1433,1866,1573
2025-11-27,COS01,11_1007_BLACK_37,PREMIUM CLOSE,37,4,22.4,0.18,4,0.0999,0.3632,0.7694,1.99,0.36,2485.61,1709,2174,1574
2025-11-27,HYS01,23_1091_BLACK_39,OPEN,39,25,20.9,1.2,5,0.0666,0.2644,0.6604,1.39,1.67,2484.28,2056,1055,1575
2025-11-27,CHS01,32_1154_MAROON_37,CLOSE,37,2,22.4,0.09,8,0.2605,0.5499,0.859,3.97,0.35,2477.92,754,2175,1576
2025-11-27,MAS01,28_1126_TAN_38,GIRLS_OPEN,38,12,23.17,0.52,11,0.208,0.4499,0.7726,3.21,1.66,2476.44,1312,1059,1577
2025-11-27,AHS01,17_1049_BLACK_37,CLOSE,37,19,22.64,0.84,4,0.0506,0.2395,0.6475,1.18,0.99,2464.81,2134,1509,1578
2025-11-27,MUS01,30_1140_WHITE_38,PREMIUM CLOSE,38,7,43.56,0.16,19,0.2052,0.4075,0.6988,3.07,0.49,2459.04,1501,2019,1579
2025-11-27,SUS01,26_1112_WHITE_44,OPEN,44,3,24.0,0.12,16,0.3459,0.6024,0.8606,4.92,0.62,2455.17,419,1871,1580
2025-11-27,SUS01,26_1112_WHITE_42,OPEN,42,30,23.33,1.29,2,0.0122,0.1221,0.5089,0.48,0.61,2451.4,2459,1872,1581
2025-11-27,MUS01,25_1105_MAROON_42,PREMIUM OPEN,42,30,30.0,1.0,10,0.0948,0.2659,0.6013,1.64,1.64,2449.07,2046,1067,1582
2025-11-27,MAS01,14_1028_WHITE_40,OPEN,40,10,26.67,0.38,21,0.306,0.5409,0.8078,4.38,1.64,2448.2,819,1068,1583
2025-11-27,MUS01,17_1049_BLACK_37,CLOSE,37,7,28.0,0.25,18,0.2694,0.5011,0.7839,3.93,0.98,2444.85,1054,1516,1584
2025-11-27,CHS01,25_1105_BROWN_40,PREMIUM OPEN,40,45,19.09,2.36,1,0.0172,0.1763,0.6236,0.7,1.64,2441.58,2322,1070,1585
2025-11-27,MUS01,30_1140_WHITE_42,PREMIUM CLOSE,42,16,24.22,0.66,3,0.0251,0.1693,0.5704,0.74,0.49,2435.99,2346,2025,1586
2025-11-27,COS01,14_1028_ROSE-GOLD_38,OPEN,38,6,21.0,0.29,25,0.4112,0.6581,0.8825,5.7,1.63,2425.55,205,1073,1587
2025-11-27,BHS01,28_1126_ROSE-GOLD_43,GIRLS_OPEN,43,7,23.06,0.3,33,0.3846,0.622,0.854,5.35,1.62,2419.64,339,1075,1588
2025-11-27,COS01,20_1070_ANTIC-GOLD_39,PREMIUM CLOSE,39,9,29.65,0.3,4,0.0484,0.2328,0.6394,1.14,0.35,2417.44,2158,2187,1589
2025-11-27,COS01,18_1056_GREY_39,GIRLS_OPEN,39,18,25.2,0.71,1,0.0103,0.1296,0.5462,0.48,0.35,2417.23,2440,2188,1590
2025-11-27,BES01,13_1021_BROWN_38,OPEN,38,15,25.45,0.59,5,0.1574,0.4485,0.8201,2.75,1.62,2413.89,1322,1077,1591
2025-11-27,COS01,20_1070_ANTIC-GOLD_38,PREMIUM CLOSE,38,3,42.0,0.07,31,0.3423,0.5729,0.8196,4.81,0.34,2403.8,601,2191,1592
2025-11-27,KOS01,17_1049_BROWN_43,CLOSE,43,7,24.5,0.29,11,0.22,0.4673,0.7861,3.37,0.96,2397.08,1244,1536,1593
2025-11-27,MAS01,10_1000_ROSE-GOLD_38,PREMIUM CLOSE,38,5,35.0,0.14,24,0.2934,0.5191,0.7854,4.2,0.6,2396.34,942,1882,1594
2025-11-27,SUS01,31_1147_WHITE_40,PREMIUM CLOSE,40,20,24.35,0.82,5,0.0422,0.1961,0.5743,0.97,0.8,2379.46,2247,1700,1595
2025-11-27,COS01,10_1000_WHITE_41,PREMIUM CLOSE,41,17,19.43,0.88,1,0.0166,0.1731,0.6188,0.68,0.6,2374.07,2334,1887,1596
2025-11-27,BES01,17_1049_BROWN_44,CLOSE,44,8,32.0,0.25,8,0.2478,0.5335,0.8493,3.81,0.95,2370.69,866,1546,1597
2025-11-27,PUS01,28_1126_ROSE-GOLD_38,GIRLS_OPEN,38,25,22.95,1.09,6,0.0738,0.2655,0.6472,1.46,1.59,2366.78,2050,1085,1598
2025-11-27,BHS01,20_1070_ANTIC-GOLD_44,PREMIUM CLOSE,44,2,22.4,0.09,6,0.2394,0.5502,0.8722,3.78,0.34,2356.61,749,2195,1599
2025-11-27,MUS01,14_1028_ROSE-GOLD_41,OPEN,41,12,32.0,0.38,20,0.2923,0.5256,0.7981,4.21,1.58,2352.3,907,1089,1600
2025-11-27,COS01,28_1126_TAN_40,GIRLS_OPEN,40,12,25.85,0.46,6,0.2097,0.5098,0.8494,3.39,1.58,2347.44,1000,1091,1601
2025-11-27,MAS01,14_1028_WHITE_39,OPEN,39,13,26.0,0.5,12,0.2051,0.4385,0.7576,3.15,1.58,2347.34,1362,1093,1602
2025-11-27,CHS01,13_1021_WHITE_38,OPEN,38,18,28.0,0.64,12,0.1538,0.3583,0.6851,2.45,1.58,2346.8,1726,1094,1603
2025-11-27,AHS01,13_1021_BROWN_43,OPEN,43,14,34.09,0.41,13,0.2581,0.5067,0.8055,3.83,1.58,2346.76,1021,1095,1604
2025-11-27,HYS01,21_1077_BLUE-NAVY_41,PREMIUM CLOSE,41,41,27.66,1.48,0,0.0027,0.0698,0.4331,0.23,0.33,2335.33,2555,2202,1605
2025-11-27,BES01,31_1147_MAROON_44,PREMIUM CLOSE,44,6,33.6,0.18,27,0.3066,0.5319,0.7914,4.36,0.78,2330.08,877,1709,1606
2025-11-27,INS01,25_1105_BROWN_42,PREMIUM OPEN,42,7,24.5,0.29,20,0.3901,0.6421,0.878,5.45,1.56,2320.64,263,1102,1607
2025-11-27,MAS01,21_1077_MAROON_37,PREMIUM CLOSE,37,3,42.0,0.07,39,0.3299,0.5525,0.7983,4.64,0.33,2317.59,736,2207,1608
2025-11-27,BHS01,17_1049_MAROON_39,CLOSE,39,14,30.15,0.46,7,0.1122,0.3329,0.7049,2.0,0.93,2313.31,1818,1567,1609
2025-11-27,BHS01,17_1049_MAROON_37,CLOSE,37,4,22.4,0.18,19,0.3691,0.6208,0.8663,5.19,0.93,2309.52,345,1569,1610
2025-11-27,MAS01,17_1049_BLACK_38,CLOSE,38,7,24.5,0.29,11,0.2106,0.4538,0.7757,3.24,0.93,2308.32,1292,1570,1611
2025-11-27,SUS01,27_1119_WHITE_42,CLOSE,42,11,38.5,0.29,14,0.1741,0.3795,0.6935,2.7,0.77,2304.87,1640,1716,1612
2025-11-27,SUS01,32_1154_MAROON_44,CLOSE,44,2,28.0,0.07,15,0.3204,0.5759,0.8462,4.61,0.33,2301.47,583,2213,1613
2025-11-27,HYS01,21_1077_MAROON_43,PREMIUM CLOSE,43,11,23.69,0.46,2,0.0208,0.171,0.5934,0.71,0.33,2300.75,2340,2214,1614
2025-11-27,COS01,31_1147_WHITE_42,PREMIUM CLOSE,42,7,23.06,0.3,7,0.1492,0.4002,0.7641,2.53,0.77,2297.84,1530,1720,1615
2025-11-27,SUS01,12_1014_ROSE-GOLD_37,CLOSE,37,14,19.12,0.73,1,0.0149,0.162,0.6019,0.63,0.46,2297.08,2361,2056,1616
2025-11-27,AHS01,32_1154_MAROON_41,CLOSE,41,11,24.64,0.45,2,0.0218,0.1757,0.6005,0.73,0.33,2284.39,2325,2219,1617
2025-11-27,AHS01,15_1035_GREY_42,PREMIUM OPEN,42,4,28.0,0.14,12,0.3767,0.6529,0.8989,5.34,0.76,2281.96,220,1722,1618
2025-11-27,INS01,14_1028_NAVY_43,OPEN,43,5,14.0,0.36,8,0.2845,0.5796,0.8756,4.27,1.53,2274.11,568,1119,1619
2025-11-27,BHS01,23_1091_BROWN_37,OPEN,37,5,18.67,0.27,20,0.4078,0.6614,0.8892,5.67,1.52,2263.59,198,1122,1620
2025-11-27,INS01,11_1007_BLACK_38,PREMIUM CLOSE,38,9,36.0,0.25,8,0.0684,0.2275,0.5748,1.29,0.32,2260.2,2170,2224,1621
2025-11-27,INS01,25_1105_BLACK_39,PREMIUM OPEN,39,16,28.0,0.57,11,0.1669,0.3869,0.7192,2.65,1.52,2258.37,1604,1123,1622
2025-11-27,COS01,28_1126_BLUE-NAVY_44,GIRLS_OPEN,44,5,18.67,0.27,23,0.4075,0.6564,0.8832,5.66,1.52,2257.83,213,1124,1623
2025-11-27,COS01,10_1000_ROSE-GOLD_42,PREMIUM CLOSE,42,12,35.37,0.34,9,0.0943,0.274,0.6208,1.66,0.56,2252.71,2010,1927,1624
2025-11-27,SUS01,23_1091_BROWN_42,OPEN,42,10,26.67,0.38,17,0.2767,0.5139,0.7967,4.03,1.51,2252.09,978,1125,1625
2025-11-27,COS01,11_1007_BLACK_43,PREMIUM CLOSE,43,3,15.27,0.2,1,0.059,0.3533,0.8074,1.64,0.32,2247.27,1746,2226,1626
2025-11-27,INS01,10_1000_BROWN_38,PREMIUM CLOSE,38,8,34.46,0.23,12,0.1518,0.355,0.6819,2.42,0.56,2243.67,1738,1932,1627
2025-11-27,BHS01,11_1007_BLACK_38,PREMIUM CLOSE,38,10,18.06,0.55,0,0.0105,0.1588,0.6214,0.58,0.32,2240.16,2372,2228,1628
2025-11-27,BES01,31_1147_ANTIC-GOLD_41,PREMIUM CLOSE,41,25,23.33,1.07,1,0.0172,0.1765,0.624,0.7,0.75,2230.28,2321,1744,1629
2025-11-27,MAS01,16_1042_ANTIC-GOLD_39,OPEN,39,10,25.45,0.39,17,0.259,0.4904,0.7783,3.8,1.49,2224.23,1115,1131,1630
2025-11-27,AHS01,10_1000_ROSE-GOLD_38,PREMIUM CLOSE,38,14,20.1,0.7,2,0.0246,0.1892,0.6202,0.8,0.56,2222.99,2275,1937,1631
2025-11-27,SUS01,23_1091_BLUE-NAVY_37,OPEN,37,5,17.5,0.29,16,0.3692,0.6288,0.8766,5.21,1.49,2219.9,308,1134,1632
2025-11-27,COS01,24_1098_WHITE_38,OPEN,38,6,37.33,0.16,18,0.2331,0.4512,0.7423,3.45,0.55,2211.36,1305,1943,1633
2025-11-27,BHS01,17_1049_BROWN_38,CLOSE,38,9,21.0,0.43,5,0.1096,0.3612,0.7546,2.07,0.89,2204.83,1718,1610,1634
2025-11-27,PUS01,14_1028_ROSE-GOLD_41,OPEN,41,26,26.0,1.0,6,0.0751,0.2685,0.6505,1.48,1.48,2202.87,2040,1144,1635
2025-11-27,PUS01,22_1084_NAVY_39,CLOSE,39,27,27.0,1.0,5,0.0375,0.1812,0.5526,0.88,0.88,2195.03,2299,1615,1636
2025-11-27,PUS01,31_1147_MAROON_37,PREMIUM CLOSE,37,7,28.0,0.25,12,0.1891,0.4146,0.7373,2.94,0.73,2194.73,1468,1752,1637
2025-11-27,MUS01,23_1091_BLUE-NAVY_42,OPEN,42,25,29.79,0.84,10,0.1022,0.2807,0.6187,1.75,1.47,2194.27,1994,1146,1638
2025-11-27,INS01,15_1035_GREY_40,PREMIUM OPEN,40,4,22.4,0.18,12,0.2782,0.5387,0.832,4.11,0.73,2194.12,834,1753,1639
2025-11-27,AHS01,29_1133_BROWN_44,BOYS CLOSE,44,3,15.27,0.2,2,0.1019,0.4268,0.8419,2.22,0.44,2179.54,1412,2076,1640
2025-11-27,KOS01,10_1000_BROWN_39,PREMIUM CLOSE,39,9,24.0,0.38,4,0.0665,0.284,0.6969,1.46,0.55,2178.31,1983,1950,1641
2025-11-27,MUS01,33_1161_ROSE-GOLD_38,OPEN,38,11,36.24,0.3,13,0.1509,0.3473,0.6674,2.39,0.73,2171.34,1770,1759,1642
2025-11-27,HYS01,10_1000_WHITE_43,PREMIUM CLOSE,43,10,21.54,0.46,3,0.0462,0.2481,0.675,1.17,0.54,2170.7,2106,1954,1643
2025-11-27,SUS01,10_1000_WHITE_43,PREMIUM CLOSE,43,6,30.55,0.2,11,0.1747,0.3994,0.7303,2.76,0.54,2162.89,1536,1960,1644
2025-11-27,MUS01,14_1028_WHITE_43,OPEN,43,12,25.85,0.46,13,0.2045,0.4315,0.7462,3.13,1.45,2162.7,1391,1156,1645
2025-11-27,COS01,28_1126_TAN_44,GIRLS_OPEN,44,4,16.0,0.25,16,0.4166,0.6794,0.9044,5.8,1.45,2160.16,147,1159,1646
2025-11-27,PUS01,30_1140_WHITE_43,PREMIUM CLOSE,43,6,28.0,0.21,7,0.1134,0.3351,0.707,2.02,0.43,2157.58,1812,2081,1647
2025-11-27,COS01,17_1049_BROWN_44,CLOSE,44,6,21.0,0.29,8,0.1884,0.4498,0.7934,3.03,0.87,2154.95,1313,1628,1648
2025-11-27,CHS01,28_1126_BLUE-NAVY_37,GIRLS_OPEN,37,7,26.13,0.27,25,0.3867,0.631,0.8656,5.39,1.44,2152.0,303,1161,1649
2025-11-27,SUS01,25_1105_BROWN_41,PREMIUM OPEN,41,13,24.27,0.54,10,0.1682,0.3974,0.7358,2.69,1.44,2151.12,1552,1162,1650
2025-11-27,MAS01,16_1042_TAN_41,OPEN,41,10,28.0,0.36,17,0.2774,0.5148,0.7974,4.04,1.44,2149.6,974,1163,1651
2025-11-27,BHS01,23_1091_BROWN_40,OPEN,40,16,26.35,0.61,8,0.1406,0.3721,0.7306,2.37,1.44,2144.92,1679,1167,1652
2025-11-27,COS01,28_1126_ROSE-GOLD_43,GIRLS_OPEN,43,11,21.24,0.52,8,0.17,0.4211,0.7716,2.78,1.44,2144.78,1435,1168,1653
2025-11-27,INS01,13_1021_BROWN_42,OPEN,42,6,19.76,0.3,12,0.328,0.599,0.8695,4.74,1.44,2143.72,447,1169,1654
2025-11-27,PUS01,17_1049_BROWN_37,CLOSE,37,5,15.56,0.32,5,0.1522,0.4399,0.8143,2.68,0.86,2143.66,1356,1633,1655
2025-11-27,COS01,28_1126_BLUE-NAVY_37,GIRLS_OPEN,37,8,26.35,0.3,28,0.3355,0.5672,0.8179,4.73,1.44,2141.37,633,1170,1656
2025-11-27,SUS01,13_1021_BROWN_42,OPEN,42,13,21.41,0.61,7,0.1374,0.3796,0.7471,2.36,1.44,2139.33,1639,1171,1657
2025-11-27,BHS01,32_1154_MAROON_41,CLOSE,41,8,26.35,0.3,2,0.0337,0.2286,0.6712,1.01,0.31,2132.69,2168,2241,1658
2025-11-27,COS01,13_1021_BROWN_41,OPEN,41,20,28.72,0.7,7,0.1158,0.3397,0.7114,2.05,1.43,2130.13,1798,1175,1659
2025-11-27,MAS01,24_1098_WHITE_44,OPEN,44,2,22.4,0.09,43,0.4354,0.6755,0.8864,5.98,0.53,2129.94,157,1969,1660
2025-11-27,BHS01,27_1119_WHITE_37,CLOSE,37,9,38.77,0.23,17,0.2037,0.4118,0.7102,3.06,0.71,2126.49,1484,1772,1661
2025-11-27,BHS01,28_1126_BLUE-NAVY_40,GIRLS_OPEN,40,38,23.64,1.61,3,0.032,0.1975,0.6116,0.89,1.43,2126.33,2242,1178,1662
2025-11-27,MAS01,11_1007_BLACK_43,PREMIUM CLOSE,43,3,16.8,0.18,2,0.0699,0.3481,0.7871,1.7,0.3,2122.38,1766,2245,1663
2025-11-27,INS01,29_1133_BROWN_37,BOYS CLOSE,37,8,37.33,0.21,11,0.1195,0.3056,0.6379,1.98,0.43,2122.06,1910,2091,1664
2025-11-27,INS01,14_1028_NAVY_38,OPEN,38,13,26.0,0.5,12,0.1825,0.4043,0.7282,2.85,1.42,2119.82,1509,1179,1665
2025-11-27,COS01,28_1126_BLUE-NAVY_43,GIRLS_OPEN,43,8,23.58,0.34,16,0.2884,0.5325,0.8135,4.19,1.42,2118.63,875,1180,1666
2025-11-27,KOS01,25_1105_MAROON_43,PREMIUM OPEN,43,5,15.56,0.32,8,0.2963,0.5937,0.8831,4.42,1.42,2117.65,484,1181,1667
2025-11-27,MAS01,24_1098_MAROON_41,OPEN,41,2,22.4,0.09,19,0.4292,0.6855,0.9037,5.94,0.53,2115.59,135,1974,1668
2025-11-27,CHS01,32_1154_MAROON_42,CLOSE,42,9,56.0,0.16,14,0.1155,0.2799,0.5863,1.87,0.3,2103.89,1995,2248,1669
2025-11-27,PUS01,14_1028_ROSE-GOLD_40,OPEN,40,36,17.84,2.02,0,0.0138,0.1858,0.661,0.7,1.41,2096.59,2287,1187,1670
2025-11-27,SUS01,11_1007_BLACK_40,PREMIUM CLOSE,40,9,26.53,0.34,3,0.0318,0.1967,0.6105,0.88,0.3,2095.45,2246,2250,1671
2025-11-27,PUS01,17_1049_BLACK_40,CLOSE,40,24,24.89,0.96,3,0.0312,0.1944,0.6074,0.87,0.84,2092.26,2256,1651,1672
2025-11-27,AHS01,14_1028_WHITE_37,OPEN,37,8,26.35,0.3,20,0.3241,0.5655,0.8278,4.62,1.4,2089.31,643,1192,1673
2025-11-27,SUS01,25_1105_MAROON_40,PREMIUM OPEN,40,18,23.44,0.77,7,0.1004,0.3094,0.6816,1.83,1.4,2088.58,1895,1193,1674
2025-11-27,BHS01,11_1007_BLACK_42,PREMIUM CLOSE,42,5,35.0,0.14,7,0.1184,0.3447,0.716,2.09,0.3,2088.0,1777,2254,1675
2025-11-27,COS01,11_1007_BLACK_38,PREMIUM CLOSE,38,11,25.67,0.43,2,0.0203,0.1684,0.5894,0.7,0.3,2085.31,2347,2255,1676
2025-11-27,MAS01,10_1000_ROSE-GOLD_37,PREMIUM CLOSE,37,2,22.4,0.09,39,0.4251,0.6652,0.8806,5.85,0.52,2084.93,184,1984,1677
2025-11-27,MUS01,17_1049_BLACK_40,CLOSE,40,35,22.53,1.55,1,0.012,0.142,0.5687,0.54,0.84,2083.94,2415,1656,1678
2025-11-27,MUS01,33_1161_BLUE-NAVY_40,OPEN,40,20,21.13,0.95,1,0.0186,0.1848,0.6358,0.74,0.7,2079.98,2294,1787,1679
2025-11-27,HYS01,11_1007_BLACK_38,PREMIUM CLOSE,38,14,31.36,0.45,4,0.0242,0.1485,0.5174,0.67,0.3,2075.56,2404,2258,1680
2025-11-27,COS01,10_1000_ROSE-GOLD_43,PREMIUM CLOSE,43,5,35.0,0.14,17,0.2465,0.4733,0.7644,3.64,0.52,2072.25,1210,1986,1681
2025-11-27,INS01,11_1007_TAN_38,PREMIUM CLOSE,38,7,32.67,0.21,7,0.0718,0.2468,0.6117,1.38,0.3,2070.35,2111,2260,1682
2025-11-27,MAS01,14_1028_WHITE_38,OPEN,38,6,16.8,0.36,9,0.256,0.5336,0.8434,3.89,1.39,2067.89,863,1199,1683
2025-11-27,AHS01,14_1028_ROSE-GOLD_44,OPEN,44,9,31.5,0.29,15,0.3397,0.5988,0.8607,4.85,1.39,2066.31,452,1200,1684
2025-11-27,BES01,16_1042_ANTIC-GOLD_37,OPEN,37,7,24.5,0.29,20,0.3425,0.5878,0.8432,4.85,1.39,2066.3,518,1201,1685
2025-11-27,KOS01,14_1028_ROSE-GOLD_43,OPEN,43,6,19.76,0.3,10,0.3114,0.593,0.8735,4.56,1.39,2064.46,486,1204,1686
2025-11-27,HYS01,14_1028_ROSE-GOLD_42,OPEN,42,17,19.04,0.89,3,0.0673,0.3105,0.7389,1.55,1.38,2062.69,1891,1206,1687
2025-11-27,CHS01,28_1126_ROSE-GOLD_44,GIRLS_OPEN,44,3,12.92,0.23,10,0.4256,0.7128,0.9313,5.96,1.38,2060.45,86,1208,1688
2025-11-27,KOS01,20_1070_ANTIC-GOLD_44,PREMIUM CLOSE,44,1,18.67,0.05,8,0.3845,0.6884,0.9269,5.5,0.29,2057.87,128,2262,1689
2025-11-27,INS01,21_1077_BLUE-NAVY_43,PREMIUM CLOSE,43,6,37.33,0.16,9,0.1054,0.296,0.6456,1.83,0.29,2054.32,1941,2263,1690
2025-11-27,MAS01,12_1014_ANTIC-GOLD_44,CLOSE,44,5,16.47,0.3,2,0.0509,0.291,0.7377,1.35,0.41,2051.44,1956,2111,1691
2025-11-27,SUS01,13_1021_BROWN_38,OPEN,38,13,26.0,0.5,11,0.1735,0.3975,0.7286,2.74,1.37,2043.59,1551,1216,1692
2025-11-27,AHS01,17_1049_MAROON_43,CLOSE,43,15,24.0,0.62,4,0.0581,0.2613,0.6726,1.31,0.82,2042.84,2064,1667,1693
2025-11-27,COS01,17_1049_MAROON_43,CLOSE,43,8,26.35,0.3,9,0.1668,0.4046,0.7498,2.7,0.82,2042.63,1508,1669,1694
2025-11-27,BES01,22_1084_NAVY_44,CLOSE,44,5,31.11,0.16,32,0.3645,0.5991,0.8383,5.1,0.82,2039.57,446,1674,1695
2025-11-27,COS01,20_1070_ANTIC-GOLD_41,PREMIUM CLOSE,41,12,30.55,0.39,3,0.0252,0.17,0.5715,0.74,0.29,2039.41,2342,2267,1696
2025-11-27,HYS01,15_1035_GREY_38,PREMIUM OPEN,38,6,25.85,0.23,10,0.1851,0.4239,0.7582,2.92,0.68,2030.23,1424,1804,1697
2025-11-27,BHS01,23_1091_BLACK_43,OPEN,43,8,29.87,0.27,37,0.3638,0.5954,0.8329,5.08,1.36,2027.48,476,1222,1698
2025-11-27,INS01,13_1021_BROWN_43,OPEN,43,11,28.0,0.39,17,0.2335,0.4551,0.7491,3.46,1.36,2027.07,1285,1223,1699
2025-11-27,HYS01,24_1098_MAROON_37,OPEN,37,4,32.0,0.12,16,0.2781,0.5192,0.8038,4.06,0.51,2023.71,941,2002,1700
2025-11-27,KOS01,27_1119_WHITE_42,CLOSE,42,13,22.06,0.59,2,0.0403,0.2544,0.7005,1.15,0.68,2018.36,2085,1809,1701
2025-11-27,SUS01,27_1119_WHITE_43,CLOSE,43,11,21.24,0.52,4,0.0576,0.2598,0.671,1.3,0.67,2018.24,2070,1810,1702
2025-11-27,CHS01,28_1126_BLUE-NAVY_44,GIRLS_OPEN,44,8,24.89,0.32,17,0.2908,0.532,0.8103,4.21,1.35,2017.39,876,1227,1703
2025-11-27,MUS01,13_1021_BROWN_43,OPEN,43,14,30.15,0.46,15,0.1908,0.4005,0.7084,2.91,1.35,2014.73,1528,1228,1704
2025-11-27,INS01,10_1000_BROWN_37,PREMIUM CLOSE,37,6,37.33,0.16,17,0.2094,0.4202,0.718,3.14,0.5,2013.71,1439,2005,1705
2025-11-27,HYS01,15_1035_GREY_44,PREMIUM OPEN,44,2,18.67,0.11,25,0.4586,0.7075,0.9107,6.28,0.67,2012.55,97,1813,1706
2025-11-27,MAS01,24_1098_WHITE_39,OPEN,39,3,24.0,0.12,10,0.2688,0.541,0.8427,4.03,0.5,2008.14,818,2009,1707
2025-11-27,HYS01,31_1147_MAROON_37,PREMIUM CLOSE,37,7,26.13,0.27,9,0.1522,0.3807,0.7291,2.5,0.67,2002.69,1634,1819,1708
2025-11-27,MAS01,14_1028_ROSE-GOLD_42,OPEN,42,6,25.85,0.23,27,0.4184,0.664,0.8847,5.78,1.34,2000.26,190,1233,1709
2025-11-27,MUS01,22_1084_NAVY_38,CLOSE,38,19,33.25,0.57,10,0.079,0.2332,0.5602,1.4,0.8,1998.02,2157,1691,1710
2025-11-27,AHS01,10_1000_ROSE-GOLD_43,PREMIUM CLOSE,43,8,40.73,0.2,8,0.1529,0.3931,0.7488,2.54,0.5,1993.62,1571,2011,1711
2025-11-27,SUS01,27_1119_WHITE_40,CLOSE,40,31,20.92,1.48,0,0.0072,0.1279,0.5683,0.45,0.67,1992.88,2445,1822,1712
2025-11-27,INS01,29_1133_BROWN_44,BOYS CLOSE,44,5,35.0,0.14,12,0.1787,0.3985,0.723,2.79,0.4,1991.73,1546,2122,1713
2025-11-27,BHS01,25_1105_BROWN_43,PREMIUM OPEN,43,12,32.0,0.38,19,0.2422,0.461,0.7477,3.56,1.34,1989.99,1259,1236,1714
2025-11-27,KOS01,30_1140_WHITE_44,PREMIUM CLOSE,44,3,24.0,0.12,7,0.1975,0.4766,0.8203,3.19,0.4,1988.91,1190,2123,1715
2025-11-27,INS01,25_1105_BLACK_42,PREMIUM OPEN,42,18,30.55,0.59,13,0.1419,0.332,0.6515,2.27,1.33,1988.87,1820,1237,1716
2025-11-27,CHS01,25_1105_MAROON_43,PREMIUM OPEN,43,7,17.04,0.41,7,0.202,0.4832,0.8247,3.25,1.33,1987.7,1154,1238,1717
2025-11-27,MAS01,17_1049_MAROON_37,CLOSE,37,3,24.0,0.12,50,0.4677,0.7089,0.9061,6.38,0.8,1984.99,96,1697,1718
2025-11-27,COS01,14_1028_ROSE-GOLD_43,OPEN,43,7,24.5,0.29,17,0.3253,0.5749,0.8405,4.65,1.33,1981.54,588,1240,1719
2025-11-27,KOS01,14_1028_WHITE_42,OPEN,42,22,28.0,0.79,8,0.0941,0.284,0.643,1.69,1.33,1981.5,1981,1241,1720
2025-11-27,HYS01,16_1042_TAN_37,OPEN,37,8,24.89,0.32,16,0.2841,0.527,0.8096,4.14,1.33,1980.8,901,1242,1721
2025-11-27,CHS01,28_1126_ROSE-GOLD_43,GIRLS_OPEN,43,13,31.65,0.41,17,0.216,0.4299,0.7269,3.23,1.33,1976.11,1402,1244,1722
2025-11-27,INS01,23_1091_BLUE-NAVY_42,OPEN,42,7,16.33,0.43,6,0.1869,0.4765,0.8288,3.09,1.33,1975.25,1191,1245,1723
2025-11-27,MAS01,14_1028_WHITE_41,OPEN,41,12,28.0,0.43,13,0.2018,0.4275,0.7427,3.09,1.32,1972.94,1409,1247,1724
2025-11-27,PUS01,17_1049_BLACK_44,CLOSE,44,9,28.0,0.32,11,0.1529,0.364,0.6978,2.46,0.79,1967.86,1707,1703,1725
2025-11-27,MAS01,17_1049_MAROON_43,CLOSE,43,5,28.0,0.18,20,0.3085,0.5462,0.8138,4.42,0.79,1965.19,781,1705,1726
2025-11-27,AHS01,23_1091_BLUE-NAVY_37,OPEN,37,3,15.27,0.2,8,0.4869,0.7789,0.9592,6.69,1.31,1959.19,21,1250,1727
2025-11-27,CHS01,21_1077_BLUE-NAVY_37,PREMIUM CLOSE,37,8,56.0,0.14,15,0.1223,0.2874,0.5889,1.96,0.28,1953.52,1973,2279,1728
2025-11-27,MUS01,14_1028_NAVY_42,OPEN,42,34,19.04,1.79,2,0.0218,0.1759,0.6008,0.73,1.31,1950.54,2323,1254,1729
2025-11-27,MAS01,27_1119_WHITE_44,CLOSE,44,3,18.67,0.16,9,0.2692,0.5505,0.8537,4.05,0.65,1948.28,747,1831,1730
2025-11-27,BES01,31_1147_ANTIC-GOLD_43,PREMIUM CLOSE,43,8,22.4,0.36,3,0.0834,0.3519,0.7746,1.82,0.65,1943.21,1751,1834,1731
2025-11-27,SUS01,24_1098_MAROON_44,OPEN,44,3,28.0,0.11,17,0.3162,0.5638,0.833,4.54,0.49,1940.21,653,2027,1732
2025-11-27,BHS01,14_1028_ROSE-GOLD_38,OPEN,38,8,26.35,0.3,15,0.295,0.5448,0.8253,4.29,1.3,1938.78,794,1260,1733
2025-11-27,INS01,24_1098_WHITE_37,OPEN,37,5,28.0,0.18,10,0.1699,0.4,0.7381,2.72,0.49,1936.26,1531,2028,1734
2025-11-27,PUS01,30_1140_WHITE_44,PREMIUM CLOSE,44,5,21.54,0.23,4,0.0795,0.3167,0.729,1.67,0.39,1935.11,1871,2132,1735
2025-11-27,AHS01,13_1021_BROWN_44,OPEN,44,6,24.0,0.25,19,0.3688,0.6205,0.8662,5.19,1.3,1933.64,351,1267,1736
2025-11-27,KOS01,13_1021_BROWN_41,OPEN,41,16,19.06,0.84,2,0.0611,0.323,0.7665,1.55,1.3,1932.18,1846,1269,1737
2025-11-27,COS01,33_1161_BLUE-NAVY_43,OPEN,43,4,18.67,0.21,5,0.1767,0.4796,0.84,3.01,0.65,1929.7,1172,1840,1738
2025-11-27,KOS01,17_1049_BLACK_44,CLOSE,44,4,20.36,0.2,9,0.2607,0.5396,0.8471,3.95,0.77,1929.68,824,1712,1739
2025-11-27,HYS01,15_1035_GREY_43,PREMIUM OPEN,43,3,24.0,0.12,18,0.366,0.6196,0.8673,5.16,0.65,1928.76,353,1842,1740
2025-11-27,BHS01,17_1049_BROWN_44,CLOSE,44,7,35.64,0.2,24,0.2728,0.4919,0.7627,3.93,0.77,1924.62,1110,1714,1741
2025-11-27,COS01,10_1000_ROSE-GOLD_44,PREMIUM CLOSE,44,4,32.0,0.12,16,0.2623,0.4984,0.7879,3.85,0.48,1921.32,1067,2033,1742
2025-11-27,CHS01,27_1119_ANTIC-GOLD_43,CLOSE,43,15,21.0,0.71,2,0.0288,0.2083,0.6459,0.9,0.64,1916.99,2215,1848,1743
2025-11-27,PUS01,32_1154_MAROON_44,CLOSE,44,3,56.0,0.05,36,0.3664,0.599,0.836,5.11,0.27,1915.24,448,2286,1744
2025-11-27,SUS01,15_1035_GREY_39,PREMIUM OPEN,39,4,32.0,0.12,39,0.3666,0.5979,0.8339,5.11,0.64,1911.37,461,1850,1745
2025-11-27,SUS01,31_1147_ANTIC-GOLD_44,PREMIUM CLOSE,44,5,25.45,0.2,11,0.2106,0.4538,0.7757,3.24,0.64,1905.75,1291,1853,1746
2025-11-27,HYS01,17_1049_BLACK_42,CLOSE,42,26,26.0,1.0,4,0.029,0.1673,0.5483,0.77,0.77,1905.7,2349,1721,1747
2025-11-27,BHS01,28_1126_ROSE-GOLD_37,GIRLS_OPEN,37,8,26.35,0.3,17,0.2897,0.5307,0.8094,4.2,1.27,1899.2,884,1277,1748
2025-11-27,INS01,17_1049_BLACK_39,CLOSE,39,21,36.75,0.57,10,0.0741,0.2225,0.5461,1.33,0.76,1890.17,2178,1726,1749
2025-11-27,HYS01,10_1000_WHITE_39,PREMIUM CLOSE,39,15,21.54,0.7,1,0.0166,0.1731,0.6189,0.68,0.47,1889.96,2333,2046,1750
2025-11-27,KOS01,28_1126_BLUE-NAVY_40,GIRLS_OPEN,40,17,22.67,0.75,5,0.085,0.3086,0.7067,1.69,1.27,1888.84,1897,1283,1751
2025-11-27,HYS01,17_1049_BROWN_38,CLOSE,38,10,21.54,0.46,5,0.081,0.2995,0.6977,1.63,0.76,1881.71,1933,1729,1752
2025-11-27,MUS01,16_1042_ANTIC-GOLD_44,OPEN,44,6,22.4,0.27,18,0.3296,0.5772,0.8398,4.7,1.26,1876.65,573,1291,1753
2025-11-27,BES01,32_1154_MAROON_43,CLOSE,43,2,22.4,0.09,3,0.1645,0.5107,0.8773,3.01,0.27,1875.99,995,2293,1754
2025-11-27,INS01,29_1133_BROWN_39,BOYS CLOSE,39,46,28.62,1.61,1,0.0037,0.0685,0.4041,0.23,0.38,1873.08,2556,2141,1755
2025-11-27,COS01,12_1014_ANTIC-GOLD_37,CLOSE,37,19,28.0,0.68,3,0.0171,0.1323,0.5075,0.55,0.38,1872.43,2434,2142,1756
2025-11-27,KOS01,20_1070_ANTIC-GOLD_42,PREMIUM CLOSE,42,5,31.11,0.16,5,0.0834,0.3049,0.7031,1.66,0.27,1870.1,1913,2295,1757
2025-11-27,CHS01,25_1105_BROWN_43,PREMIUM OPEN,43,9,28.0,0.32,17,0.2671,0.5011,0.7869,3.9,1.26,1870.09,1053,1294,1758
2025-11-27,SUS01,11_1007_BLACK_43,PREMIUM CLOSE,43,6,25.85,0.23,4,0.0491,0.2348,0.6418,1.15,0.27,1867.79,2153,2297,1759
2025-11-27,KOS01,23_1091_BROWN_43,OPEN,43,4,13.18,0.3,5,0.2632,0.5981,0.9026,4.12,1.25,1864.92,459,1296,1760
2025-11-27,HYS01,25_1105_BLACK_42,PREMIUM OPEN,42,15,26.25,0.57,9,0.1301,0.3424,0.6935,2.19,1.25,1863.53,1789,1298,1761
2025-11-27,COS01,23_1091_BROWN_39,OPEN,39,11,36.24,0.3,32,0.2886,0.5033,0.7617,4.12,1.25,1862.05,1040,1299,1762
2025-11-27,BHS01,14_1028_WHITE_42,OPEN,42,16,34.46,0.46,13,0.1723,0.3822,0.7018,2.69,1.25,1860.3,1623,1301,1763
2025-11-27,INS01,28_1126_BLUE-NAVY_41,GIRLS_OPEN,41,23,29.27,0.79,9,0.0893,0.2636,0.6086,1.59,1.25,1859.44,2058,1302,1764
2025-11-27,MAS01,16_1042_TAN_38,OPEN,38,2,10.18,0.2,7,0.455,0.761,0.9558,6.34,1.24,1854.6,30,1303,1765
2025-11-27,INS01,16_1042_ANTIC-GOLD_38,OPEN,38,10,25.45,0.39,13,0.2075,0.4359,0.75,3.17,1.24,1853.6,1374,1304,1766
2025-11-27,SUS01,20_1070_ANTIC-GOLD_38,PREMIUM CLOSE,38,3,21.0,0.14,3,0.0856,0.3573,0.7789,1.86,0.27,1853.14,1731,2301,1767
2025-11-27,MAS01,21_1077_BLUE-NAVY_37,PREMIUM CLOSE,37,2,28.0,0.07,10,0.2442,0.5087,0.8216,3.71,0.26,1851.42,1007,2302,1768
2025-11-27,MAS01,13_1021_BROWN_43,OPEN,43,3,15.27,0.2,19,0.4603,0.7165,0.9196,6.32,1.24,1849.08,81,1307,1769
2025-11-27,INS01,21_1077_BLUE-NAVY_41,PREMIUM CLOSE,41,17,29.75,0.57,2,0.0116,0.1185,0.5016,0.46,0.26,1842.75,2468,2303,1770
2025-11-27,MAS01,17_1049_MAROON_40,CLOSE,40,9,33.6,0.27,13,0.1772,0.3898,0.709,2.76,0.74,1837.82,1589,1747,1771
2025-11-27,MUS01,22_1084_NAVY_37,CLOSE,37,3,21.0,0.14,15,0.3638,0.6261,0.8771,5.15,0.74,1833.66,318,1750,1772
2025-11-27,BHS01,14_1028_WHITE_43,OPEN,43,10,31.11,0.32,19,0.2624,0.4887,0.7712,3.83,1.23,1832.95,1126,1311,1773
2025-11-27,COS01,17_1049_BROWN_43,CLOSE,43,3,18.67,0.16,9,0.3108,0.6007,0.882,4.58,0.74,1831.93,432,1751,1774
2025-11-27,MAS01,28_1126_BLUE-NAVY_38,GIRLS_OPEN,38,11,34.22,0.32,26,0.2647,0.4777,0.7468,3.82,1.23,1829.3,1182,1312,1775
2025-11-27,BHS01,25_1105_BLACK_41,PREMIUM OPEN,41,11,22.0,0.5,5,0.1362,0.4119,0.7945,2.45,1.23,1827.84,1483,1314,1776
2025-11-27,KOS01,16_1042_TAN_43,OPEN,43,19,24.74,0.77,7,0.0853,0.2775,0.6476,1.6,1.23,1825.39,2003,1317,1777
2025-11-27,AHS01,25_1105_BROWN_37,PREMIUM OPEN,37,5,17.5,0.29,6,0.2795,0.6001,0.8973,4.28,1.22,1821.67,438,1319,1778
2025-11-27,HYS01,21_1077_BLUE-NAVY_37,PREMIUM CLOSE,37,4,28.0,0.14,5,0.0931,0.3266,0.7239,1.82,0.26,1813.5,1840,2307,1779
2025-11-27,KOS01,13_1021_BROWN_38,OPEN,38,16,28.9,0.55,9,0.1306,0.3432,0.6943,2.2,1.22,1810.98,1784,1322,1780
2025-11-27,CHS01,14_1028_ROSE-GOLD_37,OPEN,37,5,21.54,0.23,18,0.3719,0.6263,0.8713,5.23,1.22,1810.64,317,1323,1781
2025-11-27,CHS01,27_1119_WHITE_43,CLOSE,43,12,24.0,0.5,4,0.0523,0.2446,0.6536,1.21,0.61,1809.3,2117,1879,1782
2025-11-27,HYS01,13_1021_WHITE_44,OPEN,44,9,22.91,0.39,11,0.199,0.4367,0.7621,3.09,1.21,1808.72,1371,1324,1783
2025-11-27,SUS01,17_1049_BROWN_38,CLOSE,38,6,15.27,0.39,3,0.0851,0.356,0.7779,1.85,0.73,1806.85,1736,1760,1784
2025-11-27,MAS01,31_1147_ANTIC-GOLD_43,PREMIUM CLOSE,43,5,20.0,0.25,6,0.1373,0.395,0.7704,2.41,0.6,1801.93,1560,1880,1785
2025-11-27,KOS01,25_1105_MAROON_44,PREMIUM OPEN,44,7,23.06,0.3,13,0.2687,0.5206,0.8155,3.97,1.21,1796.53,934,1328,1786
2025-11-27,INS01,28_1126_BLUE-NAVY_38,GIRLS_OPEN,38,12,22.4,0.54,8,0.1321,0.357,0.717,2.25,1.21,1796.31,1733,1329,1787
2025-11-27,KOS01,16_1042_BLUE-NAVY_44,OPEN,44,5,18.67,0.27,11,0.3076,0.5813,0.8628,4.5,1.21,1795.58,558,1330,1788
2025-11-27,AHS01,16_1042_ANTIC-GOLD_37,OPEN,37,13,34.67,0.38,22,0.2174,0.4179,0.6999,3.21,1.2,1793.61,1450,1331,1789
2025-11-27,MUS01,25_1105_BROWN_40,PREMIUM OPEN,40,20,31.11,0.64,9,0.1083,0.3016,0.6517,1.87,1.2,1792.39,1930,1332,1790
2025-11-27,HYS01,19_1063_MAROON_44,BOYS CLOSE,44,7,26.13,0.27,3,0.0353,0.21,0.6284,0.96,0.26,1790.2,2211,2313,1791
2025-11-27,HYS01,23_1091_BROWN_41,OPEN,41,9,14.4,0.62,2,0.0828,0.382,0.8123,1.92,1.2,1787.14,1624,1337,1792
2025-11-27,AHS01,16_1042_TAN_43,OPEN,43,9,20.16,0.45,5,0.1526,0.4405,0.8147,2.68,1.2,1784.84,1354,1339,1793
2025-11-27,SUS01,15_1035_GREY_43,PREMIUM OPEN,43,2,18.67,0.11,15,0.3971,0.6622,0.8971,5.57,0.6,1783.39,194,1885,1794
2025-11-27,MUS01,17_1049_BLACK_39,CLOSE,39,25,24.56,1.02,3,0.0235,0.1624,0.5595,0.7,0.72,1782.84,2359,1767,1795
2025-11-27,PUS01,28_1126_TAN_39,GIRLS_OPEN,39,39,32.6,1.2,7,0.0485,0.1883,0.5331,1.0,1.19,1780.23,2281,1343,1796
2025-11-27,MUS01,28_1126_TAN_44,GIRLS_OPEN,44,7,26.13,0.27,20,0.3113,0.5498,0.8164,4.46,1.19,1778.36,755,1345,1797
2025-11-27,MAS01,32_1154_MAROON_44,CLOSE,44,2,37.33,0.05,25,0.3352,0.5705,0.8237,4.74,0.25,1774.85,615,2316,1798
2025-11-27,HYS01,14_1028_ROSE-GOLD_44,OPEN,44,10,20.74,0.48,7,0.1448,0.3925,0.7579,2.47,1.19,1773.61,1575,1347,1799
2025-11-27,KOS01,15_1035_GREY_39,PREMIUM OPEN,39,2,8.62,0.23,0,0.1017,0.5147,0.9108,2.55,0.59,1772.69,975,1889,1800
2025-11-27,BHS01,28_1126_BLUE-NAVY_37,GIRLS_OPEN,37,6,24.0,0.25,18,0.333,0.5812,0.8426,4.74,1.19,1767.45,559,1349,1801
2025-11-27,COS01,13_1021_BROWN_39,OPEN,39,20,26.05,0.77,5,0.0758,0.2872,0.6851,1.54,1.19,1767.2,1974,1350,1802
2025-11-27,SUS01,24_1098_WHITE_44,OPEN,44,3,28.0,0.11,14,0.2806,0.5309,0.8189,4.11,0.44,1757.73,883,2073,1803
2025-11-27,PUS01,14_1028_ROSE-GOLD_37,OPEN,37,7,12.25,0.57,2,0.0917,0.4036,0.8271,2.06,1.18,1757.19,1512,1354,1804
2025-11-27,MAS01,15_1035_GREY_40,PREMIUM OPEN,40,2,16.0,0.12,8,0.3185,0.6192,0.896,4.7,0.59,1755.36,356,1895,1805
2025-11-27,KOS01,31_1147_WHITE_43,PREMIUM CLOSE,43,6,28.0,0.21,9,0.1688,0.4079,0.7526,2.73,0.59,1749.22,1499,1901,1806
2025-11-27,COS01,33_1161_BLUE-NAVY_37,OPEN,37,3,24.0,0.12,12,0.3232,0.5935,0.8663,4.68,0.59,1749.21,485,1902,1807
2025-11-27,MAS01,30_1140_WHITE_37,PREMIUM CLOSE,37,2,22.4,0.09,9,0.259,0.5374,0.8457,3.92,0.35,1747.99,843,2183,1808
2025-11-27,INS01,23_1091_BLUE-NAVY_37,OPEN,37,5,28.0,0.18,32,0.4824,0.727,0.9185,6.56,1.17,1746.53,62,1359,1809
2025-11-27,KOS01,13_1021_WHITE_38,OPEN,38,10,21.54,0.46,7,0.1483,0.3985,0.7628,2.52,1.17,1741.83,1545,1361,1810
2025-11-27,KOS01,14_1028_WHITE_38,OPEN,38,7,23.06,0.3,11,0.2562,0.5169,0.8219,3.84,1.17,1738.63,958,1364,1811
2025-11-27,HYS01,24_1098_MAROON_44,OPEN,44,5,28.0,0.18,8,0.1454,0.3804,0.7379,2.44,0.44,1737.75,1635,2077,1812
2025-11-27,COS01,12_1014_ROSE-GOLD_37,CLOSE,37,16,26.35,0.61,2,0.0156,0.1425,0.5469,0.57,0.35,1733.5,2414,2186,1813
2025-11-27,KOS01,14_1028_ROSE-GOLD_38,OPEN,38,10,20.0,0.5,5,0.1271,0.3953,0.782,2.32,1.16,1730.97,1558,1365,1814
2025-11-27,KOS01,13_1021_BROWN_42,OPEN,42,11,22.81,0.48,6,0.1368,0.3942,0.7698,2.4,1.16,1727.16,1563,1369,1815
2025-11-27,MAS01,28_1126_BLUE-NAVY_39,GIRLS_OPEN,39,10,37.33,0.27,38,0.3052,0.5211,0.7724,4.32,1.16,1725.14,929,1371,1816
2025-11-27,COS01,24_1098_WHITE_40,OPEN,40,4,20.36,0.2,3,0.1076,0.4063,0.8152,2.2,0.43,1722.07,1504,2082,1817
2025-11-27,INS01,24_1098_MAROON_37,OPEN,37,4,32.0,0.12,14,0.23,0.4629,0.7674,3.45,0.43,1721.22,1254,2083,1818
2025-11-27,MAS01,27_1119_WHITE_40,CLOSE,40,28,21.19,1.32,0,0.0069,0.1242,0.5614,0.43,0.57,1718.13,2455,1918,1819
2025-11-27,KOS01,28_1126_BLUE-NAVY_37,GIRLS_OPEN,37,6,30.55,0.2,19,0.4222,0.6783,0.8999,5.85,1.15,1713.05,150,1377,1820
2025-11-27,INS01,17_1049_MAROON_43,CLOSE,43,4,24.89,0.16,14,0.2933,0.547,0.83,4.27,0.69,1710.69,776,1796,1821
2025-11-27,MUS01,16_1042_ANTIC-GOLD_42,OPEN,42,12,22.4,0.54,7,0.1219,0.3513,0.7222,2.14,1.15,1709.98,1753,1379,1822
2025-11-27,HYS01,25_1105_BLACK_37,PREMIUM OPEN,37,6,25.85,0.23,26,0.3513,0.5887,0.8358,4.94,1.15,1709.52,510,1380,1823
2025-11-27,SUS01,32_1154_MAROON_43,CLOSE,43,2,37.33,0.05,20,0.3195,0.5599,0.8237,4.56,0.24,1707.61,679,2327,1824
2025-11-27,KOS01,28_1126_BLUE-NAVY_43,GIRLS_OPEN,43,9,29.65,0.3,14,0.2545,0.4966,0.7939,3.77,1.15,1706.7,1078,1383,1825
2025-11-27,COS01,17_1049_BROWN_37,CLOSE,37,4,22.4,0.18,10,0.2539,0.5217,0.8303,3.83,0.68,1705.02,927,1798,1826
2025-11-27,CHS01,24_1098_MAROON_37,OPEN,37,4,24.89,0.16,7,0.1582,0.4153,0.7761,2.66,0.43,1703.49,1462,2088,1827
2025-11-27,SUS01,14_1028_WHITE_44,OPEN,44,6,25.85,0.23,23,0.3488,0.5898,0.8401,4.92,1.14,1701.83,499,1385,1828
2025-11-27,MUS01,16_1042_TAN_44,OPEN,44,8,24.89,0.32,14,0.2375,0.4733,0.7758,3.55,1.14,1700.09,1208,1386,1829
2025-11-27,INS01,21_1077_BLUE-NAVY_40,PREMIUM CLOSE,40,12,42.0,0.29,6,0.0381,0.1698,0.5192,0.85,0.24,1698.79,2343,2328,1830
2025-11-27,BES01,26_1112_WHITE_38,OPEN,38,44,24.4,1.8,0,0.0028,0.0727,0.4414,0.24,0.43,1697.28,2549,2090,1831
2025-11-27,COS01,23_1091_BLUE-NAVY_42,OPEN,42,8,29.87,0.27,20,0.2952,0.5293,0.801,4.25,1.14,1695.37,891,1388,1832
2025-11-27,SUS01,25_1105_BLACK_44,PREMIUM OPEN,44,3,16.8,0.18,28,0.4662,0.7129,0.9122,6.37,1.14,1695.1,85,1390,1833
2025-11-27,BHS01,33_1161_ROSE-GOLD_37,OPEN,37,8,37.33,0.21,12,0.1676,0.3809,0.7068,2.64,0.57,1692.76,1632,1925,1834
2025-11-27,AHS01,14_1028_WHITE_44,OPEN,44,8,29.87,0.27,20,0.2945,0.5285,0.8003,4.24,1.14,1691.85,895,1391,1835
2025-11-27,BES01,33_1161_BLUE-NAVY_44,OPEN,44,4,22.4,0.18,4,0.1827,0.5117,0.868,3.16,0.56,1688.3,989,1926,1836
2025-11-27,MUS01,33_1161_ROSE-GOLD_39,OPEN,39,21,28.0,0.75,4,0.0283,0.1644,0.5437,0.75,0.56,1681.64,2355,1931,1837
2025-11-27,MUS01,17_1049_MAROON_39,CLOSE,39,22,30.05,0.73,5,0.0396,0.1881,0.5628,0.92,0.67,1680.0,2282,1811,1838
2025-11-27,HYS01,30_1140_WHITE_44,PREMIUM CLOSE,44,3,18.67,0.16,3,0.1007,0.3917,0.805,2.09,0.34,1678.62,1579,2197,1839
2025-11-27,HYS01,13_1021_BROWN_37,OPEN,37,11,30.8,0.36,16,0.2094,0.4241,0.7256,3.15,1.13,1677.05,1423,1400,1840
2025-11-27,COS01,24_1098_MAROON_39,OPEN,39,9,21.91,0.41,2,0.0344,0.2314,0.6746,1.02,0.42,1671.85,2161,2099,1841
2025-11-27,INS01,14_1028_NAVY_39,OPEN,39,15,31.11,0.48,12,0.1448,0.3432,0.67,2.32,1.12,1669.84,1785,1403,1842
2025-11-27,SUS01,31_1147_WHITE_38,PREMIUM CLOSE,38,4,22.4,0.18,8,0.1953,0.4601,0.8009,3.12,0.56,1666.51,1264,1936,1843
2025-11-27,MUS01,33_1161_BLUE-NAVY_37,OPEN,37,4,32.0,0.12,20,0.3112,0.5496,0.8162,4.45,0.56,1664.64,756,1938,1844
2025-11-27,COS01,18_1056_ANTIC-GOLD_37,GIRLS_OPEN,37,5,25.45,0.2,2,0.0435,0.2659,0.7128,1.21,0.24,1661.36,2047,2334,1845
2025-11-27,KOS01,25_1105_BROWN_43,PREMIUM OPEN,43,4,17.23,0.23,9,0.3284,0.6207,0.8924,4.8,1.11,1658.66,347,1405,1846
2025-11-27,SUS01,13_1021_BROWN_41,OPEN,41,13,40.44,0.32,19,0.2347,0.4504,0.7385,3.46,1.11,1658.06,1308,1406,1847
2025-11-27,PUS01,25_1105_BLACK_37,PREMIUM OPEN,37,16,32.0,0.5,14,0.1402,0.3236,0.6362,2.23,1.11,1657.74,1843,1407,1848
2025-11-27,COS01,17_1049_BLACK_42,CLOSE,42,11,29.33,0.38,7,0.0969,0.3021,0.6741,1.77,0.66,1654.56,1927,1824,1849
2025-11-27,SUS01,27_1119_WHITE_38,CLOSE,38,16,17.57,0.91,0,0.0112,0.165,0.631,0.61,0.55,1649.69,2352,1944,1850
2025-11-27,KOS01,13_1021_BROWN_40,OPEN,40,14,31.36,0.45,10,0.1524,0.3714,0.7125,2.48,1.11,1646.53,1681,1414,1851
2025-11-27,COS01,24_1098_MAROON_43,OPEN,43,6,25.85,0.23,5,0.0905,0.321,0.7187,1.78,0.41,1645.49,1852,2109,1852
2025-11-27,SUS01,16_1042_TAN_40,OPEN,40,13,15.83,0.82,1,0.0442,0.3024,0.7664,1.34,1.1,1643.04,1924,1415,1853
2025-11-27,SUS01,13_1021_BROWN_39,OPEN,39,15,24.71,0.61,6,0.0962,0.3155,0.7001,1.81,1.1,1635.51,1875,1419,1854
2025-11-27,INS01,25_1105_BLACK_43,PREMIUM OPEN,43,8,22.4,0.36,11,0.1976,0.4346,0.7603,3.07,1.1,1634.11,1378,1421,1855
2025-11-27,PUS01,25_1105_BROWN_38,PREMIUM OPEN,38,9,20.16,0.45,7,0.1437,0.3906,0.7563,2.45,1.1,1632.18,1584,1424,1856
2025-11-27,COS01,24_1098_MAROON_44,OPEN,44,4,32.0,0.12,11,0.2127,0.4568,0.778,3.27,0.41,1631.99,1279,2114,1857
2025-11-27,HYS01,18_1056_ANTIC-GOLD_37,GIRLS_OPEN,37,12,29.22,0.41,2,0.0154,0.1418,0.5455,0.57,0.23,1631.99,2417,2345,1858
2025-11-27,HYS01,15_1035_GREY_37,PREMIUM OPEN,37,3,28.0,0.11,23,0.3621,0.6055,0.8508,5.09,0.55,1630.24,412,1951,1859
2025-11-27,MAS01,12_1014_BROWN_37,CLOSE,37,9,28.0,0.32,5,0.0447,0.204,0.5853,1.02,0.33,1628.93,2230,2220,1860
2025-11-27,PUS01,10_1000_BROWN_37,PREMIUM CLOSE,37,7,23.06,0.3,4,0.0599,0.2663,0.6782,1.34,0.41,1628.08,2043,2115,1861
2025-11-27,INS01,16_1042_BLUE-NAVY_44,OPEN,44,4,17.23,0.23,12,0.3253,0.5959,0.8677,4.71,1.09,1627.71,473,1426,1862
2025-11-27,CHS01,23_1091_BLACK_42,OPEN,42,11,26.78,0.41,10,0.1655,0.393,0.732,2.66,1.09,1626.39,1572,1427,1863
2025-11-27,MAS01,33_1161_BLUE-NAVY_37,OPEN,37,3,28.0,0.11,24,0.3605,0.6022,0.8474,5.07,0.54,1622.66,421,1958,1864
2025-11-27,SUS01,31_1147_ANTIC-GOLD_43,PREMIUM CLOSE,43,8,15.45,0.52,1,0.0307,0.2472,0.7127,1.05,0.54,1618.29,2108,1962,1865
2025-11-27,MUS01,17_1049_MAROON_44,CLOSE,44,6,28.0,0.21,12,0.1962,0.4254,0.7465,3.03,0.65,1617.79,1419,1836,1866
2025-11-27,INS01,23_1091_BLUE-NAVY_43,OPEN,43,3,21.0,0.14,25,0.5677,0.8069,0.9566,7.6,1.09,1616.75,9,1431,1867
2025-11-27,MAS01,10_1000_ROSE-GOLD_41,PREMIUM CLOSE,41,2,18.67,0.11,6,0.2372,0.5473,0.8706,3.75,0.4,1602.14,771,2119,1868
2025-11-27,MUS01,22_1084_NAVY_44,CLOSE,44,5,28.0,0.18,14,0.2407,0.4778,0.7794,3.59,0.64,1597.37,1180,1846,1869
2025-11-27,CHS01,14_1028_NAVY_37,OPEN,37,8,24.89,0.32,12,0.2183,0.4579,0.7732,3.33,1.07,1593.94,1277,1437,1870
2025-11-27,MAS01,14_1028_ROSE-GOLD_43,OPEN,43,7,30.15,0.23,25,0.3249,0.5577,0.8141,4.61,1.07,1593.49,695,1438,1871
2025-11-27,KOS01,25_1105_MAROON_42,PREMIUM OPEN,42,31,16.38,1.89,0,0.0101,0.1554,0.6161,0.56,1.07,1592.38,2382,1439,1872
2025-11-27,AHS01,22_1084_NAVY_43,CLOSE,43,9,26.53,0.34,5,0.0974,0.3359,0.7325,1.88,0.64,1590.18,1809,1851,1873
2025-11-27,SUS01,25_1105_BROWN_38,PREMIUM OPEN,38,9,36.0,0.25,30,0.2994,0.5194,0.7776,4.26,1.07,1587.66,940,1441,1874
2025-11-27,BHS01,16_1042_BLUE-NAVY_43,OPEN,43,11,36.24,0.3,23,0.2396,0.4479,0.7257,3.5,1.06,1583.77,1323,1443,1875
2025-11-27,HYS01,23_1091_BROWN_37,OPEN,37,5,20.0,0.25,11,0.2876,0.557,0.8481,4.25,1.06,1581.67,702,1444,1876
2025-11-27,KOS01,13_1021_WHITE_40,OPEN,40,15,26.25,0.57,7,0.1019,0.3123,0.6846,1.85,1.06,1572.68,1887,1447,1877
2025-11-27,SUS01,23_1091_BLUE-NAVY_43,OPEN,43,8,34.46,0.23,32,0.3214,0.546,0.7976,4.54,1.05,1571.44,783,1449,1878
2025-11-27,BHS01,20_1070_ANTIC-GOLD_38,PREMIUM CLOSE,38,6,33.6,0.18,4,0.055,0.2523,0.6625,1.26,0.22,1569.39,2094,2352,1879
2025-11-27,COS01,31_1147_MAROON_43,PREMIUM CLOSE,43,5,21.54,0.23,5,0.1228,0.3871,0.7756,2.26,0.52,1568.94,1603,1980,1880
2025-11-27,CHS01,16_1042_TAN_43,OPEN,43,10,29.47,0.34,14,0.2036,0.4247,0.7352,3.1,1.05,1566.73,1420,1450,1881
2025-11-27,HYS01,23_1091_BLACK_44,OPEN,44,7,26.13,0.27,15,0.265,0.5061,0.7973,3.9,1.04,1555.82,1026,1458,1882
2025-11-27,BHS01,33_1161_BLUE-NAVY_44,OPEN,44,3,28.0,0.11,14,0.3385,0.6014,0.8649,4.85,0.52,1553.08,429,1985,1883
2025-11-27,PUS01,11_1007_TAN_38,PREMIUM CLOSE,38,16,37.33,0.43,5,0.0193,0.1153,0.4379,0.52,0.22,1552.7,2478,2358,1884
2025-11-27,BES01,14_1028_ROSE-GOLD_44,OPEN,44,3,18.67,0.16,20,0.4742,0.7283,0.9245,6.48,1.04,1552.46,60,1460,1885
2025-11-27,BHS01,22_1084_NAVY_38,CLOSE,38,9,42.0,0.21,18,0.1928,0.3919,0.6873,2.91,0.62,1551.19,1578,1867,1886
2025-11-27,MAS01,25_1105_BROWN_41,PREMIUM OPEN,41,10,23.33,0.43,8,0.1441,0.3782,0.7359,2.42,1.04,1545.64,1644,1461,1887
2025-11-27,COS01,23_1091_BROWN_43,OPEN,43,5,25.45,0.2,28,0.3783,0.6183,0.8546,5.28,1.04,1544.89,359,1462,1888
2025-11-27,KOS01,16_1042_TAN_41,OPEN,41,13,20.22,0.64,3,0.0708,0.32,0.7475,1.61,1.04,1542.85,1854,1464,1889
2025-11-27,COS01,16_1042_ANTIC-GOLD_43,OPEN,43,9,28.0,0.32,13,0.2116,0.4419,0.7549,3.22,1.04,1542.48,1349,1465,1890
2025-11-27,KOS01,31_1147_WHITE_42,PREMIUM CLOSE,42,8,24.89,0.32,5,0.0794,0.2956,0.6938,1.6,0.51,1539.11,1944,1991,1891
2025-11-27,SUS01,20_1070_ANTIC-GOLD_39,PREMIUM CLOSE,39,10,32.94,0.3,4,0.0271,0.1598,0.5364,0.73,0.22,1539.07,2368,2360,1892
2025-11-27,MAS01,31_1147_WHITE_40,PREMIUM CLOSE,40,14,20.1,0.7,2,0.022,0.177,0.6024,0.74,0.51,1537.73,2319,1993,1893
2025-11-27,SUS01,23_1091_BROWN_38,OPEN,38,11,34.22,0.32,19,0.2156,0.4229,0.7134,3.21,1.03,1535.88,1430,1468,1894
2025-11-27,HYS01,23_1091_BROWN_43,OPEN,43,9,25.2,0.36,10,0.1817,0.4186,0.7539,2.88,1.03,1532.0,1448,1469,1895
2025-11-27,BHS01,25_1105_BLACK_43,PREMIUM OPEN,43,6,24.0,0.25,16,0.2812,0.5233,0.8068,4.1,1.02,1526.6,918,1474,1896
2025-11-27,HYS01,21_1077_MAROON_44,PREMIUM CLOSE,44,4,24.89,0.16,3,0.0563,0.2795,0.7088,1.36,0.22,1526.07,1996,2361,1897
2025-11-27,INS01,17_1049_BLACK_44,CLOSE,44,5,25.45,0.2,11,0.2012,0.44,0.7647,3.12,0.61,1525.51,1355,1873,1898
2025-11-27,PUS01,16_1042_TAN_43,OPEN,43,15,31.11,0.48,12,0.1306,0.3186,0.6442,2.12,1.02,1525.51,1863,1476,1899
2025-11-27,CHS01,23_1091_BLACK_43,OPEN,43,7,26.13,0.27,14,0.2579,0.5012,0.7974,3.82,1.02,1523.72,1052,1478,1900
2025-11-27,HYS01,23_1091_BLACK_37,OPEN,37,4,17.23,0.23,9,0.2967,0.5842,0.8731,4.4,1.02,1522.62,544,1479,1901
2025-11-27,COS01,24_1098_MAROON_38,OPEN,38,5,25.45,0.2,5,0.101,0.3436,0.7393,1.94,0.38,1518.54,1781,2137,1902
2025-11-27,KOS01,29_1133_BROWN_37,BOYS CLOSE,37,7,26.13,0.27,3,0.0443,0.2417,0.6677,1.13,0.3,1516.98,2126,2244,1903
2025-11-27,CHS01,10_1000_WHITE_42,PREMIUM CLOSE,42,18,31.5,0.57,4,0.0242,0.1484,0.5172,0.66,0.38,1515.06,2405,2138,1904
2025-11-27,INS01,25_1105_BROWN_37,PREMIUM OPEN,37,3,9.88,0.3,3,0.1894,0.549,0.8958,3.34,1.01,1508.5,762,1488,1905
2025-11-27,INS01,14_1028_ROSE-GOLD_37,OPEN,37,8,40.73,0.2,24,0.3675,0.6102,0.8529,5.15,1.01,1508.13,386,1489,1906
2025-11-27,HYS01,13_1021_WHITE_37,OPEN,37,5,23.33,0.21,17,0.3307,0.5814,0.8448,4.72,1.01,1508.11,557,1490,1907
2025-11-27,PUS01,28_1126_TAN_42,GIRLS_OPEN,42,21,19.28,1.09,2,0.0302,0.2143,0.6536,0.93,1.01,1508.08,2201,1491,1908
2025-11-27,AHS01,33_1161_ROSE-GOLD_39,OPEN,39,15,42.0,0.36,6,0.0708,0.2583,0.6389,1.41,0.5,1505.58,2073,2008,1909
2025-11-27,BHS01,28_1126_ROSE-GOLD_39,GIRLS_OPEN,39,25,24.14,1.04,3,0.0361,0.2129,0.6322,0.97,1.01,1500.34,2207,1494,1910
2025-11-27,KOS01,31_1147_ANTIC-GOLD_43,PREMIUM CLOSE,43,10,35.0,0.29,9,0.1004,0.2862,0.6348,1.76,0.5,1499.42,1977,2010,1911
2025-11-27,COS01,24_1098_WHITE_44,OPEN,44,2,22.4,0.09,8,0.2791,0.5732,0.8721,4.21,0.38,1498.64,598,2140,1912
2025-11-27,MUS01,17_1049_BLACK_44,CLOSE,44,4,28.0,0.14,16,0.2898,0.5343,0.8149,4.21,0.6,1497.37,858,1881,1913
2025-11-27,PUS01,25_1105_BROWN_37,PREMIUM OPEN,37,4,16.0,0.25,8,0.2633,0.5535,0.8611,4.01,1.0,1492.56,726,1500,1914
2025-11-27,BHS01,28_1126_ROSE-GOLD_44,GIRLS_OPEN,44,8,37.33,0.21,41,0.3318,0.5541,0.7986,4.66,1.0,1489.22,723,1502,1915
2025-11-27,SUS01,16_1042_TAN_41,OPEN,41,15,17.87,0.84,2,0.0425,0.2623,0.7091,1.19,1.0,1488.22,2061,1503,1916
2025-11-27,AHS01,19_1063_MAROON_44,BOYS CLOSE,44,3,18.67,0.16,1,0.0433,0.2991,0.7635,1.32,0.21,1486.95,1935,2369,1917
2025-11-27,CHS01,25_1105_BROWN_38,PREMIUM OPEN,38,5,15.56,0.32,5,0.1833,0.4899,0.8462,3.1,1.0,1485.06,1118,1505,1918
2025-11-27,HYS01,23_1091_BROWN_38,OPEN,38,7,15.08,0.46,3,0.1042,0.3992,0.8103,2.15,1.0,1484.89,1539,1506,1919
2025-11-27,MAS01,24_1098_MAROON_37,OPEN,37,2,28.0,0.07,21,0.3698,0.6177,0.8614,5.19,0.37,1480.32,360,2146,1920
2025-11-27,BHS01,20_1070_ANTIC-GOLD_37,PREMIUM CLOSE,37,1,11.2,0.09,0,0.0904,0.488,0.8995,2.37,0.21,1479.15,1132,2371,1921
2025-11-27,SUS01,25_1105_BROWN_42,PREMIUM OPEN,42,12,26.88,0.45,9,0.1325,0.3466,0.6976,2.22,0.99,1478.48,1774,1507,1922
2025-11-27,BHS01,32_1154_MAROON_38,CLOSE,38,5,40.0,0.12,7,0.0914,0.2907,0.662,1.69,0.21,1476.13,1959,2373,1923
2025-11-27,INS01,24_1098_WHITE_42,OPEN,42,10,37.33,0.27,9,0.0757,0.2344,0.5723,1.38,0.37,1473.41,2154,2152,1924
2025-11-27,SUS01,16_1042_ANTIC-GOLD_44,OPEN,44,6,24.0,0.25,15,0.2688,0.511,0.801,3.95,0.99,1470.22,992,1510,1925
2025-11-27,MAS01,14_1028_WHITE_43,OPEN,43,4,17.23,0.23,9,0.2827,0.5672,0.8635,4.23,0.98,1461.49,634,1519,1926
2025-11-27,AHS01,17_1049_BLACK_41,CLOSE,41,32,23.58,1.36,1,0.0088,0.1175,0.5227,0.43,0.59,1460.74,2471,1896,1927
2025-11-27,CHS01,22_1084_NAVY_44,CLOSE,44,5,35.0,0.14,22,0.2851,0.512,0.7832,4.11,0.59,1460.62,988,1897,1928
2025-11-27,COS01,28_1126_TAN_37,GIRLS_OPEN,37,9,31.5,0.29,14,0.2284,0.4606,0.7656,3.43,0.98,1460.23,1262,1521,1929
2025-11-27,BES01,17_1049_BROWN_38,CLOSE,38,20,28.72,0.7,3,0.0297,0.1886,0.5992,0.84,0.59,1457.21,2277,1899,1930
2025-11-27,MUS01,24_1098_WHITE_44,OPEN,44,5,35.0,0.14,11,0.1598,0.3755,0.7086,2.56,0.37,1456.37,1656,2156,1931
2025-11-27,COS01,17_1049_BLACK_44,CLOSE,44,4,24.89,0.16,10,0.2383,0.5008,0.8162,3.63,0.58,1453.24,1057,1903,1932
2025-11-27,COS01,28_1126_TAN_38,GIRLS_OPEN,38,11,30.8,0.36,10,0.1706,0.4012,0.7391,2.73,0.97,1451.44,1522,1525,1933
2025-11-27,MUS01,20_1070_ANTIC-GOLD_44,PREMIUM CLOSE,44,4,20.36,0.2,1,0.0312,0.2491,0.7148,1.06,0.21,1448.58,2102,2377,1934
2025-11-27,MUS01,25_1105_MAROON_44,PREMIUM OPEN,44,6,25.85,0.23,17,0.2879,0.5284,0.8076,4.18,0.97,1444.16,896,1528,1935
2025-11-27,KOS01,21_1077_BLUE-NAVY_37,PREMIUM CLOSE,37,5,25.45,0.2,2,0.0358,0.2373,0.6814,1.05,0.21,1443.94,2144,2378,1936
2025-11-27,SUS01,24_1098_WHITE_42,OPEN,42,12,26.88,0.45,4,0.0312,0.1755,0.561,0.81,0.36,1442.99,2326,2160,1937
2025-11-27,HYS01,28_1126_TAN_39,GIRLS_OPEN,39,36,23.72,1.52,2,0.018,0.1562,0.5701,0.64,0.97,1441.09,2380,1531,1938
2025-11-27,BHS01,31_1147_WHITE_37,PREMIUM CLOSE,37,2,22.4,0.09,12,0.381,0.6575,0.9012,5.4,0.48,1440.56,209,2032,1939
2025-11-27,MUS01,25_1105_MAROON_37,PREMIUM OPEN,37,8,28.0,0.29,15,0.2259,0.4523,0.7544,3.38,0.97,1440.46,1299,1532,1940
2025-11-27,BHS01,17_1049_MAROON_42,CLOSE,42,19,28.0,0.68,3,0.0302,0.1907,0.6021,0.85,0.58,1438.53,2268,1912,1941
2025-11-27,COS01,28_1126_TAN_42,GIRLS_OPEN,42,25,21.54,1.16,2,0.0258,0.1951,0.6283,0.83,0.96,1434.78,2254,1535,1942
2025-11-27,AHS01,22_1084_NAVY_40,CLOSE,40,34,21.16,1.61,0,0.0052,0.1049,0.5217,0.36,0.58,1431.84,2495,1917,1943
2025-11-27,KOS01,28_1126_ROSE-GOLD_42,GIRLS_OPEN,42,22,33.3,0.66,8,0.0785,0.2505,0.604,1.45,0.96,1430.23,2098,1537,1944
2025-11-27,INS01,14_1028_ROSE-GOLD_40,OPEN,40,14,30.15,0.46,8,0.1193,0.3336,0.6947,2.07,0.96,1429.32,1814,1538,1945
2025-11-27,BHS01,23_1091_BLACK_44,OPEN,44,6,25.85,0.23,13,0.2811,0.5366,0.8266,4.13,0.96,1429.02,846,1539,1946
2025-11-27,BHS01,15_1035_GREY_39,PREMIUM OPEN,39,3,15.27,0.2,2,0.1156,0.4559,0.859,2.43,0.48,1428.32,1283,2040,1947
2025-11-27,BES01,23_1091_BLACK_39,OPEN,39,17,20.7,0.82,2,0.0414,0.2582,0.7046,1.17,0.96,1428.04,2075,1540,1948
2025-11-27,PUS01,23_1091_BLUE-NAVY_43,OPEN,43,12,21.0,0.57,5,0.0838,0.3059,0.7041,1.67,0.96,1423.53,1907,1542,1949
2025-11-27,CHS01,10_1000_BROWN_40,PREMIUM CLOSE,40,26,28.55,0.91,2,0.0093,0.1028,0.4684,0.39,0.36,1422.78,2497,2167,1950
2025-11-27,PUS01,10_1000_ROSE-GOLD_37,PREMIUM CLOSE,37,6,33.6,0.18,9,0.1166,0.3175,0.6685,1.99,0.36,1420.33,1866,2173,1951
2025-11-27,BHS01,33_1161_BLUE-NAVY_38,OPEN,38,7,17.82,0.39,1,0.0379,0.2781,0.7441,1.21,0.47,1419.7,2000,2044,1952
2025-11-27,MAS01,24_1098_WHITE_37,OPEN,37,2,28.0,0.07,18,0.3501,0.6014,0.8558,4.96,0.35,1413.87,428,2177,1953
2025-11-27,INS01,21_1077_BLUE-NAVY_44,PREMIUM CLOSE,44,4,22.4,0.18,2,0.0394,0.251,0.6969,1.13,0.2,1406.91,2097,2383,1954
2025-11-27,KOS01,13_1021_BROWN_44,OPEN,44,5,20.0,0.25,9,0.2471,0.5219,0.836,3.77,0.94,1404.67,924,1553,1955
2025-11-27,MUS01,28_1126_TAN_41,GIRLS_OPEN,41,40,28.35,1.41,3,0.0219,0.1554,0.548,0.67,0.94,1403.4,2383,1554,1956
2025-11-27,CHS01,14_1028_ROSE-GOLD_44,OPEN,44,7,26.13,0.27,12,0.2321,0.4773,0.7883,3.51,0.94,1401.03,1186,1556,1957
2025-11-27,MUS01,14_1028_NAVY_44,OPEN,44,5,18.67,0.27,8,0.2246,0.5023,0.8298,3.51,0.94,1400.44,1043,1557,1958
2025-11-27,BES01,17_1049_BROWN_43,CLOSE,43,15,42.0,0.36,6,0.0811,0.2824,0.666,1.57,0.56,1399.86,1988,1933,1959
2025-11-27,BHS01,23_1091_BROWN_39,OPEN,39,16,19.91,0.8,2,0.0414,0.2583,0.7048,1.17,0.94,1397.77,2074,1558,1960
2025-11-27,PUS01,22_1084_NAVY_37,CLOSE,37,8,20.36,0.39,4,0.0648,0.2795,0.6922,1.43,0.56,1396.03,1997,1934,1961
2025-11-27,KOS01,16_1042_BLUE-NAVY_38,OPEN,38,7,17.04,0.41,4,0.1186,0.4016,0.7989,2.27,0.93,1390.27,1521,1559,1962
2025-11-27,COS01,23_1091_BROWN_42,OPEN,42,7,17.04,0.41,3,0.1124,0.4163,0.822,2.27,0.93,1388.73,1459,1561,1963
2025-11-27,BHS01,14_1028_WHITE_37,OPEN,37,6,25.85,0.23,16,0.2745,0.5145,0.8003,4.01,0.93,1387.33,976,1564,1964
2025-11-27,AHS01,25_1105_BROWN_43,PREMIUM OPEN,43,7,18.67,0.38,4,0.133,0.4288,0.818,2.48,0.93,1385.53,1407,1565,1965
2025-11-27,PUS01,11_1007_TAN_44,PREMIUM CLOSE,44,5,31.11,0.16,5,0.0568,0.2386,0.6302,1.23,0.2,1379.82,2138,2387,1966
2025-11-27,BHS01,14_1028_ROSE-GOLD_43,OPEN,43,6,25.85,0.23,10,0.2651,0.5363,0.8397,3.98,0.92,1376.12,847,1572,1967
2025-11-27,SUS01,15_1035_GREY_38,PREMIUM OPEN,38,2,22.4,0.09,15,0.3635,0.6258,0.8769,5.15,0.46,1375.19,322,2057,1968
2025-11-27,BHS01,18_1056_BLACK_37,GIRLS_OPEN,37,5,31.11,0.16,3,0.0489,0.2566,0.6846,1.22,0.2,1372.42,2081,2388,1969
2025-11-27,PUS01,16_1042_TAN_44,OPEN,44,7,23.06,0.3,10,0.1931,0.436,0.768,3.03,0.92,1371.79,1372,1573,1970
2025-11-27,BHS01,16_1042_TAN_37,OPEN,37,3,18.67,0.16,12,0.4079,0.685,0.9146,5.72,0.92,1370.38,138,1575,1971
2025-11-27,KOS01,31_1147_ANTIC-GOLD_41,PREMIUM CLOSE,41,13,19.68,0.66,0,0.0137,0.1848,0.6596,0.69,0.46,1368.68,2293,2058,1972
2025-11-27,HYS01,13_1021_WHITE_38,OPEN,38,25,27.45,0.91,6,0.0468,0.1957,0.5582,1.01,0.92,1366.96,2250,1577,1973
2025-11-27,INS01,16_1042_ANTIC-GOLD_42,OPEN,42,13,26.0,0.5,8,0.1035,0.3031,0.6637,1.83,0.92,1366.18,1919,1578,1974
2025-11-27,INS01,16_1042_BLUE-NAVY_43,OPEN,43,8,26.35,0.3,13,0.1965,0.4195,0.7358,3.02,0.92,1365.01,1442,1580,1975
2025-11-27,COS01,28_1126_ROSE-GOLD_42,GIRLS_OPEN,42,26,24.27,1.07,3,0.0303,0.1911,0.6027,0.85,0.91,1362.41,2265,1581,1976
2025-11-27,AHS01,19_1063_MAROON_37,BOYS CLOSE,37,8,21.33,0.38,0,0.009,0.1448,0.5985,0.52,0.19,1361.94,2411,2390,1977
2025-11-27,PUS01,23_1091_BROWN_37,OPEN,37,10,40.0,0.25,18,0.2487,0.4729,0.7609,3.65,0.91,1361.43,1212,1582,1978
2025-11-27,PUS01,25_1105_BLACK_41,PREMIUM OPEN,41,17,19.83,0.86,2,0.0364,0.2395,0.684,1.06,0.91,1358.87,2133,1583,1979
2025-11-27,COS01,14_1028_ROSE-GOLD_40,OPEN,40,20,19.65,1.02,1,0.0246,0.2179,0.6791,0.9,0.91,1358.67,2189,1584,1980
2025-11-27,INS01,20_1070_ANTIC-GOLD_37,PREMIUM CLOSE,37,4,32.0,0.12,6,0.0797,0.2792,0.6624,1.55,0.19,1355.95,1999,2391,1981
2025-11-27,COS01,13_1021_BROWN_38,OPEN,38,5,21.54,0.23,8,0.2562,0.5444,0.8558,3.92,0.91,1354.41,796,1585,1982
2025-11-27,INS01,25_1105_BROWN_40,PREMIUM OPEN,40,17,30.71,0.55,8,0.0905,0.2764,0.6345,1.64,0.91,1350.74,2006,1588,1983
2025-11-27,CHS01,32_1154_MAROON_44,CLOSE,44,2,37.33,0.05,12,0.2386,0.4863,0.7951,3.6,0.19,1346.41,1142,2392,1984
2025-11-27,PUS01,23_1091_BLUE-NAVY_37,OPEN,37,6,22.4,0.27,10,0.2186,0.4734,0.7967,3.37,0.9,1346.31,1207,1591,1985
2025-11-27,HYS01,17_1049_MAROON_42,CLOSE,42,19,26.6,0.71,3,0.0258,0.1726,0.5755,0.76,0.54,1344.48,2336,1965,1986
2025-11-27,KOS01,30_1140_WHITE_42,PREMIUM CLOSE,42,7,30.15,0.23,4,0.0495,0.2363,0.6436,1.16,0.27,1343.75,2146,2291,1987
2025-11-27,BES01,15_1035_GREY_39,PREMIUM OPEN,39,3,33.6,0.09,8,0.3457,0.6489,0.9099,5.03,0.45,1342.43,241,2063,1988
2025-11-27,MAS01,30_1140_WHITE_38,PREMIUM CLOSE,38,3,42.0,0.07,19,0.2576,0.4822,0.7658,3.76,0.27,1341.86,1160,2292,1989
2025-11-27,AHS01,14_1028_NAVY_39,OPEN,39,25,28.0,0.89,4,0.0414,0.2106,0.6111,1.01,0.9,1341.77,2210,1592,1990
2025-11-27,BHS01,33_1161_BLUE-NAVY_37,OPEN,37,5,18.67,0.27,2,0.0683,0.3438,0.7837,1.67,0.45,1340.31,1780,2064,1991
2025-11-27,PUS01,11_1007_TAN_37,PREMIUM CLOSE,37,3,28.0,0.11,5,0.0913,0.3227,0.7203,1.79,0.19,1339.51,1847,2394,1992
2025-11-27,KOS01,14_1028_WHITE_41,OPEN,41,28,32.0,0.88,6,0.048,0.1989,0.5627,1.03,0.9,1338.82,2238,1594,1993
2025-11-27,MAS01,11_1007_BLACK_41,PREMIUM CLOSE,41,8,23.58,0.34,1,0.0128,0.1478,0.5787,0.56,0.19,1338.57,2406,2395,1994
2025-11-27,SUS01,23_1091_BLUE-NAVY_44,OPEN,44,6,30.55,0.2,24,0.322,0.5555,0.8139,4.57,0.9,1338.48,713,1595,1995
2025-11-27,INS01,14_1028_WHITE_42,OPEN,42,7,19.6,0.36,6,0.1445,0.4078,0.7804,2.51,0.9,1337.42,1500,1597,1996
2025-11-27,AHS01,19_1063_MAROON_39,BOYS CLOSE,39,22,45.63,0.48,4,0.0125,0.0949,0.4111,0.4,0.19,1333.71,2518,2397,1997
2025-11-27,MUS01,23_1091_BLACK_37,OPEN,37,6,33.6,0.18,23,0.3561,0.5984,0.846,5.01,0.9,1333.68,457,1599,1998
2025-11-27,AHS01,31_1147_MAROON_39,PREMIUM CLOSE,39,9,28.0,0.32,4,0.0623,0.2728,0.6852,1.39,0.45,1331.23,2020,2069,1999
2025-11-27,SUS01,24_1098_WHITE_40,OPEN,40,14,30.15,0.46,4,0.0267,0.1583,0.5339,0.72,0.33,1328.71,2373,2204,2000
2025-11-27,COS01,13_1021_BROWN_37,OPEN,37,5,20.0,0.25,8,0.229,0.5084,0.8337,3.57,0.89,1328.46,1012,1600,2001
2025-11-27,MAS01,31_1147_ANTIC-GOLD_37,PREMIUM CLOSE,37,3,33.6,0.09,39,0.3548,0.5836,0.8231,4.96,0.44,1325.05,546,2071,2002
2025-11-27,MAS01,31_1147_ANTIC-GOLD_41,PREMIUM CLOSE,41,8,21.33,0.38,2,0.042,0.2606,0.7072,1.18,0.44,1323.35,2068,2072,2003
2025-11-27,HYS01,23_1091_BLACK_41,OPEN,41,20,18.06,1.11,1,0.021,0.1987,0.6548,0.8,0.89,1322.72,2240,1606,2004
2025-11-27,HYS01,28_1126_TAN_37,GIRLS_OPEN,37,11,32.42,0.34,12,0.1658,0.3779,0.704,2.62,0.89,1322.56,1646,1607,2005
2025-11-27,INS01,13_1021_BROWN_44,OPEN,44,2,11.2,0.18,6,0.3364,0.663,0.9245,4.97,0.89,1322.13,192,1608,2006
2025-11-27,CHS01,13_1021_WHITE_43,OPEN,43,11,29.33,0.38,11,0.1462,0.3527,0.6868,2.36,0.89,1321.2,1748,1609,2007
2025-11-27,COS01,10_1000_WHITE_43,PREMIUM CLOSE,43,7,32.67,0.21,6,0.0791,0.2779,0.661,1.54,0.33,1318.95,2001,2210,2008
2025-11-27,BHS01,10_1000_BROWN_44,PREMIUM CLOSE,44,4,32.0,0.12,8,0.1602,0.4052,0.7588,2.64,0.33,1318.75,1506,2211,2009
2025-11-27,BHS01,17_1049_BROWN_37,CLOSE,37,8,26.35,0.3,6,0.0918,0.3061,0.6907,1.74,0.53,1315.73,1906,1975,2010
2025-11-27,KOS01,18_1056_GREY_37,GIRLS_OPEN,37,8,24.89,0.32,1,0.0135,0.1525,0.5866,0.59,0.19,1315.71,2395,2401,2011
2025-11-27,HYS01,10_1000_BROWN_44,PREMIUM CLOSE,44,3,42.0,0.07,28,0.3255,0.5548,0.8084,4.61,0.33,1312.47,718,2215,2012
2025-11-27,HYS01,22_1084_NAVY_41,CLOSE,41,38,24.18,1.57,0,0.0047,0.0991,0.5086,0.34,0.53,1311.23,2506,1977,2013
2025-11-27,MAS01,32_1154_MAROON_37,CLOSE,37,2,28.0,0.07,7,0.1554,0.4105,0.7723,2.62,0.19,1306.6,1489,2404,2014
2025-11-27,PUS01,28_1126_TAN_37,GIRLS_OPEN,37,9,21.91,0.41,6,0.1181,0.3596,0.741,2.14,0.88,1306.55,1723,1617,2015
2025-11-27,MAS01,17_1049_BLACK_44,CLOSE,44,3,28.0,0.11,23,0.3469,0.5875,0.8385,4.9,0.52,1306.12,524,1982,2016
2025-11-27,CHS01,14_1028_NAVY_43,OPEN,43,13,25.1,0.52,7,0.0914,0.2907,0.662,1.69,0.87,1303.51,1960,1618,2017
2025-11-27,SUS01,23_1091_BLUE-NAVY_40,OPEN,40,11,22.81,0.48,6,0.0964,0.316,0.7006,1.81,0.87,1301.36,1872,1620,2018
2025-11-27,CHS01,23_1091_BLACK_41,OPEN,41,16,20.84,0.77,3,0.0443,0.2416,0.6675,1.13,0.87,1297.51,2127,1622,2019
2025-11-27,INS01,23_1091_BLUE-NAVY_40,OPEN,40,12,37.33,0.32,16,0.1765,0.3739,0.6779,2.7,0.87,1294.98,1666,1623,2020
2025-11-27,BES01,23_1091_BLACK_43,OPEN,43,10,24.35,0.41,4,0.108,0.3802,0.7829,2.11,0.87,1293.8,1637,1625,2021
2025-11-27,KOS01,25_1105_BROWN_40,PREMIUM OPEN,40,21,33.6,0.62,7,0.0722,0.2477,0.6129,1.39,0.87,1293.07,2107,1626,2022
2025-11-27,MUS01,16_1042_ANTIC-GOLD_40,OPEN,40,33,38.5,0.86,9,0.0527,0.1806,0.4965,1.01,0.87,1292.34,2301,1627,2023
2025-11-27,MUS01,33_1161_ROSE-GOLD_44,OPEN,44,6,37.33,0.16,13,0.1719,0.3815,0.7011,2.68,0.43,1289.27,1628,2084,2024
2025-11-27,COS01,33_1161_BLUE-NAVY_39,OPEN,39,22,23.25,0.95,1,0.0094,0.1228,0.5332,0.45,0.43,1286.98,2457,2085,2025
2025-11-27,BHS01,14_1028_WHITE_44,OPEN,44,8,34.46,0.23,20,0.2542,0.4749,0.757,3.71,0.86,1284.25,1197,1631,2026
2025-11-27,CHS01,28_1126_TAN_38,GIRLS_OPEN,38,25,24.14,1.04,3,0.0293,0.187,0.5968,0.83,0.86,1283.16,2283,1632,2027
2025-11-27,PUS01,13_1021_BROWN_38,OPEN,38,17,28.85,0.59,7,0.0764,0.2575,0.6246,1.46,0.86,1277.9,2078,1636,2028
2025-11-27,HYS01,17_1049_BROWN_44,CLOSE,44,6,19.76,0.3,4,0.0806,0.3194,0.7315,1.69,0.51,1276.31,1858,1996,2029
2025-11-27,MAS01,30_1140_WHITE_44,PREMIUM CLOSE,44,2,37.33,0.05,25,0.3375,0.5732,0.8257,4.77,0.26,1274.8,596,2314,2030
2025-11-27,INS01,25_1105_BLACK_44,PREMIUM OPEN,44,5,23.33,0.21,14,0.2694,0.5164,0.8086,3.97,0.85,1266.66,961,1641,2031
2025-11-27,MAS01,16_1042_TAN_40,OPEN,40,11,30.8,0.36,9,0.1436,0.3661,0.716,2.38,0.85,1266.62,1699,1642,2032
2025-11-27,BHS01,22_1084_NAVY_43,CLOSE,43,6,25.85,0.23,6,0.1218,0.3666,0.7469,2.19,0.51,1264.71,1697,2001,2033
2025-11-27,INS01,17_1049_MAROON_39,CLOSE,39,12,24.0,0.5,3,0.0381,0.2203,0.6417,1.01,0.51,1261.62,2183,2003,2034
2025-11-27,HYS01,23_1091_BLACK_43,OPEN,43,11,34.22,0.32,14,0.1694,0.372,0.6862,2.63,0.85,1261.22,1680,1646,2035
2025-11-27,BES01,23_1091_BLUE-NAVY_44,OPEN,44,4,20.36,0.2,5,0.2776,0.6152,0.9101,4.3,0.84,1258.5,370,1647,2036
2025-11-27,KOS01,15_1035_GREY_44,PREMIUM OPEN,44,2,28.0,0.07,57,0.4282,0.6659,0.8789,5.88,0.42,1256.71,178,2097,2037
2025-11-27,COS01,16_1042_ANTIC-GOLD_42,OPEN,42,9,26.53,0.34,8,0.1479,0.3847,0.7416,2.47,0.84,1250.69,1615,1653,2038
2025-11-27,COS01,16_1042_ANTIC-GOLD_44,OPEN,44,8,16.59,0.48,3,0.0785,0.3399,0.7647,1.74,0.84,1250.24,1797,1654,2039
2025-11-27,MAS01,10_1000_ROSE-GOLD_43,PREMIUM CLOSE,43,6,42.0,0.14,13,0.1368,0.3232,0.6422,2.19,0.31,1250.17,1844,2235,2040
2025-11-27,AHS01,15_1035_GREY_44,PREMIUM OPEN,44,1,9.33,0.11,2,0.2261,0.6311,0.9359,3.9,0.42,1248.72,301,2100,2041
2025-11-27,CHS01,13_1021_WHITE_44,OPEN,44,6,37.33,0.16,27,0.3722,0.6123,0.8513,5.2,0.84,1246.26,379,1657,2042
2025-11-27,MAS01,31_1147_ANTIC-GOLD_38,PREMIUM CLOSE,38,3,28.0,0.11,12,0.261,0.5164,0.8168,3.89,0.42,1245.37,960,2103,2043
2025-11-27,CHS01,27_1119_WHITE_44,CLOSE,44,8,34.46,0.23,9,0.1027,0.2908,0.6399,1.79,0.42,1242.14,1957,2105,2044
2025-11-27,MAS01,14_1028_WHITE_42,OPEN,42,10,26.67,0.38,9,0.1324,0.3464,0.6974,2.22,0.83,1241.02,1775,1659,2045
2025-11-27,INS01,22_1084_NAVY_44,CLOSE,44,4,24.89,0.16,10,0.1977,0.443,0.7735,3.09,0.5,1238.54,1341,2014,2046
2025-11-27,SUS01,17_1049_BROWN_44,CLOSE,44,3,24.0,0.12,12,0.2678,0.5252,0.8229,3.97,0.5,1237.17,910,2016,2047
2025-11-27,KOS01,13_1021_WHITE_44,OPEN,44,3,14.0,0.21,5,0.242,0.5718,0.8903,3.86,0.83,1232.23,607,1661,2048
2025-11-27,KOS01,31_1147_WHITE_44,PREMIUM CLOSE,44,6,30.55,0.2,8,0.1213,0.3372,0.6982,2.09,0.41,1229.89,1801,2110,2049
2025-11-27,HYS01,17_1049_MAROON_40,CLOSE,40,40,28.72,1.39,2,0.0082,0.0942,0.4489,0.35,0.49,1229.75,2520,2017,2050
2025-11-27,PUS01,24_1098_WHITE_39,OPEN,39,12,23.17,0.52,1,0.0137,0.1544,0.5897,0.59,0.31,1227.85,2388,2238,2051
2025-11-27,SUS01,23_1091_BROWN_39,OPEN,39,5,14.74,0.34,3,0.1232,0.4378,0.8359,2.43,0.82,1227.8,1368,1664,2052
2025-11-27,PUS01,23_1091_BROWN_38,OPEN,38,16,30.9,0.52,9,0.0893,0.2636,0.6086,1.59,0.82,1225.21,2059,1665,2053
2025-11-27,COS01,13_1021_BROWN_43,OPEN,43,8,28.0,0.29,10,0.1811,0.4178,0.7531,2.87,0.82,1222.34,1452,1668,2054
2025-11-27,PUS01,14_1028_NAVY_43,OPEN,43,13,33.09,0.39,12,0.1281,0.314,0.6393,2.09,0.82,1221.39,1881,1671,2055
2025-11-27,MUS01,32_1154_MAROON_44,CLOSE,44,2,37.33,0.05,11,0.2115,0.4551,0.7767,3.26,0.17,1219.48,1286,2421,2056
2025-11-27,MUS01,24_1098_MAROON_44,OPEN,44,3,28.0,0.11,8,0.175,0.4291,0.7778,2.85,0.31,1217.55,1405,2240,2057
2025-11-27,INS01,28_1126_BLUE-NAVY_37,GIRLS_OPEN,37,5,31.11,0.16,38,0.3641,0.5953,0.8323,5.08,0.82,1217.07,477,1676,2058
2025-11-27,BHS01,10_1000_BROWN_40,PREMIUM CLOSE,40,12,24.0,0.5,1,0.0142,0.1577,0.5951,0.61,0.3,1215.74,2376,2243,2059
2025-11-27,MUS01,33_1161_ROSE-GOLD_40,OPEN,40,47,28.92,1.62,1,0.0041,0.0726,0.416,0.25,0.41,1212.19,2550,2117,2060
2025-11-27,SUS01,33_1161_BLUE-NAVY_42,OPEN,42,15,25.45,0.59,3,0.0228,0.1593,0.5544,0.69,0.4,1210.91,2370,2118,2061
2025-11-27,AHS01,16_1042_ANTIC-GOLD_38,OPEN,38,12,48.0,0.25,28,0.2224,0.415,0.684,3.25,0.81,1210.28,1465,1680,2062
2025-11-27,KOS01,25_1105_BROWN_41,PREMIUM OPEN,41,23,24.3,0.95,3,0.0305,0.1916,0.6035,0.86,0.81,1207.79,2261,1681,2063
2025-11-27,AHS01,25_1105_MAROON_44,PREMIUM OPEN,44,6,33.6,0.18,33,0.3201,0.5436,0.7949,4.53,0.81,1204.03,799,1683,2064
2025-11-27,BHS01,23_1091_BLACK_37,OPEN,37,8,34.46,0.23,18,0.2345,0.4532,0.744,3.47,0.8,1199.36,1295,1687,2065
2025-11-27,MAS01,14_1028_WHITE_37,OPEN,37,3,15.27,0.2,7,0.2671,0.5706,0.8765,4.09,0.8,1196.23,614,1690,2066
2025-11-27,MAS01,28_1126_BLUE-NAVY_42,GIRLS_OPEN,42,7,26.13,0.27,11,0.1919,0.426,0.7532,2.99,0.8,1194.91,1414,1692,2067
2025-11-27,SUS01,14_1028_ROSE-GOLD_37,OPEN,37,4,24.89,0.16,20,0.3526,0.5997,0.8512,4.98,0.8,1193.01,439,1694,2068
2025-11-27,MAS01,16_1042_TAN_44,OPEN,44,2,16.0,0.12,22,0.4681,0.7199,0.919,6.4,0.8,1192.84,70,1695,2069
2025-11-27,COS01,17_1049_MAROON_44,CLOSE,44,3,18.67,0.16,5,0.1743,0.4759,0.8377,2.98,0.48,1192.56,1194,2038,2070
2025-11-27,BES01,23_1091_BLACK_37,OPEN,37,4,28.0,0.14,18,0.4008,0.6579,0.8899,5.59,0.8,1190.68,206,1696,2071
2025-11-27,COS01,31_1147_WHITE_41,PREMIUM CLOSE,41,19,31.29,0.61,4,0.0238,0.1467,0.5143,0.66,0.4,1190.52,2408,2124,2072
2025-11-27,MUS01,25_1105_BLACK_42,PREMIUM OPEN,42,11,17.11,0.64,2,0.045,0.2712,0.7182,1.24,0.8,1187.77,2026,1698,2073
2025-11-27,KOS01,15_1035_GREY_37,PREMIUM OPEN,37,2,28.0,0.07,15,0.3964,0.6614,0.8967,5.56,0.4,1186.96,196,2127,2074
2025-11-27,BHS01,23_1091_BLACK_38,OPEN,38,7,30.15,0.23,12,0.2261,0.4689,0.7819,3.43,0.8,1186.94,1234,1699,2075
2025-11-27,INS01,10_1000_BROWN_40,PREMIUM CLOSE,40,11,24.64,0.45,2,0.0191,0.1622,0.5797,0.67,0.3,1186.21,2360,2257,2076
2025-11-27,COS01,12_1014_BROWN_37,CLOSE,37,17,29.75,0.57,2,0.0101,0.1081,0.4802,0.42,0.24,1183.92,2490,2336,2077
2025-11-27,BHS01,22_1084_NAVY_44,CLOSE,44,6,25.85,0.23,6,0.1122,0.3481,0.7307,2.05,0.48,1183.7,1765,2043,2078
2025-11-27,MUS01,16_1042_BLUE-NAVY_40,OPEN,40,51,21.31,2.39,0,0.0047,0.0982,0.5066,0.33,0.79,1182.63,2510,1702,2079
2025-11-27,COS01,15_1035_GREY_38,PREMIUM OPEN,38,2,28.0,0.07,26,0.394,0.6381,0.8693,5.48,0.39,1170.5,277,2129,2080
2025-11-27,INS01,16_1042_ANTIC-GOLD_43,OPEN,43,11,29.33,0.38,11,0.1271,0.3193,0.6527,2.09,0.78,1169.47,1859,1706,2081
2025-11-27,MAS01,18_1056_BLACK_42,GIRLS_OPEN,42,13,26.0,0.5,0,0.0047,0.0989,0.5083,0.33,0.17,1169.03,2507,2427,2082
2025-11-27,COS01,23_1091_BROWN_41,OPEN,41,17,27.2,0.62,5,0.0583,0.2426,0.6351,1.25,0.78,1167.57,2123,1707,2083
2025-11-27,AHS01,33_1161_ROSE-GOLD_44,OPEN,44,3,28.0,0.11,6,0.2288,0.5362,0.8645,3.64,0.39,1166.41,848,2130,2084
2025-11-27,INS01,10_1000_WHITE_43,PREMIUM CLOSE,43,8,20.36,0.39,1,0.0188,0.1863,0.638,0.74,0.29,1163.7,2284,2268,2085
2025-11-27,MUS01,25_1105_BLACK_44,PREMIUM OPEN,44,4,24.89,0.16,19,0.341,0.5883,0.8453,4.84,0.78,1159.19,514,1710,2086
2025-11-27,KOS01,21_1077_BLUE-NAVY_44,PREMIUM CLOSE,44,2,22.4,0.09,2,0.079,0.3724,0.8054,1.86,0.17,1158.36,1676,2430,2087
2025-11-27,INS01,17_1049_BLACK_37,CLOSE,37,4,32.0,0.12,16,0.2513,0.4835,0.7762,3.71,0.46,1154.19,1152,2053,2088
2025-11-27,SUS01,33_1161_ROSE-GOLD_44,OPEN,44,3,16.8,0.18,3,0.1051,0.4011,0.8116,2.16,0.39,1153.08,1523,2135,2089
2025-11-27,BES01,13_1021_WHITE_42,OPEN,42,18,40.32,0.45,6,0.0913,0.3051,0.6897,1.73,0.77,1153.05,1912,1713,2090
2025-11-27,AHS01,14_1028_WHITE_41,OPEN,41,16,16.59,0.96,0,0.0169,0.2079,0.6897,0.8,0.77,1145.93,2217,1719,2091
2025-11-27,SUS01,24_1098_WHITE_37,OPEN,37,4,37.33,0.11,12,0.1698,0.3844,0.7101,2.67,0.29,1142.24,1616,2273,2092
2025-11-27,CHS01,16_1042_ANTIC-GOLD_43,OPEN,43,14,30.15,0.46,9,0.0929,0.271,0.6174,1.64,0.76,1136.3,2028,1723,2093
2025-11-27,MAS01,32_1154_MAROON_38,CLOSE,38,3,84.0,0.04,60,0.3237,0.5393,0.7807,4.55,0.16,1135.31,827,2431,2094
2025-11-27,HYS01,25_1105_BLACK_38,PREMIUM OPEN,38,9,22.91,0.39,6,0.1047,0.3332,0.7171,1.94,0.76,1133.69,1816,1724,2095
2025-11-27,SUS01,16_1042_ANTIC-GOLD_42,OPEN,42,8,18.67,0.43,4,0.0857,0.3314,0.7424,1.77,0.76,1130.15,1825,1727,2096
2025-11-27,PUS01,13_1021_BROWN_37,OPEN,37,5,10.77,0.46,0,0.0503,0.3695,0.8353,1.63,0.76,1128.7,1686,1728,2097
2025-11-27,BES01,13_1021_BROWN_40,OPEN,40,16,28.0,0.57,3,0.0543,0.2733,0.7024,1.32,0.75,1124.63,2016,1731,2098
2025-11-27,COS01,14_1028_WHITE_37,OPEN,37,4,24.89,0.16,14,0.3251,0.5857,0.8553,4.68,0.75,1120.62,534,1733,2099
2025-11-27,INS01,14_1028_NAVY_37,OPEN,37,3,18.67,0.16,11,0.3217,0.5978,0.8724,4.68,0.75,1119.62,462,1735,2100
2025-11-27,MAS01,29_1133_BROWN_37,BOYS CLOSE,37,6,21.0,0.29,1,0.0204,0.1952,0.6502,0.79,0.22,1119.23,2252,2355,2101
2025-11-27,MAS01,14_1028_NAVY_43,OPEN,43,3,14.0,0.21,5,0.214,0.5345,0.8714,3.5,0.75,1118.51,857,1736,2102
2025-11-27,INS01,11_1007_BLACK_37,PREMIUM CLOSE,37,4,32.0,0.12,5,0.0599,0.2468,0.64,1.28,0.16,1118.48,2112,2436,2103
2025-11-27,SUS01,13_1021_BROWN_37,OPEN,37,6,25.85,0.23,12,0.2109,0.4471,0.7646,3.23,0.75,1116.81,1327,1738,2104
2025-11-27,HYS01,33_1161_ROSE-GOLD_40,OPEN,40,31,31.0,1.0,2,0.0087,0.0985,0.4589,0.37,0.37,1115.54,2509,2145,2105
2025-11-27,PUS01,20_1070_ANTIC-GOLD_43,PREMIUM CLOSE,43,6,22.4,0.27,0,0.011,0.1627,0.6274,0.6,0.16,1115.27,2357,2438,2106
2025-11-27,HYS01,23_1091_BROWN_39,OPEN,39,25,20.29,1.23,1,0.0142,0.1573,0.5944,0.61,0.75,1115.03,2377,1739,2107
2025-11-27,MUS01,14_1028_WHITE_37,OPEN,37,8,29.87,0.27,12,0.1783,0.3979,0.7225,2.79,0.75,1113.21,1547,1742,2108
2025-11-27,KOS01,14_1028_WHITE_44,OPEN,44,4,28.0,0.14,40,0.3753,0.6079,0.8409,5.22,0.75,1111.8,399,1743,2109
2025-11-27,PUS01,31_1147_ANTIC-GOLD_44,PREMIUM CLOSE,44,5,28.0,0.18,7,0.1174,0.3428,0.7143,2.08,0.37,1108.95,1787,2147,2110
2025-11-27,CHS01,25_1105_BROWN_44,PREMIUM OPEN,44,6,21.0,0.29,7,0.1538,0.4079,0.7703,2.6,0.74,1104.93,1498,1745,2111
2025-11-27,BHS01,25_1105_BROWN_38,PREMIUM OPEN,38,7,26.13,0.27,8,0.1685,0.4187,0.7697,2.76,0.74,1101.12,1447,1746,2112
2025-11-27,KOS01,16_1042_TAN_44,OPEN,44,3,18.67,0.16,9,0.3113,0.6013,0.8823,4.58,0.74,1097.62,430,1749,2113
2025-11-27,KOS01,27_1119_WHITE_37,CLOSE,37,9,22.91,0.39,2,0.0301,0.2137,0.6529,0.93,0.36,1088.01,2204,2157,2114
2025-11-27,CHS01,23_1091_BROWN_43,OPEN,43,5,25.45,0.2,11,0.2465,0.5039,0.8129,3.72,0.73,1087.83,1036,1757,2115
2025-11-27,SUS01,24_1098_WHITE_41,OPEN,41,6,21.0,0.29,1,0.027,0.2295,0.6929,0.95,0.27,1087.65,2166,2287,2116
2025-11-27,SUS01,15_1035_GREY_42,PREMIUM OPEN,42,2,28.0,0.07,19,0.3586,0.6088,0.8587,5.06,0.36,1081.11,394,2161,2117
2025-11-27,PUS01,17_1049_BROWN_44,CLOSE,44,2,12.44,0.16,2,0.1335,0.4905,0.8776,2.69,0.43,1076.87,1114,2080,2118
2025-11-27,PUS01,30_1140_WHITE_37,PREMIUM CLOSE,37,5,25.45,0.2,3,0.0424,0.2352,0.66,1.1,0.22,1076.02,2152,2364,2119
2025-11-27,BHS01,15_1035_GREY_42,PREMIUM OPEN,42,2,28.0,0.07,13,0.3488,0.6176,0.8772,4.99,0.36,1065.15,361,2168,2120
2025-11-27,BES01,33_1161_BLUE-NAVY_39,OPEN,39,16,30.9,0.52,2,0.02,0.1666,0.5867,0.69,0.36,1064.6,2350,2171,2121
2025-11-27,COS01,31_1147_ANTIC-GOLD_44,PREMIUM CLOSE,44,5,28.0,0.18,6,0.1085,0.3409,0.7242,1.99,0.36,1064.45,1792,2172,2122
2025-11-27,BHS01,29_1133_BROWN_39,BOYS CLOSE,39,30,28.47,1.05,0,0.0023,0.0633,0.4134,0.2,0.21,1062.04,2562,2368,2123
2025-11-27,CHS01,23_1091_BROWN_41,OPEN,41,24,22.78,1.05,2,0.0195,0.1641,0.5828,0.68,0.71,1060.13,2356,1771,2124
2025-11-27,BHS01,25_1105_BLACK_37,PREMIUM OPEN,37,3,21.0,0.14,11,0.3454,0.6247,0.8871,4.97,0.71,1057.9,327,1774,2125
2025-11-27,KOS01,20_1070_ANTIC-GOLD_41,PREMIUM CLOSE,41,7,32.67,0.21,2,0.0207,0.1703,0.5924,0.71,0.15,1056.97,2341,2444,2126
2025-11-27,MAS01,14_1028_NAVY_37,OPEN,37,4,28.0,0.14,28,0.3532,0.5888,0.8339,4.96,0.71,1055.89,508,1776,2127
2025-11-27,AHS01,31_1147_WHITE_40,PREMIUM CLOSE,40,32,25.6,1.25,1,0.0049,0.0809,0.4386,0.28,0.35,1053.9,2538,2179,2128
2025-11-27,INS01,24_1098_MAROON_44,OPEN,44,2,37.33,0.05,63,0.3512,0.5742,0.8102,4.9,0.26,1048.18,593,2305,2129
2025-11-27,BHS01,31_1147_WHITE_40,PREMIUM CLOSE,40,14,27.03,0.52,2,0.0196,0.1644,0.5833,0.68,0.35,1048.14,2354,2182,2130
2025-11-27,KOS01,25_1105_BROWN_42,PREMIUM OPEN,42,10,19.31,0.52,2,0.0503,0.2893,0.7361,1.34,0.7,1037.37,1966,1786,2131
2025-11-27,KOS01,13_1021_WHITE_37,OPEN,37,4,17.23,0.23,5,0.1752,0.4774,0.8386,2.99,0.69,1035.1,1185,1788,2132
2025-11-27,MAS01,14_1028_WHITE_44,OPEN,44,3,24.0,0.12,36,0.4011,0.6394,0.8645,5.55,0.69,1034.32,270,1790,2133
2025-11-27,MAS01,24_1098_MAROON_42,OPEN,42,3,33.6,0.09,10,0.1832,0.421,0.7559,2.9,0.26,1033.1,1436,2308,2134
2025-11-27,MAS01,14_1028_NAVY_39,OPEN,39,10,28.0,0.36,8,0.1107,0.317,0.6782,1.94,0.69,1031.85,1868,1791,2135
2025-11-27,BHS01,33_1161_ROSE-GOLD_44,OPEN,44,2,16.0,0.12,2,0.138,0.4987,0.8817,2.75,0.34,1029.53,1064,2190,2136
2025-11-27,INS01,25_1105_BROWN_38,PREMIUM OPEN,38,10,29.47,0.34,10,0.1212,0.3168,0.6585,2.03,0.69,1027.63,1869,1793,2137
2025-11-27,COS01,23_1091_BLUE-NAVY_44,OPEN,44,3,24.0,0.12,24,0.396,0.6426,0.8738,5.51,0.69,1026.38,261,1794,2138
2025-11-27,BHS01,25_1105_BROWN_44,PREMIUM OPEN,44,4,20.36,0.2,7,0.2212,0.5105,0.8421,3.5,0.69,1024.49,996,1795,2139
2025-11-27,SUS01,18_1056_ANTIC-GOLD_37,GIRLS_OPEN,37,7,30.15,0.23,2,0.0176,0.1542,0.5667,0.63,0.15,1017.92,2389,2451,2140
2025-11-27,INS01,25_1105_MAROON_44,PREMIUM OPEN,44,4,24.89,0.16,15,0.2907,0.5393,0.8214,4.23,0.68,1012.9,828,1802,2141
2025-11-27,HYS01,23_1091_BROWN_40,OPEN,40,17,19.43,0.88,1,0.0201,0.1935,0.6478,0.78,0.68,1012.53,2257,1803,2142
2025-11-27,SUS01,25_1105_MAROON_41,PREMIUM OPEN,41,16,30.9,0.52,7,0.0671,0.2358,0.598,1.31,0.68,1008.83,2151,1805,2143
2025-11-27,INS01,14_1028_ROSE-GOLD_44,OPEN,44,6,17.68,0.34,4,0.1,0.3634,0.7696,1.99,0.68,1007.43,1708,1806,2144
2025-11-27,INS01,14_1028_ROSE-GOLD_38,OPEN,38,9,21.0,0.43,4,0.0737,0.3026,0.7155,1.58,0.68,1006.8,1923,1807,2145
2025-11-27,COS01,14_1028_WHITE_44,OPEN,44,8,29.87,0.27,10,0.1554,0.3763,0.717,2.52,0.67,1004.34,1652,1812,2146
2025-11-27,KOS01,16_1042_ANTIC-GOLD_37,OPEN,37,6,19.76,0.3,5,0.1197,0.3812,0.771,2.22,0.67,1002.31,1630,1814,2147
2025-11-27,MUS01,14_1028_ROSE-GOLD_44,OPEN,44,8,28.0,0.29,9,0.1413,0.3621,0.7123,2.35,0.67,999.59,1715,1815,2148
2025-11-27,BES01,33_1161_BLUE-NAVY_37,OPEN,37,5,31.11,0.16,4,0.1056,0.3753,0.7791,2.08,0.33,998.66,1658,2203,2149
2025-11-27,KOS01,23_1091_BROWN_38,OPEN,38,5,25.45,0.2,9,0.218,0.482,0.8092,3.39,0.67,992.51,1162,1823,2150
2025-11-27,HYS01,15_1035_GREY_42,PREMIUM OPEN,42,3,18.67,0.16,3,0.0989,0.3876,0.802,2.06,0.33,991.93,1599,2205,2151
2025-11-27,SUS01,31_1147_WHITE_42,PREMIUM CLOSE,42,7,24.5,0.29,4,0.0494,0.2359,0.6432,1.16,0.33,988.93,2150,2209,2152
2025-11-27,MAS01,16_1042_ANTIC-GOLD_38,OPEN,38,4,28.0,0.14,19,0.3232,0.5668,0.8306,4.61,0.66,981.99,636,1826,2153
2025-11-27,BHS01,15_1035_GREY_44,PREMIUM OPEN,44,2,28.0,0.07,12,0.3164,0.5855,0.8616,4.59,0.33,981.21,535,2216,2154
2025-11-27,HYS01,24_1098_MAROON_41,OPEN,41,12,23.17,0.52,0,0.0078,0.1336,0.5788,0.47,0.24,977.23,2431,2325,2155
2025-11-27,SUS01,23_1091_BROWN_37,OPEN,37,4,28.0,0.14,20,0.3216,0.5625,0.8256,4.59,0.66,976.39,665,1828,2156
2025-11-27,INS01,16_1042_BLUE-NAVY_39,OPEN,39,18,23.44,0.77,4,0.0331,0.1823,0.5713,0.85,0.65,970.04,2298,1832,2157
2025-11-27,INS01,25_1105_BLACK_38,PREMIUM OPEN,38,6,33.6,0.18,18,0.2478,0.4717,0.7599,3.64,0.65,969.42,1219,1833,2158
2025-11-27,MUS01,16_1042_ANTIC-GOLD_41,OPEN,41,16,17.57,0.91,0,0.0143,0.1895,0.6659,0.71,0.65,968.25,2272,1835,2159
2025-11-27,BHS01,15_1035_GREY_40,PREMIUM OPEN,40,3,42.0,0.07,24,0.3189,0.5516,0.8109,4.53,0.32,968.2,741,2223,2160
2025-11-27,BES01,15_1035_GREY_43,PREMIUM OPEN,43,3,42.0,0.07,27,0.3182,0.5468,0.8033,4.51,0.32,964.23,779,2225,2161
2025-11-27,MAS01,14_1028_ROSE-GOLD_44,OPEN,44,2,16.0,0.12,9,0.3588,0.6536,0.9083,5.17,0.65,962.42,218,1839,2162
2025-11-27,KOS01,10_1000_BROWN_38,PREMIUM CLOSE,38,13,22.06,0.59,0,0.0063,0.1179,0.5489,0.41,0.24,962.03,2470,2331,2163
2025-11-27,AHS01,16_1042_TAN_38,OPEN,38,16,17.23,0.93,0,0.0138,0.1853,0.6602,0.69,0.65,961.32,2290,1841,2164
2025-11-27,MAS01,16_1042_TAN_37,OPEN,37,4,28.0,0.14,19,0.3155,0.5573,0.8239,4.52,0.65,961.1,698,1843,2165
2025-11-27,COS01,15_1035_GREY_39,PREMIUM OPEN,39,5,31.11,0.16,7,0.1117,0.3319,0.7039,1.99,0.32,957.93,1821,2229,2166
2025-11-27,PUS01,25_1105_BLACK_38,PREMIUM OPEN,38,12,24.0,0.5,5,0.06,0.2472,0.6405,1.28,0.64,955.69,2109,1847,2167
2025-11-27,MAS01,13_1021_WHITE_41,OPEN,41,13,26.0,0.5,6,0.063,0.239,0.6157,1.28,0.64,955.02,2136,1849,2168
2025-11-27,BHS01,17_1049_MAROON_44,CLOSE,44,5,23.33,0.21,4,0.0866,0.3335,0.7442,1.78,0.38,951.97,1815,2136,2169
2025-11-27,BHS01,29_1133_BROWN_44,BOYS CLOSE,44,5,31.11,0.16,3,0.0469,0.2504,0.6776,1.18,0.19,950.27,2099,2398,2170
2025-11-27,MUS01,24_1098_MAROON_38,OPEN,38,6,33.6,0.18,6,0.0661,0.2468,0.6253,1.33,0.24,950.16,2110,2333,2171
2025-11-27,HYS01,10_1000_BROWN_43,PREMIUM CLOSE,43,15,33.6,0.45,4,0.0182,0.1228,0.4701,0.53,0.24,948.26,2458,2335,2172
2025-11-27,CHS01,28_1126_TAN_44,GIRLS_OPEN,44,7,26.13,0.27,8,0.1407,0.3722,0.7307,2.37,0.64,946.73,1678,1856,2173
2025-11-27,BES01,14_1028_ROSE-GOLD_42,OPEN,42,20,28.0,0.71,2,0.0284,0.2067,0.6438,0.89,0.64,946.5,2221,1857,2174
2025-11-27,CHS01,16_1042_ANTIC-GOLD_41,OPEN,41,19,25.33,0.75,3,0.0299,0.1893,0.6002,0.84,0.63,943.46,2273,1858,2175
2025-11-27,KOS01,24_1098_MAROON_43,OPEN,43,4,37.33,0.11,8,0.1291,0.3515,0.7119,2.21,0.24,943.28,1752,2338,2176
2025-11-27,PUS01,27_1119_WHITE_44,CLOSE,44,6,33.6,0.18,8,0.0989,0.2938,0.6537,1.76,0.32,942.11,1949,2233,2177
2025-11-27,PUS01,24_1098_WHITE_41,OPEN,41,24,26.35,0.91,0,0.0033,0.079,0.459,0.26,0.24,941.94,2540,2340,2178
2025-11-27,INS01,24_1098_WHITE_43,OPEN,43,5,31.11,0.16,6,0.074,0.2659,0.6477,1.46,0.23,937.1,2045,2342,2179
2025-11-27,MAS01,13_1021_WHITE_38,OPEN,38,5,28.0,0.18,13,0.234,0.4739,0.7808,3.52,0.63,936.32,1203,1861,2180
2025-11-27,MAS01,24_1098_MAROON_43,OPEN,43,2,22.4,0.09,5,0.1478,0.4325,0.8092,2.62,0.23,932.47,1387,2343,2181
2025-11-27,COS01,18_1056_BLACK_43,GIRLS_OPEN,43,12,42.0,0.29,3,0.0136,0.1135,0.4706,0.46,0.13,924.16,2482,2476,2182
2025-11-27,MUS01,16_1042_BLUE-NAVY_43,OPEN,43,24,33.6,0.71,8,0.0424,0.1619,0.479,0.86,0.62,919.71,2362,1870,2183
2025-11-27,SUS01,15_1035_GREY_37,PREMIUM OPEN,37,2,22.4,0.09,8,0.2195,0.4951,0.825,3.44,0.31,918.64,1088,2239,2184
2025-11-27,BES01,11_1007_TAN_37,PREMIUM CLOSE,37,6,56.0,0.11,5,0.0564,0.2373,0.6286,1.22,0.13,913.81,2142,2478,2185
2025-11-27,KOS01,23_1091_BROWN_37,OPEN,37,5,21.54,0.23,6,0.1535,0.4232,0.7919,2.64,0.61,912.58,1428,1874,2186
2025-11-27,INS01,14_1028_WHITE_41,OPEN,41,12,44.8,0.27,15,0.1455,0.3277,0.6348,2.29,0.61,912.3,1839,1875,2187
2025-11-27,HYS01,14_1028_ROSE-GOLD_39,OPEN,39,33,26.78,1.23,1,0.0106,0.132,0.5508,0.49,0.61,908.63,2435,1876,2188
2025-11-27,HYS01,17_1049_MAROON_43,CLOSE,43,18,25.2,0.71,2,0.0133,0.129,0.5222,0.51,0.36,905.98,2443,2158,2189
2025-11-27,BES01,15_1035_GREY_37,PREMIUM OPEN,37,1,9.33,0.11,0,0.1176,0.5484,0.9237,2.8,0.3,895.87,765,2252,2190
2025-11-27,COS01,31_1147_ANTIC-GOLD_37,PREMIUM CLOSE,37,3,28.0,0.11,7,0.168,0.4312,0.7882,2.79,0.3,894.24,1393,2253,2191
2025-11-27,HYS01,14_1028_WHITE_39,OPEN,39,24,28.0,0.86,3,0.0233,0.1618,0.5584,0.7,0.6,893.98,2363,1883,2192
2025-11-27,INS01,25_1105_BROWN_39,PREMIUM OPEN,39,15,21.0,0.71,2,0.0263,0.1971,0.631,0.84,0.6,893.83,2245,1884,2193
2025-11-27,MAS01,31_1147_WHITE_44,PREMIUM CLOSE,44,3,28.0,0.11,9,0.1726,0.4139,0.7575,2.78,0.3,891.14,1471,2256,2194
2025-11-27,MAS01,28_1126_BLUE-NAVY_37,GIRLS_OPEN,37,4,18.67,0.21,6,0.163,0.4389,0.8033,2.77,0.59,884.14,1359,1888,2195
2025-11-27,KOS01,17_1049_BROWN_37,CLOSE,37,4,32.0,0.12,10,0.1785,0.4136,0.7497,2.84,0.35,882.43,1474,2176,2196
2025-11-27,BHS01,31_1147_WHITE_43,PREMIUM CLOSE,43,9,33.6,0.27,5,0.0495,0.2179,0.604,1.1,0.29,880.84,2188,2261,2197
2025-11-27,MAS01,16_1042_ANTIC-GOLD_43,OPEN,43,6,22.4,0.27,7,0.1261,0.3591,0.7292,2.2,0.59,879.11,1724,1892,2198
2025-11-27,KOS01,33_1161_BLUE-NAVY_42,OPEN,42,9,31.5,0.29,4,0.0424,0.214,0.6156,1.03,0.29,878.47,2203,2264,2199
2025-11-27,CHS01,25_1105_MAROON_44,PREMIUM OPEN,44,12,22.4,0.54,4,0.0462,0.2262,0.6312,1.1,0.59,877.66,2171,1893,2200
2025-11-27,INS01,15_1035_GREY_42,PREMIUM OPEN,42,2,22.4,0.09,7,0.2046,0.487,0.8272,3.28,0.29,876.37,1136,2265,2201
2025-11-27,BHS01,23_1091_BLACK_42,OPEN,42,11,25.67,0.43,4,0.0616,0.2708,0.683,1.37,0.59,876.34,2030,1894,2202
2025-11-27,AHS01,32_1154_MAROON_38,CLOSE,38,5,56.0,0.09,6,0.0702,0.2569,0.6372,1.4,0.13,873.9,2080,2487,2203
2025-11-27,KOS01,15_1035_GREY_43,PREMIUM OPEN,43,2,22.4,0.09,6,0.2002,0.4962,0.8412,3.27,0.29,872.78,1080,2266,2204
2025-11-27,BES01,23_1091_BROWN_43,OPEN,43,6,16.0,0.38,1,0.0551,0.3406,0.7978,1.56,0.59,872.36,1793,1898,2205
2025-11-27,KOS01,31_1147_ANTIC-GOLD_44,PREMIUM CLOSE,44,5,21.54,0.23,2,0.0458,0.2739,0.721,1.26,0.29,871.49,2012,2269,2206
2025-11-27,COS01,28_1126_ROSE-GOLD_38,GIRLS_OPEN,38,16,29.87,0.54,5,0.0488,0.2161,0.6016,1.09,0.58,869.17,2195,1904,2207
2025-11-27,BHS01,14_1028_WHITE_38,OPEN,38,7,24.5,0.29,5,0.1077,0.3574,0.7513,2.04,0.58,867.55,1729,1905,2208
2025-11-27,BES01,16_1042_TAN_41,OPEN,41,23,29.27,0.79,2,0.0221,0.1774,0.6031,0.74,0.58,867.02,2317,1906,2209
2025-11-27,MUS01,16_1042_TAN_38,OPEN,38,12,18.67,0.64,1,0.025,0.2196,0.6812,0.9,0.58,866.26,2184,1907,2210
2025-11-27,SUS01,28_1126_ROSE-GOLD_44,GIRLS_OPEN,44,5,35.0,0.14,22,0.2823,0.5082,0.7802,4.07,0.58,866.14,1014,1908,2211
2025-11-27,INS01,20_1070_ANTIC-GOLD_38,PREMIUM CLOSE,38,6,30.55,0.2,2,0.0178,0.1547,0.5676,0.63,0.12,865.07,2385,2488,2212
2025-11-27,INS01,25_1105_BLACK_41,PREMIUM OPEN,41,23,19.82,1.16,0,0.0084,0.1396,0.5896,0.5,0.58,861.28,2420,1911,2213
2025-11-27,MAS01,27_1119_WHITE_38,CLOSE,38,9,50.4,0.18,12,0.0955,0.2531,0.5679,1.61,0.29,860.73,2088,2271,2214
2025-11-27,PUS01,15_1035_GREY_43,PREMIUM OPEN,43,3,21.0,0.14,4,0.1013,0.3663,0.7719,2.01,0.29,860.0,1698,2272,2215
2025-11-27,KOS01,13_1021_WHITE_39,OPEN,39,9,19.38,0.46,2,0.045,0.2712,0.7182,1.24,0.58,857.71,2027,1915,2216
2025-11-27,SUS01,25_1105_BROWN_37,PREMIUM OPEN,37,4,24.89,0.16,12,0.2375,0.4847,0.7939,3.58,0.58,857.4,1148,1916,2217
2025-11-27,MUS01,25_1105_BLACK_38,PREMIUM OPEN,38,29,25.38,1.14,3,0.0151,0.1217,0.4871,0.5,0.57,854.29,2461,1919,2218
2025-11-27,AHS01,14_1028_NAVY_38,OPEN,38,13,24.27,0.54,3,0.0409,0.23,0.6537,1.07,0.57,852.45,2165,1920,2219
2025-11-27,MUS01,10_1000_WHITE_44,PREMIUM CLOSE,44,5,56.0,0.09,16,0.1538,0.3374,0.64,2.39,0.21,851.73,1800,2367,2220
2025-11-27,HYS01,28_1126_TAN_44,GIRLS_OPEN,44,6,19.76,0.3,4,0.0928,0.3477,0.7566,1.88,0.57,851.46,1768,1921,2221
2025-11-27,KOS01,14_1028_ROSE-GOLD_44,OPEN,44,3,33.6,0.09,19,0.4663,0.7223,0.9224,6.39,0.57,850.25,64,1922,2222
2025-11-27,AHS01,23_1091_BLUE-NAVY_43,OPEN,43,8,24.89,0.32,4,0.0857,0.3314,0.7424,1.77,0.57,847.69,1824,1923,2223
2025-11-27,AHS01,27_1119_WHITE_38,CLOSE,38,25,25.0,1.0,0,0.0037,0.0854,0.4755,0.28,0.28,845.73,2530,2275,2224
2025-11-27,BES01,33_1161_BLUE-NAVY_43,OPEN,43,5,40.0,0.12,5,0.1225,0.3865,0.7752,2.26,0.28,843.28,1606,2276,2225
2025-11-27,SUS01,17_1049_MAROON_43,CLOSE,43,9,42.0,0.21,11,0.0919,0.2525,0.5757,1.58,0.34,841.97,2091,2193,2226
2025-11-27,MAS01,16_1042_ANTIC-GOLD_37,OPEN,37,2,16.0,0.12,8,0.3029,0.6014,0.8871,4.5,0.56,838.77,427,1928,2227
2025-11-27,SUS01,25_1105_BROWN_40,PREMIUM OPEN,40,15,24.71,0.61,3,0.0338,0.2046,0.6214,0.93,0.56,838.43,2227,1929,2228
2025-11-27,SUS01,28_1126_ROSE-GOLD_39,GIRLS_OPEN,39,23,28.0,0.82,4,0.0252,0.1523,0.5238,0.69,0.56,838.41,2396,1930,2229
2025-11-27,INS01,17_1049_BLACK_42,CLOSE,42,18,28.0,0.64,3,0.0159,0.126,0.4955,0.52,0.34,836.08,2450,2198,2230
2025-11-27,PUS01,25_1105_MAROON_43,PREMIUM OPEN,43,8,26.35,0.3,7,0.1016,0.3117,0.6841,1.84,0.56,833.68,1890,1935,2231
2025-11-27,CHS01,24_1098_MAROON_43,OPEN,43,11,34.22,0.32,4,0.0235,0.1456,0.5122,0.65,0.21,833.04,2410,2376,2232
2025-11-27,KOS01,15_1035_GREY_38,PREMIUM OPEN,38,2,14.0,0.14,1,0.0763,0.4037,0.8415,1.95,0.28,832.25,1511,2281,2233
2025-11-27,BES01,13_1021_BROWN_42,OPEN,42,18,19.76,0.91,0,0.0113,0.166,0.6325,0.61,0.56,827.95,2351,1940,2234
2025-11-27,BES01,15_1035_GREY_42,PREMIUM OPEN,42,4,16.0,0.25,0,0.0277,0.2721,0.7586,1.11,0.28,827.63,2022,2283,2235
2025-11-27,PUS01,23_1091_BLUE-NAVY_40,OPEN,40,28,29.58,0.95,4,0.0206,0.1334,0.4904,0.59,0.56,827.27,2432,1941,2236
2025-11-27,KOS01,10_1000_BROWN_43,PREMIUM CLOSE,43,5,46.67,0.11,10,0.1137,0.3027,0.6434,1.92,0.21,822.11,1922,2379,2237
2025-11-27,PUS01,13_1021_BROWN_44,OPEN,44,7,39.2,0.18,16,0.2047,0.4171,0.7193,3.09,0.55,821.63,1456,1945,2238
2025-11-27,MAS01,14_1028_NAVY_41,OPEN,41,19,25.33,0.75,3,0.0248,0.1683,0.5688,0.73,0.55,819.92,2348,1946,2239
2025-11-27,BHS01,32_1154_MAROON_43,CLOSE,43,3,56.0,0.05,10,0.132,0.3361,0.6784,2.19,0.12,818.89,1808,2492,2240
2025-11-27,COS01,15_1035_GREY_43,PREMIUM OPEN,43,2,37.33,0.05,34,0.3637,0.5968,0.8355,5.08,0.27,814.17,468,2288,2241
2025-11-27,MUS01,16_1042_ANTIC-GOLD_37,OPEN,37,10,21.54,0.46,4,0.0504,0.239,0.6469,1.18,0.55,813.58,2137,1949,2242
2025-11-27,INS01,16_1042_BLUE-NAVY_42,OPEN,42,26,28.55,0.91,5,0.0231,0.1304,0.4674,0.6,0.54,811.79,2439,1952,2243
2025-11-27,SUS01,16_1042_ANTIC-GOLD_43,OPEN,43,9,29.65,0.3,9,0.103,0.2913,0.6404,1.79,0.54,810.99,1955,1953,2244
2025-11-27,INS01,14_1028_NAVY_41,OPEN,41,27,22.91,1.18,1,0.0096,0.1243,0.5362,0.46,0.54,810.36,2454,1955,2245
2025-11-27,COS01,13_1021_WHITE_42,OPEN,42,15,31.11,0.48,6,0.0538,0.215,0.5849,1.13,0.54,810.31,2196,1956,2246
2025-11-27,PUS01,25_1105_BROWN_44,PREMIUM OPEN,44,5,25.45,0.2,9,0.1709,0.4112,0.7553,2.76,0.54,807.44,1486,1961,2247
2025-11-27,AHS01,27_1119_WHITE_37,CLOSE,37,10,29.47,0.34,3,0.0276,0.18,0.5866,0.79,0.27,806.19,2304,2289,2248
2025-11-27,INS01,15_1035_GREY_38,PREMIUM OPEN,38,2,37.33,0.05,47,0.3604,0.588,0.8238,5.03,0.27,805.49,515,2290,2249
2025-11-27,AHS01,25_1105_BROWN_44,PREMIUM OPEN,44,7,30.15,0.23,6,0.1308,0.3833,0.7609,2.32,0.54,801.75,1617,1966,2250
2025-11-27,BES01,17_1049_BLACK_44,CLOSE,44,4,24.89,0.16,3,0.0943,0.3774,0.7945,1.99,0.32,797.6,1647,2230,2251
2025-11-27,HYS01,31_1147_MAROON_44,PREMIUM CLOSE,44,6,19.76,0.3,1,0.0239,0.2141,0.6745,0.88,0.27,796.37,2202,2298,2252
2025-11-27,SUS01,16_1042_TAN_37,OPEN,37,3,24.0,0.12,12,0.2911,0.5548,0.8426,4.27,0.53,796.02,717,1968,2253
2025-11-27,CHS01,25_1105_MAROON_37,PREMIUM OPEN,37,8,19.48,0.41,3,0.0529,0.2693,0.6982,1.3,0.53,793.67,2037,1970,2254
2025-11-27,SUS01,16_1042_TAN_38,OPEN,38,6,28.0,0.21,8,0.1487,0.386,0.7427,2.48,0.53,793.34,1608,1971,2255
2025-11-27,AHS01,16_1042_ANTIC-GOLD_44,OPEN,44,6,42.0,0.14,12,0.248,0.4991,0.8045,3.72,0.53,791.56,1060,1973,2256
2025-11-27,BES01,28_1126_ROSE-GOLD_37,GIRLS_OPEN,37,8,17.92,0.45,1,0.0367,0.2731,0.7393,1.18,0.53,786.09,2017,1976,2257
2025-11-27,AHS01,25_1105_MAROON_37,PREMIUM OPEN,37,4,32.0,0.12,9,0.2816,0.5659,0.8628,4.21,0.53,784.42,641,1978,2258
2025-11-27,AHS01,25_1105_MAROON_42,PREMIUM OPEN,42,7,18.67,0.38,2,0.0534,0.2994,0.7456,1.4,0.53,784.19,1934,1979,2259
2025-11-27,BHS01,25_1105_BROWN_39,PREMIUM OPEN,39,6,22.4,0.27,3,0.0921,0.3724,0.7907,1.96,0.52,781.66,1677,1981,2260
2025-11-27,MAS01,25_1105_BROWN_44,PREMIUM OPEN,44,2,22.4,0.09,35,0.4264,0.6679,0.8835,5.87,0.52,781.08,177,1983,2261
2025-11-27,AHS01,31_1147_MAROON_37,PREMIUM CLOSE,37,4,16.0,0.25,0,0.0253,0.2589,0.746,1.04,0.26,778.52,2072,2306,2262
2025-11-27,CHS01,16_1042_ANTIC-GOLD_42,OPEN,42,27,43.2,0.62,9,0.0419,0.1525,0.4514,0.83,0.52,773.67,2394,1987,2263
2025-11-27,INS01,16_1042_ANTIC-GOLD_44,OPEN,44,4,37.33,0.11,21,0.3416,0.5846,0.8394,4.84,0.52,772.16,540,1989,2264
2025-11-27,MAS01,27_1119_WHITE_39,CLOSE,39,19,25.33,0.75,0,0.0049,0.101,0.5131,0.34,0.26,768.72,2500,2310,2265
2025-11-27,MUS01,28_1126_TAN_43,GIRLS_OPEN,43,27,28.53,0.95,3,0.0167,0.1305,0.504,0.54,0.51,766.93,2438,1992,2266
2025-11-27,COS01,23_1091_BLUE-NAVY_40,OPEN,40,22,21.61,1.02,1,0.0109,0.1343,0.5549,0.5,0.51,765.38,2430,1994,2267
2025-11-27,INS01,18_1056_ANTIC-GOLD_44,GIRLS_OPEN,44,4,37.33,0.11,4,0.042,0.2128,0.614,1.02,0.11,764.73,2208,2502,2268
2025-11-27,SUS01,25_1105_BLACK_42,PREMIUM OPEN,42,10,19.31,0.52,2,0.0329,0.2255,0.6674,0.99,0.51,762.5,2173,1998,2269
2025-11-27,MAS01,14_1028_ROSE-GOLD_41,OPEN,41,10,21.54,0.46,2,0.0381,0.2462,0.6916,1.1,0.51,761.3,2113,1999,2270
2025-11-27,HYS01,22_1084_NAVY_38,CLOSE,38,9,21.0,0.43,1,0.0177,0.1797,0.6286,0.71,0.3,759.03,2306,2242,2271
2025-11-27,COS01,24_1098_WHITE_43,OPEN,43,6,48.0,0.12,9,0.0842,0.2528,0.5956,1.51,0.19,753.16,2090,2399,2272
2025-11-27,MAS01,14_1028_ROSE-GOLD_37,OPEN,37,3,21.0,0.14,8,0.2264,0.5048,0.8314,3.53,0.5,751.89,1033,2007,2273
2025-11-27,KOS01,33_1161_BLUE-NAVY_44,OPEN,44,5,25.45,0.2,3,0.0519,0.2662,0.695,1.28,0.25,750.89,2044,2320,2274
2025-11-27,AHS01,27_1119_WHITE_44,CLOSE,44,17,24.41,0.7,1,0.0068,0.0999,0.4849,0.36,0.25,746.64,2503,2323,2275
2025-11-27,BHS01,14_1028_ROSE-GOLD_37,OPEN,37,9,29.65,0.3,6,0.0857,0.2927,0.6769,1.65,0.5,744.4,1951,2012,2276
2025-11-27,SUS01,14_1028_ROSE-GOLD_42,OPEN,42,28,24.5,1.14,1,0.0089,0.1181,0.524,0.43,0.5,740.74,2469,2015,2277
2025-11-27,COS01,23_1091_BROWN_38,OPEN,38,4,32.0,0.12,13,0.2671,0.5185,0.814,3.95,0.49,735.77,947,2018,2278
2025-11-27,MUS01,14_1028_NAVY_40,OPEN,40,28,28.51,0.98,3,0.015,0.1213,0.4864,0.5,0.49,731.47,2463,2021,2279
2025-11-27,AHS01,25_1105_BLACK_37,PREMIUM OPEN,37,4,14.93,0.27,2,0.0775,0.3684,0.8025,1.83,0.49,730.51,1690,2022,2280
2025-11-27,BES01,23_1091_BLACK_44,OPEN,44,5,40.0,0.12,8,0.2564,0.5447,0.8559,3.92,0.49,729.89,795,2023,2281
2025-11-27,MAS01,21_1077_MAROON_39,PREMIUM CLOSE,39,11,41.07,0.27,3,0.0108,0.0975,0.4358,0.39,0.1,727.49,2512,2510,2282
2025-11-27,PUS01,25_1105_BLACK_44,PREMIUM OPEN,44,4,22.4,0.18,7,0.1632,0.4234,0.7823,2.72,0.49,724.97,1426,2026,2283
2025-11-27,BHS01,33_1161_BLUE-NAVY_39,OPEN,39,9,33.6,0.27,3,0.0327,0.2005,0.6157,0.9,0.24,724.15,2235,2329,2284
2025-11-27,AHS01,25_1105_BROWN_42,PREMIUM OPEN,42,17,28.0,0.61,3,0.0277,0.1806,0.5875,0.8,0.48,721.66,2302,2030,2285
2025-11-27,KOS01,25_1105_BROWN_38,PREMIUM OPEN,38,8,44.8,0.18,14,0.1743,0.3797,0.6937,2.7,0.48,718.43,1638,2031,2286
2025-11-27,INS01,14_1028_WHITE_43,OPEN,43,8,28.0,0.29,7,0.0911,0.2898,0.6611,1.68,0.48,716.67,1963,2034,2287
2025-11-27,HYS01,14_1028_WHITE_44,OPEN,44,3,18.67,0.16,5,0.1752,0.4774,0.8386,2.99,0.48,716.62,1184,2035,2288
2025-11-27,KOS01,24_1098_MAROON_37,OPEN,37,3,33.6,0.09,6,0.1096,0.3431,0.7262,2.01,0.18,716.02,1786,2414,2289
2025-11-27,COS01,31_1147_MAROON_42,PREMIUM CLOSE,42,20,23.33,0.86,0,0.0036,0.0844,0.473,0.28,0.24,715.52,2532,2332,2290
2025-11-27,BES01,23_1091_BROWN_40,OPEN,40,24,25.36,0.95,1,0.0109,0.1345,0.5553,0.51,0.48,713.01,2429,2039,2291
2025-11-27,COS01,14_1028_ROSE-GOLD_42,OPEN,42,14,26.13,0.54,2,0.0285,0.2071,0.6444,0.89,0.48,711.7,2220,2041,2292
2025-11-27,MAS01,13_1021_BROWN_42,OPEN,42,5,21.54,0.23,4,0.1031,0.3701,0.775,2.04,0.47,705.93,1684,2045,2293
2025-11-27,CHS01,33_1161_ROSE-GOLD_37,OPEN,37,5,25.45,0.2,3,0.0478,0.2531,0.6806,1.2,0.24,705.31,2089,2341,2294
2025-11-27,AHS01,16_1042_TAN_37,OPEN,37,8,56.0,0.14,15,0.2204,0.4445,0.7477,3.31,0.47,704.74,1334,2047,2295
2025-11-27,HYS01,14_1028_WHITE_37,OPEN,37,7,15.08,0.46,0,0.0241,0.2525,0.7396,1.01,0.47,698.78,2092,2048,2296
2025-11-27,BHS01,15_1035_GREY_43,PREMIUM OPEN,43,2,28.0,0.07,7,0.2037,0.4856,0.8263,3.27,0.23,698.43,1145,2344,2297
2025-11-27,MAS01,33_1161_BLUE-NAVY_41,OPEN,41,8,29.87,0.27,3,0.0309,0.1932,0.6057,0.87,0.23,692.78,2258,2346,2298
2025-11-27,COS01,14_1028_ROSE-GOLD_37,OPEN,37,8,26.35,0.3,5,0.0749,0.2849,0.6827,1.53,0.46,691.77,1979,2051,2299
2025-11-27,INS01,25_1105_MAROON_43,PREMIUM OPEN,43,7,23.06,0.3,5,0.0748,0.2848,0.6825,1.53,0.46,691.21,1980,2052,2300
2025-11-27,MAS01,14_1028_ROSE-GOLD_38,OPEN,38,9,20.16,0.45,2,0.0351,0.2344,0.678,1.04,0.46,689.16,2155,2054,2301
2025-11-27,KOS01,16_1042_ANTIC-GOLD_43,OPEN,43,5,28.0,0.18,8,0.1562,0.3986,0.7534,2.59,0.46,688.89,1544,2055,2302
2025-11-27,PUS01,15_1035_GREY_42,PREMIUM OPEN,42,3,28.0,0.11,6,0.1192,0.3616,0.7427,2.15,0.23,688.73,1717,2347,2303
2025-11-27,MAS01,33_1161_BLUE-NAVY_38,OPEN,38,5,25.45,0.2,3,0.0455,0.2458,0.6724,1.16,0.23,680.51,2115,2348,2304
2025-11-27,CHS01,16_1042_ANTIC-GOLD_44,OPEN,44,6,33.6,0.18,11,0.159,0.3741,0.7074,2.54,0.45,676.76,1665,2060,2305
2025-11-27,HYS01,31_1147_MAROON_43,PREMIUM CLOSE,43,8,28.0,0.29,3,0.0275,0.1794,0.5858,0.79,0.23,676.4,2309,2349,2306
2025-11-27,BES01,13_1021_BROWN_37,OPEN,37,5,46.67,0.11,28,0.2967,0.5179,0.7786,4.23,0.45,675.63,950,2061,2307
2025-11-27,INS01,16_1042_ANTIC-GOLD_37,OPEN,37,8,19.48,0.41,3,0.0427,0.2363,0.6613,1.1,0.45,675.46,2147,2062,2308
2025-11-27,COS01,14_1028_WHITE_40,OPEN,40,9,22.91,0.39,2,0.04,0.2533,0.6994,1.14,0.45,667.22,2087,2066,2309
2025-11-27,SUS01,33_1161_BLUE-NAVY_37,OPEN,37,3,28.0,0.11,6,0.1144,0.3525,0.7347,2.08,0.22,666.58,1749,2357,2310
2025-11-27,PUS01,28_1126_ROSE-GOLD_42,GIRLS_OPEN,42,30,22.7,1.32,0,0.0048,0.0998,0.5104,0.34,0.45,665.73,2504,2068,2311
2025-11-27,COS01,13_1021_WHITE_43,OPEN,43,9,31.5,0.29,7,0.0816,0.2692,0.6383,1.54,0.44,654.42,2038,2074,2312
2025-11-27,BHS01,23_1091_BROWN_38,OPEN,38,5,21.54,0.23,3,0.0877,0.3622,0.7829,1.89,0.44,653.53,1713,2075,2313
2025-11-27,HYS01,21_1077_MAROON_37,PREMIUM CLOSE,37,7,28.0,0.25,0,0.0055,0.1084,0.5292,0.37,0.09,649.18,2488,2524,2314
2025-11-27,KOS01,30_1140_WHITE_37,PREMIUM CLOSE,37,5,40.0,0.12,5,0.0461,0.2081,0.591,1.04,0.13,649.11,2216,2479,2315
2025-11-27,MUS01,23_1091_BLACK_41,OPEN,41,16,21.85,0.73,1,0.0138,0.1545,0.5899,0.59,0.44,648.77,2387,2078,2316
2025-11-27,AHS01,15_1035_GREY_37,PREMIUM OPEN,37,2,14.0,0.14,0,0.0446,0.3479,0.8206,1.51,0.22,644.74,1767,2365,2317
2025-11-27,HYS01,13_1021_WHITE_43,OPEN,43,9,26.53,0.34,5,0.059,0.2444,0.6372,1.26,0.43,639.44,2118,2086,2318
2025-11-27,BHS01,15_1035_GREY_38,PREMIUM OPEN,38,2,37.33,0.05,16,0.2712,0.5102,0.797,3.97,0.21,635.69,998,2370,2319
2025-11-27,SUS01,25_1105_BLACK_37,PREMIUM OPEN,37,6,22.4,0.27,5,0.0788,0.2943,0.6924,1.59,0.43,635.55,1948,2089,2320
2025-11-27,SUS01,14_1028_WHITE_42,OPEN,42,12,19.76,0.61,1,0.0173,0.1773,0.6251,0.7,0.42,633.16,2318,2092,2321
2025-11-27,COS01,15_1035_GREY_37,PREMIUM OPEN,37,2,22.4,0.09,4,0.1251,0.414,0.8078,2.37,0.21,631.59,1470,2372,2322
2025-11-27,INS01,22_1084_NAVY_38,CLOSE,38,5,25.45,0.2,4,0.0569,0.2577,0.6686,1.29,0.25,631.2,2077,2318,2323
2025-11-27,KOS01,16_1042_ANTIC-GOLD_42,OPEN,42,14,20.63,0.68,1,0.0147,0.1609,0.6002,0.62,0.42,630.95,2366,2094,2324
2025-11-27,BES01,27_1119_ANTIC-GOLD_44,CLOSE,44,6,33.6,0.18,3,0.0466,0.2493,0.6764,1.18,0.21,629.53,2100,2374,2325
2025-11-27,COS01,31_1147_MAROON_39,PREMIUM CLOSE,39,25,25.45,0.98,0,0.0025,0.0666,0.4234,0.21,0.21,627.49,2559,2375,2326
2025-11-27,AHS01,19_1063_MAROON_43,BOYS CLOSE,43,7,35.64,0.2,2,0.0115,0.1173,0.4994,0.46,0.09,626.48,2472,2529,2327
2025-11-27,INS01,25_1105_BROWN_43,PREMIUM OPEN,43,5,28.0,0.18,8,0.1391,0.3694,0.7282,2.35,0.42,625.17,1687,2098,2328
2025-11-27,HYS01,17_1049_MAROON_37,CLOSE,37,9,24.0,0.38,2,0.0192,0.1626,0.5804,0.67,0.25,623.78,2358,2322,2329
2025-11-27,AHS01,13_1021_BROWN_39,OPEN,39,18,25.2,0.71,1,0.0134,0.152,0.5857,0.58,0.42,620.9,2397,2102,2330
2025-11-27,MUS01,10_1000_ROSE-GOLD_43,PREMIUM CLOSE,43,9,36.0,0.25,4,0.0222,0.1399,0.5023,0.62,0.16,618.67,2419,2440,2331
2025-11-27,MUS01,14_1028_ROSE-GOLD_39,OPEN,39,14,28.0,0.5,2,0.0258,0.1951,0.6283,0.83,0.41,618.06,2253,2106,2332
2025-11-27,HYS01,24_1098_MAROON_43,OPEN,43,7,39.2,0.18,5,0.0367,0.1787,0.5487,0.87,0.15,617.54,2310,2441,2333
2025-11-27,PUS01,14_1028_NAVY_38,OPEN,38,14,26.13,0.54,3,0.0265,0.1753,0.5795,0.77,0.41,614.5,2329,2108,2334
2025-11-27,PUS01,10_1000_BROWN_43,PREMIUM CLOSE,43,9,26.53,0.34,1,0.0093,0.1217,0.5312,0.45,0.15,609.81,2460,2443,2335
2025-11-27,BHS01,16_1042_BLUE-NAVY_37,OPEN,37,6,28.0,0.21,6,0.1029,0.3295,0.7136,1.91,0.41,609.74,1831,2113,2336
2025-11-27,INS01,17_1049_BLACK_38,CLOSE,38,7,21.78,0.32,1,0.0195,0.1903,0.6435,0.76,0.24,609.41,2270,2326,2337
2025-11-27,BHS01,33_1161_BLUE-NAVY_40,OPEN,40,32,30.37,1.05,0,0.0021,0.0598,0.4022,0.19,0.2,597.19,2568,2384,2338
2025-11-27,HYS01,14_1028_WHITE_40,OPEN,40,34,27.2,1.25,1,0.0058,0.0902,0.4623,0.32,0.4,594.89,2524,2121,2339
2025-11-27,HYS01,31_1147_ANTIC-GOLD_43,PREMIUM CLOSE,43,10,25.45,0.39,1,0.0108,0.1331,0.5528,0.5,0.2,586.8,2433,2389,2340
2025-11-27,COS01,10_1000_WHITE_38,PREMIUM CLOSE,38,15,36.52,0.41,2,0.0083,0.0949,0.4506,0.36,0.15,586.01,2517,2450,2341
2025-11-27,KOS01,14_1028_WHITE_43,OPEN,43,7,28.0,0.25,5,0.0768,0.2895,0.6875,1.56,0.39,581.15,1965,2131,2342
2025-11-27,INS01,16_1042_BLUE-NAVY_37,OPEN,37,3,28.0,0.11,12,0.2396,0.4877,0.7962,3.61,0.39,576.19,1135,2133,2343
2025-11-27,SUS01,33_1161_ROSE-GOLD_43,OPEN,43,8,21.33,0.38,0,0.0088,0.1433,0.5959,0.51,0.19,575.36,2412,2393,2344
2025-11-27,CHS01,28_1126_ROSE-GOLD_38,GIRLS_OPEN,38,28,23.4,1.2,0,0.0045,0.0958,0.5012,0.32,0.39,575.26,2515,2134,2345
2025-11-27,AHS01,27_1119_ANTIC-GOLD_37,CLOSE,37,14,29.04,0.48,2,0.0095,0.1037,0.4706,0.4,0.19,570.64,2496,2396,2346
2025-11-27,KOS01,10_1000_BROWN_44,PREMIUM CLOSE,44,2,56.0,0.04,15,0.268,0.51,0.8002,3.94,0.14,560.99,999,2462,2347
2025-11-27,MUS01,25_1105_BLACK_43,PREMIUM OPEN,43,12,17.68,0.68,0,0.0098,0.1526,0.6115,0.55,0.37,558.68,2393,2144,2348
2025-11-27,COS01,13_1021_BROWN_44,OPEN,44,3,33.6,0.09,15,0.2846,0.5315,0.816,4.15,0.37,552.34,878,2149,2349
2025-11-27,COS01,23_1091_BLUE-NAVY_43,OPEN,43,7,24.5,0.29,3,0.053,0.2693,0.6983,1.3,0.37,552.19,2036,2150,2350
2025-11-27,PUS01,25_1105_BROWN_42,PREMIUM OPEN,42,32,29.38,1.09,2,0.0077,0.0909,0.4409,0.34,0.37,552.16,2523,2151,2351
2025-11-27,MAS01,15_1035_GREY_38,PREMIUM OPEN,38,2,56.0,0.04,61,0.3692,0.5968,0.8285,5.14,0.18,548.51,469,2408,2352
2025-11-27,KOS01,10_1000_BROWN_40,PREMIUM CLOSE,40,21,29.4,0.71,0,0.0021,0.0605,0.4043,0.19,0.14,546.57,2566,2466,2353
2025-11-27,MAS01,13_1021_WHITE_43,OPEN,43,9,18.0,0.5,1,0.0185,0.1844,0.6353,0.73,0.37,546.36,2295,2154,2354
2025-11-27,BHS01,28_1126_BLUE-NAVY_44,GIRLS_OPEN,44,5,35.0,0.14,9,0.1568,0.3884,0.7359,2.56,0.37,545.91,1595,2155,2355
2025-11-27,SUS01,31_1147_WHITE_39,PREMIUM CLOSE,39,11,25.67,0.43,1,0.0086,0.116,0.5197,0.43,0.18,545.81,2475,2409,2356
2025-11-27,KOS01,16_1042_ANTIC-GOLD_44,OPEN,44,5,35.0,0.14,10,0.1564,0.3781,0.7186,2.53,0.36,538.72,1645,2162,2357
2025-11-27,PUS01,27_1119_WHITE_43,CLOSE,43,12,24.89,0.48,0,0.0055,0.1088,0.5302,0.37,0.18,537.96,2487,2412,2358
2025-11-27,MUS01,23_1091_BLUE-NAVY_44,OPEN,44,6,37.33,0.16,11,0.1361,0.3353,0.6693,2.22,0.36,531.99,1810,2165,2359
2025-11-27,HYS01,14_1028_ROSE-GOLD_37,OPEN,37,5,21.54,0.23,3,0.0665,0.3084,0.7369,1.54,0.36,531.61,1899,2166,2360
2025-11-27,SUS01,33_1161_BLUE-NAVY_38,OPEN,38,13,30.33,0.43,2,0.0101,0.108,0.4799,0.41,0.18,531.28,2491,2417,2361
2025-11-27,BES01,16_1042_TAN_44,OPEN,44,5,21.54,0.23,2,0.0605,0.3212,0.765,1.53,0.36,530.66,1851,2169,2362
2025-11-27,PUS01,13_1021_BROWN_42,OPEN,42,25,32.56,0.77,3,0.0135,0.1131,0.4697,0.46,0.35,527.08,2483,2178,2363
2025-11-27,COS01,28_1126_BLUE-NAVY_38,GIRLS_OPEN,38,9,20.16,0.45,1,0.0205,0.1958,0.6509,0.79,0.35,523.96,2249,2180,2364
2025-11-27,BHS01,29_1133_BROWN_43,BOYS CLOSE,43,12,29.22,0.41,0,0.0032,0.078,0.4562,0.26,0.1,523.41,2543,2507,2365
2025-11-27,SUS01,13_1021_BROWN_43,OPEN,43,6,28.0,0.21,6,0.0851,0.2915,0.6756,1.64,0.35,522.76,1954,2181,2366
2025-11-27,SUS01,26_1112_WHITE_38,OPEN,38,9,36.0,0.25,3,0.0159,0.1262,0.4958,0.52,0.13,521.79,2448,2477,2367
2025-11-27,SUS01,16_1042_BLUE-NAVY_44,OPEN,44,3,18.67,0.16,4,0.1123,0.389,0.7896,2.18,0.35,521.71,1591,2184,2368
2025-11-27,MUS01,30_1140_WHITE_44,PREMIUM CLOSE,44,4,74.67,0.05,16,0.1225,0.2837,0.5787,1.95,0.1,520.73,1984,2509,2369
2025-11-27,INS01,14_1028_ROSE-GOLD_43,OPEN,43,14,32.67,0.43,5,0.034,0.1697,0.5348,0.81,0.35,520.4,2345,2185,2370
2025-11-27,KOS01,27_1119_WHITE_44,CLOSE,44,9,29.65,0.3,2,0.0154,0.1416,0.5453,0.57,0.17,515.47,2418,2423,2371
2025-11-27,MAS01,10_1000_ROSE-GOLD_42,PREMIUM CLOSE,42,6,42.0,0.14,6,0.041,0.1786,0.5328,0.9,0.13,514.78,2311,2482,2372
2025-11-27,PUS01,14_1028_ROSE-GOLD_43,OPEN,43,10,24.35,0.41,2,0.0263,0.1973,0.6313,0.84,0.35,514.56,2244,2189,2373
2025-11-27,SUS01,31_1147_WHITE_37,PREMIUM CLOSE,37,5,40.0,0.12,8,0.0734,0.2391,0.5897,1.37,0.17,513.04,2135,2425,2374
2025-11-27,MAS01,32_1154_MAROON_43,CLOSE,43,3,28.0,0.11,1,0.0168,0.1741,0.6204,0.68,0.07,512.98,2332,2540,2375
2025-11-27,BES01,28_1126_TAN_38,GIRLS_OPEN,38,22,24.16,0.91,0,0.0056,0.1098,0.5323,0.38,0.34,511.73,2486,2192,2376
2025-11-27,MAS01,24_1098_MAROON_38,OPEN,38,3,84.0,0.04,40,0.2484,0.4422,0.697,3.57,0.13,508.6,1346,2484,2377
2025-11-27,AHS01,14_1028_WHITE_43,OPEN,43,14,34.09,0.41,4,0.0318,0.1776,0.5642,0.82,0.34,502.83,2316,2194,2378
2025-11-27,CHS01,28_1126_TAN_43,GIRLS_OPEN,43,16,28.0,0.57,2,0.0162,0.1462,0.5533,0.59,0.34,501.93,2409,2196,2379
2025-11-27,BHS01,14_1028_ROSE-GOLD_44,OPEN,44,5,31.11,0.16,6,0.1147,0.3531,0.7352,2.09,0.34,499.34,1747,2199,2380
2025-11-27,COS01,16_1042_ANTIC-GOLD_37,OPEN,37,7,32.67,0.21,7,0.0833,0.273,0.6425,1.56,0.34,499.21,2019,2200,2381
2025-11-27,INS01,31_1147_ANTIC-GOLD_43,PREMIUM CLOSE,43,4,32.0,0.12,5,0.063,0.2551,0.6498,1.33,0.17,498.35,2083,2429,2382
2025-11-27,HYS01,16_1042_TAN_41,OPEN,41,13,22.75,0.57,0,0.0107,0.1603,0.6237,0.59,0.33,498.34,2367,2201,2383
2025-11-27,PUS01,23_1091_BROWN_43,OPEN,43,16,35.84,0.45,6,0.0323,0.1514,0.4889,0.74,0.33,494.1,2400,2206,2384
2025-11-27,INS01,25_1105_MAROON_37,PREMIUM OPEN,37,5,28.0,0.18,7,0.1023,0.3131,0.6854,1.85,0.33,493.02,1882,2208,2385
2025-11-27,BES01,28_1126_TAN_44,GIRLS_OPEN,44,5,56.0,0.09,18,0.2521,0.4777,0.7649,3.7,0.33,492.25,1181,2212,2386
2025-11-27,AHS01,16_1042_ANTIC-GOLD_42,OPEN,42,24,22.78,1.05,0,0.0042,0.0929,0.4942,0.31,0.33,488.94,2521,2217,2387
2025-11-27,MAS01,14_1028_NAVY_44,OPEN,44,3,42.0,0.07,37,0.3256,0.5481,0.7958,4.59,0.33,488.41,767,2218,2388
2025-11-27,HYS01,25_1105_BLACK_44,PREMIUM OPEN,44,10,29.47,0.34,5,0.0417,0.1945,0.572,0.96,0.33,484.91,2255,2221,2389
2025-11-27,BES01,28_1126_ROSE-GOLD_44,GIRLS_OPEN,44,2,12.44,0.16,0,0.0704,0.4348,0.8738,2.02,0.33,484.57,1377,2222,2390
2025-11-27,BES01,15_1035_GREY_44,PREMIUM OPEN,44,2,56.0,0.04,43,0.3205,0.5388,0.785,4.52,0.16,482.22,831,2435,2391
2025-11-27,MAS01,25_1105_BROWN_43,PREMIUM OPEN,43,5,46.67,0.11,18,0.1994,0.4018,0.6969,3.0,0.32,478.25,1519,2227,2392
2025-11-27,PUS01,15_1035_GREY_37,PREMIUM OPEN,37,2,56.0,0.04,47,0.3171,0.5332,0.7786,4.47,0.16,477.22,867,2437,2393
2025-11-27,MAS01,16_1042_TAN_43,OPEN,43,5,70.0,0.07,62,0.3171,0.5304,0.7726,4.46,0.32,474.84,885,2231,2394
2025-11-27,SUS01,17_1049_BROWN_37,CLOSE,37,5,35.0,0.14,7,0.068,0.2378,0.6006,1.32,0.19,469.99,2141,2400,2395
2025-11-27,COS01,23_1091_BROWN_37,OPEN,37,2,28.0,0.07,11,0.3009,0.5732,0.858,4.41,0.32,469.82,597,2232,2396
2025-11-27,BES01,32_1154_MAROON_42,CLOSE,42,8,34.46,0.23,0,0.0038,0.0871,0.4799,0.29,0.07,469.43,2528,2547,2397
2025-11-27,CHS01,14_1028_NAVY_42,OPEN,42,18,28.0,0.64,2,0.0126,0.1246,0.5137,0.49,0.31,468.32,2453,2234,2398
2025-11-27,CHS01,17_1049_MAROON_44,CLOSE,44,5,35.0,0.14,6,0.0647,0.2432,0.6209,1.31,0.19,465.94,2122,2403,2399
2025-11-27,MAS01,15_1035_GREY_43,PREMIUM OPEN,43,2,28.0,0.07,6,0.1212,0.3655,0.746,2.18,0.16,465.58,1701,2439,2400
2025-11-27,KOS01,28_1126_BLUE-NAVY_44,GIRLS_OPEN,44,6,33.6,0.18,7,0.0952,0.2985,0.6704,1.75,0.31,464.61,1936,2236,2401
2025-11-27,SUS01,17_1049_BLACK_37,CLOSE,37,3,42.0,0.07,12,0.1646,0.376,0.7022,2.6,0.19,462.45,1654,2405,2402
2025-11-27,COS01,13_1021_WHITE_37,OPEN,37,6,37.33,0.16,9,0.1118,0.3084,0.659,1.92,0.31,460.52,1898,2237,2403
2025-11-27,SUS01,17_1049_BLACK_42,CLOSE,42,13,33.09,0.39,3,0.0136,0.1136,0.4708,0.46,0.18,453.27,2480,2410,2404
2025-11-27,SUS01,14_1028_WHITE_43,OPEN,43,7,26.13,0.27,4,0.0481,0.2318,0.6382,1.13,0.3,452.27,2160,2246,2405
2025-11-27,HYS01,28_1126_TAN_42,GIRLS_OPEN,42,10,21.54,0.46,0,0.0125,0.1758,0.647,0.65,0.3,451.74,2324,2247,2406
2025-11-27,INS01,24_1098_MAROON_39,OPEN,39,6,28.0,0.21,1,0.0116,0.1393,0.564,0.53,0.11,450.45,2423,2499,2407
2025-11-27,AHS01,33_1161_ROSE-GOLD_40,OPEN,40,13,29.12,0.45,0,0.0048,0.0995,0.5096,0.34,0.15,449.57,2505,2445,2408
2025-11-27,MAS01,25_1105_BROWN_39,PREMIUM OPEN,39,10,22.4,0.45,1,0.0164,0.1717,0.6167,0.67,0.3,447.96,2339,2249,2409
2025-11-27,MAS01,16_1042_TAN_39,OPEN,39,8,28.0,0.29,4,0.0435,0.2176,0.6202,1.05,0.3,446.65,2190,2251,2410
2025-11-27,SUS01,17_1049_MAROON_37,CLOSE,37,11,21.24,0.52,0,0.0049,0.1015,0.5143,0.34,0.18,444.58,2499,2415,2411
2025-11-27,KOS01,28_1126_ROSE-GOLD_38,GIRLS_OPEN,38,13,21.41,0.61,0,0.0082,0.1372,0.5853,0.49,0.3,441.33,2424,2259,2412
2025-11-27,AHS01,22_1084_NAVY_39,CLOSE,39,13,29.12,0.45,1,0.0077,0.1082,0.5034,0.39,0.18,437.06,2489,2420,2413
2025-11-27,HYS01,23_1091_BLACK_38,OPEN,38,8,23.58,0.34,2,0.0271,0.2008,0.636,0.86,0.29,434.2,2233,2270,2414
2025-11-27,MAS01,31_1147_WHITE_43,PREMIUM CLOSE,43,3,21.0,0.14,1,0.0295,0.2414,0.7063,1.01,0.14,433.45,2129,2453,2415
2025-11-27,HYS01,31_1147_ANTIC-GOLD_37,PREMIUM CLOSE,37,5,28.0,0.18,2,0.0246,0.1893,0.6203,0.8,0.14,427.4,2274,2457,2416
2025-11-27,BHS01,16_1042_TAN_43,OPEN,43,5,28.0,0.18,4,0.0742,0.3038,0.7167,1.58,0.28,421.59,1917,2274,2417
2025-11-27,SUS01,16_1042_BLUE-NAVY_37,OPEN,37,4,32.0,0.12,9,0.134,0.3492,0.7001,2.24,0.28,417.81,1761,2277,2418
2025-11-27,MUS01,25_1105_BROWN_44,PREMIUM OPEN,44,4,44.8,0.09,17,0.2089,0.4196,0.7175,3.13,0.28,417.05,1441,2278,2419
2025-11-27,INS01,21_1077_BLUE-NAVY_37,PREMIUM CLOSE,37,3,28.0,0.11,0,0.0099,0.1535,0.613,0.56,0.06,416.78,2390,2553,2420
2025-11-27,MUS01,14_1028_NAVY_38,OPEN,38,26,27.47,0.95,1,0.0052,0.0841,0.447,0.29,0.28,415.8,2533,2280,2421
2025-11-27,INS01,31_1147_ANTIC-GOLD_38,PREMIUM CLOSE,38,5,28.0,0.18,2,0.0235,0.1842,0.6131,0.77,0.14,413.7,2296,2464,2422
2025-11-27,CHS01,23_1091_BLACK_37,OPEN,37,5,28.0,0.18,5,0.0764,0.2885,0.6864,1.55,0.28,413.21,1967,2282,2423
2025-11-27,CHS01,23_1091_BLACK_44,OPEN,44,4,22.4,0.18,3,0.0667,0.3089,0.7374,1.54,0.28,409.91,1896,2284,2424
2025-11-27,INS01,31_1147_ANTIC-GOLD_40,PREMIUM CLOSE,40,9,31.5,0.29,1,0.0102,0.1285,0.5443,0.48,0.14,409.83,2444,2465,2425
2025-11-27,SUS01,16_1042_TAN_44,OPEN,44,2,18.67,0.11,4,0.139,0.4397,0.8253,2.57,0.27,409.5,1357,2285,2426
2025-11-27,HYS01,17_1049_BLACK_37,CLOSE,37,8,34.46,0.23,4,0.0258,0.1548,0.5281,0.7,0.16,403.82,2384,2432,2427
2025-11-27,MAS01,15_1035_GREY_39,PREMIUM OPEN,39,3,42.0,0.07,9,0.1093,0.3036,0.6538,1.89,0.13,402.82,1918,2469,2428
2025-11-27,HYS01,22_1084_NAVY_43,CLOSE,43,12,30.55,0.39,2,0.01,0.1073,0.4783,0.41,0.16,402.35,2492,2434,2429
2025-11-27,COS01,14_1028_ROSE-GOLD_44,OPEN,44,5,28.0,0.18,4,0.0691,0.2908,0.7039,1.5,0.27,399.1,1958,2294,2430
2025-11-27,MUS01,14_1028_NAVY_37,OPEN,37,6,19.76,0.3,1,0.024,0.2148,0.6753,0.88,0.27,398.29,2199,2296,2431
2025-11-27,INS01,25_1105_MAROON_42,PREMIUM OPEN,42,20,28.72,0.7,2,0.009,0.1007,0.4637,0.38,0.27,396.81,2502,2299,2432
2025-11-27,SUS01,13_1021_BROWN_44,OPEN,44,2,37.33,0.05,54,0.3547,0.5796,0.8157,4.95,0.27,395.25,567,2300,2433
2025-11-27,SUS01,25_1105_MAROON_37,PREMIUM OPEN,37,3,33.6,0.09,11,0.1883,0.4205,0.7486,2.95,0.26,391.83,1437,2304,2434
2025-11-27,BHS01,25_1105_BROWN_42,PREMIUM OPEN,42,13,31.65,0.41,2,0.0177,0.1547,0.5675,0.63,0.26,385.35,2386,2309,2435
2025-11-27,KOS01,16_1042_ANTIC-GOLD_38,OPEN,38,8,37.33,0.21,6,0.058,0.226,0.5993,1.2,0.26,382.49,2172,2311,2436
2025-11-27,AHS01,14_1028_WHITE_42,OPEN,42,29,25.78,1.12,0,0.0027,0.0705,0.4351,0.23,0.26,382.04,2554,2312,2437
2025-11-27,COS01,13_1021_WHITE_44,OPEN,44,4,56.0,0.07,28,0.2465,0.4497,0.7179,3.57,0.26,380.17,1314,2315,2438
2025-11-27,SUS01,15_1035_GREY_44,PREMIUM OPEN,44,2,56.0,0.04,22,0.243,0.4547,0.7342,3.55,0.13,379.3,1288,2486,2439
2025-11-27,INS01,25_1105_BLACK_37,PREMIUM OPEN,37,2,16.0,0.12,2,0.0897,0.3988,0.8239,2.03,0.25,378.26,1542,2317,2440
2025-11-27,COS01,10_1000_WHITE_44,PREMIUM CLOSE,44,3,56.0,0.05,9,0.1011,0.2875,0.6362,1.76,0.09,377.18,1972,2522,2441
2025-11-27,COS01,28_1126_BLUE-NAVY_41,GIRLS_OPEN,41,19,39.41,0.48,4,0.0178,0.1208,0.4662,0.52,0.25,375.32,2465,2319,2442
2025-11-27,SUS01,32_1154_MAROON_41,CLOSE,41,5,46.67,0.11,3,0.015,0.1216,0.4869,0.5,0.05,375.24,2462,2556,2443
2025-11-27,MUS01,25_1105_BROWN_37,PREMIUM OPEN,37,4,16.0,0.25,0,0.0239,0.2511,0.7381,1.0,0.25,373.57,2096,2321,2444
2025-11-27,KOS01,29_1133_BROWN_43,BOYS CLOSE,43,14,34.09,0.41,0,0.002,0.0578,0.3954,0.18,0.07,373.52,2570,2537,2445
2025-11-27,INS01,15_1035_GREY_44,PREMIUM OPEN,44,1,14.0,0.07,0,0.0551,0.3863,0.846,1.73,0.12,369.33,1607,2489,2446
2025-11-27,BHS01,25_1105_BROWN_37,PREMIUM OPEN,37,5,56.0,0.09,19,0.1824,0.3727,0.6641,2.76,0.25,366.62,1675,2324,2447
2025-11-27,MUS01,25_1105_BROWN_39,PREMIUM OPEN,39,9,28.0,0.32,2,0.0226,0.1799,0.6068,0.75,0.24,360.76,2305,2330,2448
2025-11-27,PUS01,10_1000_ROSE-GOLD_44,PREMIUM CLOSE,44,5,40.0,0.12,4,0.0266,0.1581,0.5336,0.72,0.09,357.18,2375,2530,2449
2025-11-27,AHS01,17_1049_MAROON_44,CLOSE,44,7,28.0,0.25,2,0.0156,0.1426,0.5469,0.57,0.14,356.23,2413,2456,2450
2025-11-27,KOS01,20_1070_ANTIC-GOLD_44,PREMIUM CLOSE,44,2,28.0,0.07,0,0.0142,0.1885,0.6646,0.71,0.05,354.12,2279,2558,2451
2025-11-27,BHS01,16_1042_BLUE-NAVY_44,OPEN,44,8,32.0,0.25,4,0.0381,0.1999,0.5966,0.95,0.24,352.82,2236,2337,2452
2025-11-27,MAS01,25_1105_BROWN_37,PREMIUM OPEN,37,3,42.0,0.07,17,0.2219,0.4385,0.7346,3.31,0.24,352.06,1363,2339,2453
2025-11-27,PUS01,22_1084_NAVY_44,CLOSE,44,4,20.36,0.2,0,0.0144,0.19,0.6667,0.72,0.14,350.29,2271,2460,2454
2025-11-27,BES01,27_1119_ANTIC-GOLD_43,CLOSE,43,17,31.73,0.54,0,0.0025,0.0678,0.427,0.22,0.12,349.06,2558,2493,2455
2025-11-27,INS01,20_1070_ANTIC-GOLD_41,PREMIUM CLOSE,41,8,40.73,0.2,1,0.0042,0.0737,0.4191,0.25,0.05,348.47,2548,2559,2456
2025-11-27,INS01,15_1035_GREY_37,PREMIUM OPEN,37,2,22.4,0.09,2,0.0482,0.2823,0.7294,1.3,0.12,348.08,1990,2494,2457
2025-11-27,SUS01,17_1049_BLACK_44,CLOSE,44,5,35.0,0.14,5,0.0412,0.1931,0.57,0.95,0.14,338.34,2259,2467,2458
2025-11-27,COS01,31_1147_MAROON_44,PREMIUM CLOSE,44,3,21.0,0.14,0,0.0167,0.2062,0.6876,0.79,0.11,337.37,2223,2500,2459
2025-11-27,CHS01,23_1091_BLACK_43,OPEN,43,6,19.76,0.3,0,0.0152,0.1961,0.6747,0.74,0.23,336.24,2248,2350,2460
2025-11-27,CHS01,16_1042_ANTIC-GOLD_37,OPEN,37,7,21.78,0.32,1,0.0174,0.1777,0.6257,0.7,0.23,336.03,2315,2351,2461
2025-11-27,CHS01,28_1126_ROSE-GOLD_37,GIRLS_OPEN,37,7,23.06,0.3,1,0.0187,0.1857,0.6371,0.74,0.22,334.52,2288,2353,2462
2025-11-27,MAS01,16_1042_ANTIC-GOLD_40,OPEN,40,12,25.85,0.46,1,0.0103,0.1293,0.5458,0.48,0.22,334.22,2441,2354,2463
2025-11-27,PUS01,14_1028_ROSE-GOLD_44,OPEN,44,11,22.0,0.5,0,0.0072,0.1276,0.5678,0.45,0.22,334.19,2446,2356,2464
2025-11-27,MAS01,17_1049_MAROON_44,CLOSE,44,3,33.6,0.09,6,0.0766,0.2721,0.6546,1.5,0.13,334.17,2021,2470,2465
2025-11-27,BHS01,17_1049_BROWN_41,CLOSE,41,21,30.15,0.7,0,0.0021,0.0607,0.4049,0.19,0.13,333.86,2565,2471,2466
2025-11-27,SUS01,17_1049_MAROON_38,CLOSE,38,15,30.0,0.5,1,0.0045,0.0769,0.428,0.27,0.13,331.69,2545,2474,2467
2025-11-27,COS01,31_1147_ANTIC-GOLD_42,PREMIUM CLOSE,42,9,29.65,0.3,0,0.0053,0.1066,0.5255,0.36,0.11,331.03,2493,2501,2468
2025-11-27,BHS01,28_1126_BLUE-NAVY_38,GIRLS_OPEN,38,10,37.33,0.27,4,0.0318,0.1778,0.5646,0.82,0.22,328.53,2314,2359,2469
2025-11-27,KOS01,13_1021_WHITE_42,OPEN,42,11,32.42,0.34,3,0.0208,0.1503,0.5394,0.64,0.22,324.44,2401,2362,2470
2025-11-27,CHS01,22_1084_NAVY_43,CLOSE,43,11,29.33,0.38,1,0.0065,0.0969,0.4782,0.35,0.13,323.52,2513,2480,2471
2025-11-27,AHS01,31_1147_ANTIC-GOLD_43,PREMIUM CLOSE,43,5,28.0,0.18,1,0.0141,0.1568,0.5935,0.6,0.11,323.01,2379,2504,2472
2025-11-27,MAS01,28_1126_BLUE-NAVY_44,GIRLS_OPEN,44,3,42.0,0.07,14,0.1988,0.4174,0.7288,3.03,0.22,322.86,1454,2363,2473
2025-11-27,HYS01,22_1084_NAVY_37,CLOSE,37,16,27.15,0.59,0,0.0026,0.0683,0.4285,0.22,0.13,322.51,2557,2481,2474
2025-11-27,MUS01,14_1028_WHITE_44,OPEN,44,8,28.0,0.29,3,0.0257,0.172,0.5745,0.75,0.22,320.5,2338,2366,2475
2025-11-27,INS01,17_1049_BLACK_44,CLOSE,44,5,21.54,0.23,0,0.0097,0.1516,0.6098,0.55,0.13,316.81,2399,2485,2476
2025-11-27,PUS01,10_1000_BROWN_44,PREMIUM CLOSE,44,4,44.8,0.09,5,0.0365,0.1781,0.5478,0.86,0.08,307.57,2313,2534,2477
2025-11-27,INS01,28_1126_BLUE-NAVY_42,GIRLS_OPEN,42,23,33.89,0.68,3,0.0078,0.0781,0.3883,0.3,0.2,304.96,2542,2380,2478
2025-11-27,PUS01,15_1035_GREY_44,PREMIUM OPEN,44,2,56.0,0.04,15,0.1864,0.3937,0.7019,2.85,0.1,304.5,1567,2512,2479
2025-11-27,MUS01,16_1042_BLUE-NAVY_44,OPEN,44,6,24.0,0.25,2,0.0251,0.1916,0.6235,0.81,0.2,302.4,2262,2381,2480
2025-11-27,MAS01,24_1098_WHITE_37,OPEN,37,2,22.4,0.09,0,0.0185,0.2184,0.7023,0.85,0.08,301.59,2186,2535,2481
2025-11-27,KOS01,30_1140_WHITE_39,PREMIUM CLOSE,39,12,35.37,0.34,0,0.0019,0.0566,0.3915,0.18,0.06,301.58,2571,2551,2482
2025-11-27,CHS01,10_1000_WHITE_44,PREMIUM CLOSE,44,4,28.0,0.14,0,0.0092,0.147,0.6023,0.53,0.08,301.48,2407,2536,2483
2025-11-27,PUS01,14_1028_NAVY_44,OPEN,44,14,31.36,0.45,3,0.0132,0.1113,0.466,0.45,0.2,301.0,2484,2382,2484
2025-11-27,AHS01,31_1147_WHITE_37,PREMIUM CLOSE,37,8,26.35,0.3,0,0.0046,0.0978,0.5058,0.33,0.1,299.86,2511,2513,2485
2025-11-27,AHS01,22_1084_NAVY_37,CLOSE,37,6,42.0,0.14,4,0.0328,0.1812,0.5696,0.84,0.12,299.37,2300,2490,2486
2025-11-27,SUS01,31_1147_WHITE_44,PREMIUM CLOSE,44,4,44.8,0.09,7,0.0557,0.2074,0.5605,1.12,0.1,299.18,2219,2514,2487
2025-11-27,AHS01,14_1028_NAVY_44,OPEN,44,6,22.4,0.27,1,0.0188,0.1862,0.6378,0.74,0.2,296.01,2285,2385,2488
2025-11-27,INS01,14_1028_WHITE_38,OPEN,38,7,20.63,0.34,0,0.0106,0.1597,0.6228,0.58,0.2,294.65,2369,2386,2489
2025-11-27,INS01,27_1119_ANTIC-GOLD_37,CLOSE,37,10,37.33,0.27,3,0.01,0.0927,0.4246,0.37,0.1,293.65,2522,2518,2490
2025-11-27,BHS01,27_1119_WHITE_44,CLOSE,44,5,56.0,0.09,7,0.0538,0.2024,0.5535,1.09,0.1,290.53,2231,2519,2491
2025-11-27,MUS01,21_1077_MAROON_43,PREMIUM CLOSE,43,11,38.5,0.29,0,0.0014,0.0469,0.3569,0.14,0.04,288.77,2577,2563,2492
2025-11-27,MAS01,24_1098_WHITE_40,OPEN,40,9,36.0,0.25,1,0.005,0.0827,0.4433,0.29,0.07,288.42,2536,2541,2493
2025-11-27,MAS01,17_1049_MAROON_43,CLOSE,43,4,22.4,0.18,0,0.0122,0.1728,0.6426,0.64,0.11,284.38,2335,2498,2494
2025-11-27,BES01,13_1021_WHITE_44,OPEN,44,4,18.67,0.21,0,0.0194,0.2245,0.7093,0.87,0.19,279.35,2175,2402,2495
2025-11-27,SUS01,27_1119_WHITE_37,CLOSE,37,4,24.89,0.16,0,0.0104,0.1583,0.6206,0.58,0.09,277.13,2374,2525,2496
2025-11-27,MAS01,13_1021_WHITE_44,OPEN,44,4,44.8,0.09,12,0.1272,0.3125,0.6376,2.07,0.19,275.91,1885,2406,2497
2025-11-27,MAS01,13_1021_BROWN_44,OPEN,44,2,28.0,0.07,7,0.1531,0.4067,0.7693,2.59,0.18,275.12,1503,2407,2498
2025-11-27,HYS01,15_1035_GREY_43,PREMIUM OPEN,43,4,24.89,0.16,0,0.0102,0.1558,0.6167,0.57,0.09,272.06,2381,2527,2499
2025-11-27,INS01,13_1021_BROWN_37,OPEN,37,5,40.0,0.12,8,0.0779,0.2493,0.6024,1.44,0.18,268.92,2101,2411,2500
2025-11-27,AHS01,14_1028_NAVY_37,OPEN,37,5,20.0,0.25,0,0.0145,0.1907,0.6676,0.72,0.18,267.92,2266,2413,2501
2025-11-27,KOS01,25_1105_BROWN_37,PREMIUM OPEN,37,8,56.0,0.14,11,0.07,0.2065,0.5142,1.24,0.18,264.81,2222,2416,2502
2025-11-27,AHS01,14_1028_ROSE-GOLD_37,OPEN,37,10,23.33,0.43,0,0.0064,0.1185,0.5501,0.41,0.18,262.86,2467,2418,2503
2025-11-27,INS01,14_1028_WHITE_44,OPEN,44,5,35.0,0.14,6,0.06,0.2313,0.6061,1.23,0.18,262.2,2162,2419,2504
2025-11-27,PUS01,23_1091_BLUE-NAVY_44,OPEN,44,5,28.0,0.18,3,0.0358,0.212,0.6311,0.97,0.17,257.42,2209,2422,2505
2025-11-27,AHS01,23_1091_BLUE-NAVY_40,OPEN,40,29,29.53,0.98,0,0.0019,0.0558,0.3889,0.18,0.17,256.76,2572,2424,2506
2025-11-27,SUS01,20_1070_ANTIC-GOLD_44,PREMIUM CLOSE,44,3,33.6,0.09,0,0.0062,0.1172,0.5475,0.41,0.04,253.67,2473,2566,2507
2025-11-27,SUS01,16_1042_ANTIC-GOLD_38,OPEN,38,15,24.71,0.61,0,0.0036,0.0835,0.4708,0.28,0.17,249.6,2534,2426,2508
2025-11-27,KOS01,25_1105_MAROON_37,PREMIUM OPEN,37,3,24.0,0.12,2,0.0498,0.2876,0.7345,1.33,0.17,248.51,1971,2428,2509
2025-11-27,INS01,17_1049_MAROON_37,CLOSE,37,7,24.5,0.29,0,0.005,0.1026,0.5166,0.35,0.1,248.13,2498,2515,2510
2025-11-27,HYS01,22_1084_NAVY_39,CLOSE,39,8,34.46,0.23,1,0.0085,0.1155,0.5186,0.42,0.1,244.96,2477,2517,2511
2025-11-27,SUS01,25_1105_BROWN_43,PREMIUM OPEN,43,12,26.88,0.45,1,0.0069,0.1009,0.4873,0.36,0.16,241.32,2501,2433,2512
2025-11-27,BES01,17_1049_BLACK_42,CLOSE,42,10,31.11,0.32,0,0.004,0.0894,0.4856,0.3,0.1,238.48,2525,2521,2513
2025-11-27,MAS01,16_1042_ANTIC-GOLD_44,OPEN,44,2,22.4,0.09,3,0.0772,0.3364,0.7618,1.72,0.15,228.48,1804,2442,2514
2025-11-27,AHS01,13_1021_BROWN_37,OPEN,37,5,21.54,0.23,0,0.0124,0.1743,0.6447,0.65,0.15,223.47,2331,2446,2515
2025-11-27,HYS01,13_1021_WHITE_37,OPEN,37,6,22.4,0.27,0,0.0099,0.1532,0.6125,0.56,0.15,221.6,2391,2447,2516
2025-11-27,KOS01,14_1028_ROSE-GOLD_37,OPEN,37,4,37.33,0.11,5,0.066,0.2628,0.6586,1.38,0.15,220.83,2060,2448,2517
2025-11-27,KOS01,14_1028_WHITE_37,OPEN,37,6,22.4,0.27,0,0.0097,0.1517,0.61,0.55,0.15,218.94,2398,2449,2518
2025-11-27,MAS01,25_1105_BROWN_38,PREMIUM OPEN,38,5,35.0,0.14,5,0.0449,0.2044,0.5858,1.02,0.15,216.7,2229,2452,2519
2025-11-27,KOS01,25_1105_BROWN_44,PREMIUM OPEN,44,5,31.11,0.16,3,0.0323,0.1988,0.6134,0.89,0.14,214.29,2239,2454,2520
2025-11-27,MAS01,14_1028_ROSE-GOLD_39,OPEN,39,7,35.64,0.2,2,0.0217,0.1754,0.6002,0.73,0.14,213.93,2327,2455,2521
2025-11-27,CHS01,23_1091_BROWN_37,OPEN,37,5,31.11,0.16,3,0.032,0.1974,0.6116,0.89,0.14,212.57,2243,2458,2522
2025-11-27,INS01,14_1028_WHITE_37,OPEN,37,4,37.33,0.11,6,0.0651,0.2442,0.6221,1.32,0.14,210.12,2120,2459,2523
2025-11-27,BHS01,28_1126_ROSE-GOLD_40,GIRLS_OPEN,40,25,31.11,0.8,0,0.0019,0.0557,0.3885,0.18,0.14,209.53,2573,2461,2524
2025-11-27,CHS01,13_1021_WHITE_39,OPEN,39,14,28.0,0.5,0,0.0036,0.0845,0.4734,0.28,0.14,208.35,2531,2463,2525
2025-11-27,COS01,17_1049_MAROON_37,CLOSE,37,5,35.0,0.14,2,0.0155,0.1419,0.5457,0.57,0.08,202.39,2416,2533,2526
2025-11-27,SUS01,32_1154_MAROON_37,CLOSE,37,3,84.0,0.04,9,0.0405,0.1487,0.4448,0.81,0.03,201.34,2403,2568,2527
2025-11-27,MUS01,13_1021_BROWN_37,OPEN,37,5,31.11,0.16,3,0.0297,0.1884,0.5989,0.84,0.13,200.95,2280,2468,2528
2025-11-27,PUS01,25_1105_MAROON_37,PREMIUM OPEN,37,5,46.67,0.11,8,0.0653,0.2203,0.5653,1.24,0.13,198.64,2182,2472,2529
2025-11-27,KOS01,13_1021_BROWN_44,OPEN,44,6,22.4,0.27,0,0.0084,0.1395,0.5895,0.5,0.13,198.61,2421,2473,2530
2025-11-27,KOS01,25_1105_MAROON_44,PREMIUM OPEN,44,7,23.06,0.3,0,0.007,0.1252,0.5632,0.44,0.13,198.37,2451,2475,2531
2025-11-27,INS01,23_1091_BLUE-NAVY_44,OPEN,44,3,84.0,0.04,43,0.2491,0.4416,0.6942,3.57,0.13,190.19,1350,2483,2532
2025-11-27,INS01,17_1049_MAROON_44,CLOSE,44,2,28.0,0.07,2,0.0348,0.2332,0.6767,1.03,0.07,183.17,2156,2539,2533
2025-11-27,INS01,17_1049_MAROON_40,CLOSE,40,14,39.2,0.36,1,0.003,0.0597,0.3773,0.2,0.07,178.14,2569,2542,2534
2025-11-27,CHS01,23_1091_BLACK_38,OPEN,38,15,28.97,0.52,0,0.0028,0.0712,0.4371,0.23,0.12,177.85,2553,2491,2535
2025-11-27,MUS01,14_1028_WHITE_38,OPEN,38,23,30.67,0.75,0,0.0016,0.05,0.3682,0.16,0.12,173.24,2576,2495,2536
2025-11-27,MAS01,17_1049_MAROON_42,CLOSE,42,9,42.0,0.21,2,0.0072,0.087,0.4314,0.32,0.07,172.7,2529,2544,2537
2025-11-27,COS01,16_1042_ANTIC-GOLD_38,OPEN,38,16,28.9,0.55,0,0.0024,0.0649,0.4182,0.21,0.11,171.23,2561,2496,2538
2025-11-27,HYS01,22_1084_NAVY_44,CLOSE,44,5,40.0,0.12,3,0.017,0.1317,0.5064,0.55,0.07,171.21,2436,2545,2539
2025-11-27,MUS01,16_1042_BLUE-NAVY_42,OPEN,42,17,28.85,0.59,0,0.0022,0.0612,0.4067,0.19,0.11,170.71,2564,2497,2540
2025-11-27,MAS01,14_1028_NAVY_38,OPEN,38,8,37.33,0.21,3,0.0154,0.1235,0.4907,0.51,0.11,162.94,2456,2503,2541
2025-11-27,BES01,23_1091_BLUE-NAVY_37,OPEN,37,5,25.45,0.2,0,0.0095,0.1496,0.6066,0.54,0.11,158.01,2402,2505,2542
2025-11-27,SUS01,28_1126_ROSE-GOLD_42,GIRLS_OPEN,42,21,32.67,0.64,0,0.0017,0.0525,0.3773,0.16,0.11,156.91,2575,2506,2543
2025-11-27,KOS01,16_1042_TAN_37,OPEN,37,5,28.0,0.18,1,0.0135,0.1528,0.587,0.59,0.1,156.14,2392,2508,2544
2025-11-27,INS01,25_1105_BROWN_44,PREMIUM OPEN,44,4,28.0,0.14,2,0.0216,0.1745,0.5988,0.73,0.1,154.62,2330,2511,2545
2025-11-27,BES01,16_1042_ANTIC-GOLD_44,OPEN,44,7,32.67,0.21,1,0.0097,0.1247,0.5369,0.46,0.1,147.87,2452,2516,2546
2025-11-27,SUS01,28_1126_ROSE-GOLD_43,GIRLS_OPEN,43,5,46.67,0.11,6,0.0409,0.1784,0.5325,0.9,0.1,143.99,2312,2520,2547
2025-11-27,HYS01,17_1049_BLACK_44,CLOSE,44,5,31.11,0.16,0,0.0052,0.1052,0.5225,0.36,0.06,143.73,2494,2554,2548
2025-11-27,SUS01,16_1042_BLUE-NAVY_43,OPEN,43,7,35.64,0.2,3,0.0141,0.1163,0.4763,0.48,0.09,139.29,2474,2523,2549
2025-11-27,MAS01,13_1021_BROWN_37,OPEN,37,2,37.33,0.05,6,0.09,0.3023,0.6868,1.71,0.09,136.75,1926,2526,2550
2025-11-27,MAS01,16_1042_ANTIC-GOLD_42,OPEN,42,9,36.0,0.25,2,0.0085,0.0964,0.4539,0.36,0.09,135.52,2514,2528,2551
2025-11-27,PUS01,14_1028_NAVY_37,OPEN,37,11,29.33,0.38,0,0.0028,0.0724,0.4406,0.23,0.09,131.23,2551,2531,2552
2025-11-27,SUS01,23_1091_BROWN_43,OPEN,43,6,42.0,0.14,4,0.0214,0.1367,0.4965,0.6,0.09,128.48,2425,2532,2553
2025-11-27,CHS01,22_1084_NAVY_39,CLOSE,39,32,43.71,0.73,0,0.0005,0.0241,0.2523,0.07,0.05,126.59,2579,2557,2554
2025-11-27,MAS01,15_1035_GREY_42,PREMIUM OPEN,42,2,112.0,0.02,22,0.144,0.3029,0.5756,2.2,0.04,117.54,1920,2564,2555
2025-11-27,MUS01,24_1098_MAROON_43,OPEN,43,5,46.67,0.11,1,0.0045,0.0766,0.4272,0.27,0.03,113.43,2546,2569,2556
2025-11-27,BHS01,23_1091_BROWN_43,OPEN,43,10,37.33,0.27,1,0.0047,0.0793,0.4343,0.28,0.07,110.0,2539,2538,2557
2025-11-27,MAS01,28_1126_BLUE-NAVY_43,GIRLS_OPEN,43,3,56.0,0.05,8,0.0687,0.2283,0.5758,1.3,0.07,103.65,2169,2543,2558
2025-11-27,SUS01,16_1042_TAN_43,OPEN,43,5,40.0,0.12,3,0.0165,0.1293,0.5017,0.54,0.07,100.21,2442,2546,2559
2025-11-27,INS01,25_1105_BLACK_38,PREMIUM OPEN,38,6,30.55,0.2,0,0.0044,0.0947,0.4985,0.32,0.06,93.18,2519,2548,2560
2025-11-27,COS01,28_1126_ROSE-GOLD_44,GIRLS_OPEN,44,3,28.0,0.11,0,0.0105,0.1589,0.6215,0.58,0.06,92.48,2371,2549,2561
2025-11-27,SUS01,25_1105_MAROON_44,PREMIUM OPEN,44,3,33.6,0.09,2,0.0196,0.1646,0.5835,0.68,0.06,90.13,2353,2550,2562
2025-11-27,MAS01,14_1028_NAVY_37,OPEN,37,4,28.0,0.14,0,0.0066,0.1211,0.5553,0.42,0.06,89.85,2464,2552,2563
2025-11-27,BHS01,32_1154_MAROON_37,CLOSE,37,2,112.0,0.02,7,0.0307,0.1361,0.4477,0.68,0.01,85.1,2427,2578,2564
2025-11-27,BES01,22_1084_NAVY_37,CLOSE,37,5,46.67,0.11,1,0.0056,0.0886,0.4582,0.31,0.03,83.43,2526,2567,2565
2025-11-27,INS01,14_1028_ROSE-GOLD_37,OPEN,37,7,32.67,0.21,0,0.0031,0.0771,0.4538,0.25,0.05,80.51,2544,2555,2566
2025-11-27,PUS01,24_1098_WHITE_44,OPEN,44,5,46.67,0.11,0,0.0018,0.0553,0.3872,0.17,0.02,74.24,2574,2574,2567
2025-11-27,CHS01,13_1021_WHITE_44,OPEN,44,6,33.6,0.18,0,0.0035,0.0828,0.4688,0.27,0.05,72.66,2535,2560,2568
2025-11-27,MAS01,13_1021_WHITE_37,OPEN,37,2,37.33,0.05,3,0.0322,0.1983,0.6128,0.89,0.05,71.24,2241,2561,2569
2025-11-27,BHS01,16_1042_TAN_44,OPEN,44,5,46.67,0.11,2,0.0109,0.1136,0.4918,0.44,0.05,70.19,2481,2562,2570
2025-11-27,INS01,10_1000_BROWN_44,PREMIUM CLOSE,44,4,44.8,0.09,0,0.0021,0.06,0.4027,0.19,0.02,67.71,2567,2575,2571
2025-11-27,KOS01,24_1098_MAROON_44,OPEN,44,2,112.0,0.02,9,0.0451,0.1611,0.4656,0.89,0.02,63.08,2364,2576,2572
2025-11-27,INS01,22_1084_NAVY_37,CLOSE,37,4,44.8,0.09,1,0.0044,0.076,0.4255,0.26,0.02,58.44,2547,2571,2573
2025-11-27,PUS01,25_1105_MAROON_44,PREMIUM OPEN,44,5,40.0,0.12,1,0.0055,0.0875,0.4554,0.31,0.04,57.39,2527,2565,2574
2025-11-27,SUS01,33_1161_BLUE-NAVY_43,OPEN,43,4,56.0,0.07,1,0.0032,0.0614,0.3826,0.21,0.01,44.13,2563,2577,2575
2025-11-27,INS01,28_1126_BLUE-NAVY_37,GIRLS_OPEN,37,5,40.0,0.12,0,0.0024,0.0659,0.4213,0.21,0.03,39.34,2560,2570,2576
2025-11-27,BHS01,23_1091_BLACK_43,OPEN,43,8,44.8,0.18,0,0.0011,0.04,0.3293,0.12,0.02,32.26,2578,2572,2577
2025-11-27,INS01,14_1028_NAVY_44,OPEN,44,4,56.0,0.07,2,0.0054,0.072,0.3919,0.26,0.02,27.79,2552,2573,2578
2025-11-27,COS01,15_1035_GREY_44,PREMIUM OPEN,44,2,112.0,0.02,5,0.0112,0.0783,0.3542,0.33,0.01,17.77,2541,2579,2579
2025-11-27,MAS01,33_1161_BLUE-NAVY_44,OPEN,44,4,112.0,0.04,1,0.0004,0.015,0.1775,0.04,0.0,4.7,2581,2580,2580
2025-11-27,MAS01,15_1035_GREY_37,PREMIUM OPEN,37,2,112.0,0.02,1,0.0007,0.0218,0.2195,0.07,0.0,3.51,2580,2581,2581
