store_id,sku_uid,trailing_demand_rate,protection_days,service_level,dispersion_k,expected_demand_over_lead,recommended_reorder_point,textbook_reorder_point,safety_stock,recommended_cover_days
HYS01,12_1014_BROWN_39,6.339285714285714,7.98,0.95,1.582,50.56,131,63,80.44,20.66
PUS01,12_1014_ANTIC-GOLD_39,6.321428571428571,7.98,0.95,1.582,50.42,130,63,79.58,20.56
AHS01,12_1014_ROSE-GOLD_40,6.214285714285714,7.98,0.95,1.582,49.57,128,62,78.43,20.6
SUS01,12_1014_ANTIC-GOLD_40,6.017857142857143,7.98,0.95,1.582,48.0,124,60,76.0,20.61
BES01,12_1014_ROSE-GOLD_40,4.982142857142857,7.98,0.95,1.582,39.74,103,51,63.26,20.67
CHS01,27_1119_ANTIC-GOLD_39,4.75,7.98,0.95,1.582,37.89,98,49,60.11,20.63
PUS01,12_1014_ANTIC-GOLD_41,4.017857142857143,7.98,0.95,1.582,32.05,83,42,50.95,20.66
HYS01,12_1014_BROWN_40,4.017857142857143,7.98,0.95,1.582,32.05,83,42,50.95,20.66
BES01,12_1014_BROWN_40,3.9642857142857144,7.98,0.95,1.582,31.62,82,41,50.379999999999995,20.68
PUS01,12_1014_BROWN_41,3.9285714285714284,7.98,0.95,1.582,31.33,81,41,49.67,20.62
BES01,12_1014_BROWN_41,3.8392857142857144,7.98,0.95,1.582,30.62,80,40,49.379999999999995,20.84
CHS01,12_1014_ANTIC-GOLD_40,3.8214285714285716,7.98,0.95,1.582,30.48,79,40,48.519999999999996,20.67
AHS01,12_1014_ROSE-GOLD_41,3.732142857142857,7.98,0.95,1.582,29.77,77,39,47.230000000000004,20.63
AHS01,12_1014_ROSE-GOLD_42,3.6964285714285716,7.98,0.95,1.582,29.48,77,39,47.519999999999996,20.83
CHS01,12_1014_ROSE-GOLD_40,3.5714285714285716,7.98,0.95,1.582,28.49,74,38,45.510000000000005,20.72
MUS01,28_1126_TAN_40,3.5892857142857144,7.98,0.95,1.582,28.63,74,38,45.370000000000005,20.62
HYS01,12_1014_BROWN_38,3.5892857142857144,7.98,0.95,1.582,28.63,74,38,45.370000000000005,20.62
PUS01,12_1014_BROWN_40,3.4642857142857144,7.98,0.95,1.582,27.63,72,37,44.370000000000005,20.78
CHS01,12_1014_ROSE-GOLD_39,3.4107142857142856,7.98,0.95,1.582,27.2,71,36,43.8,20.82
PUS01,12_1014_BROWN_42,3.375,7.98,0.95,1.582,26.92,70,36,43.08,20.74
MUS01,29_1133_BROWN_41,3.375,7.98,0.95,1.582,26.92,70,36,43.08,20.74
HYS01,12_1014_BROWN_42,3.3214285714285716,7.98,0.95,1.582,26.49,69,35,42.510000000000005,20.77
CHS01,12_1014_ROSE-GOLD_42,3.267857142857143,7.98,0.95,1.582,26.06,68,35,41.94,20.81
CHS01,18_1056_GREY_42,3.267857142857143,7.98,0.95,1.582,26.06,68,35,41.94,20.81
COS01,12_1014_BROWN_39,3.2857142857142856,7.98,0.95,1.582,26.21,68,35,41.79,20.7
MUS01,28_1126_TAN_39,3.25,7.98,0.95,1.582,25.92,68,35,42.08,20.92
BES01,12_1014_ROSE-GOLD_41,3.267857142857143,7.98,0.95,1.582,26.06,68,35,41.94,20.81
INS01,12_1014_BROWN_40,3.25,7.98,0.95,1.582,25.92,68,35,42.08,20.92
SUS01,12_1014_ANTIC-GOLD_39,3.2142857142857144,7.98,0.95,1.582,25.64,67,34,41.36,20.84
CHS01,12_1014_ANTIC-GOLD_41,3.232142857142857,7.98,0.95,1.582,25.78,67,35,41.22,20.73
PUS01,12_1014_ANTIC-GOLD_40,3.232142857142857,7.98,0.95,1.582,25.78,67,35,41.22,20.73
INS01,12_1014_ROSE-GOLD_40,3.232142857142857,7.98,0.95,1.582,25.78,67,35,41.22,20.73
HYS01,28_1126_TAN_40,3.232142857142857,7.98,0.95,1.582,25.78,67,35,41.22,20.73
AHS01,12_1014_ROSE-GOLD_39,3.1607142857142856,7.98,0.95,1.582,25.21,66,34,40.79,20.88
HYS01,31_1147_ANTIC-GOLD_41,3.0535714285714284,7.98,0.95,1.582,24.36,64,33,39.64,20.96
PUS01,28_1126_ROSE-GOLD_41,3.017857142857143,7.98,0.95,1.582,24.07,63,33,38.93,20.88
CHS01,26_1112_WHITE_39,3.0,7.98,0.95,1.582,23.93,62,32,38.07,20.67
BES01,12_1014_BROWN_38,2.9464285714285716,7.98,0.95,1.582,23.5,61,32,37.5,20.7
HYS01,28_1126_TAN_41,2.9285714285714284,7.98,0.95,1.582,23.36,61,32,37.64,20.83
HYS01,26_1112_WHITE_39,2.9285714285714284,7.98,0.95,1.582,23.36,61,32,37.64,20.83
BES01,12_1014_BROWN_39,2.9285714285714284,7.98,0.95,1.582,23.36,61,32,37.64,20.83
CHS01,12_1014_ANTIC-GOLD_39,2.8392857142857144,7.98,0.95,1.582,22.65,59,31,36.35,20.78
AHS01,12_1014_ROSE-GOLD_43,2.767857142857143,7.98,0.95,1.582,22.08,58,30,35.92,20.95
SUS01,12_1014_ANTIC-GOLD_41,2.75,7.98,0.95,1.582,21.93,57,30,35.07,20.73
BHS01,12_1014_BROWN_40,2.6964285714285716,7.98,0.95,1.582,21.51,56,30,34.489999999999995,20.77
COS01,12_1014_ANTIC-GOLD_41,2.6964285714285716,7.98,0.95,1.582,21.51,56,30,34.489999999999995,20.77
COS01,12_1014_ROSE-GOLD_39,2.6785714285714284,7.98,0.95,1.582,21.36,56,29,34.64,20.91
BES01,12_1014_ROSE-GOLD_39,2.6607142857142856,7.98,0.95,1.582,21.22,56,29,34.78,21.05
BES01,12_1014_BROWN_42,2.607142857142857,7.98,0.95,1.582,20.79,54,29,33.21,20.71
CHS01,26_1112_WHITE_41,2.5892857142857144,7.98,0.95,1.582,20.65,54,29,33.35,20.86
BES01,12_1014_ROSE-GOLD_38,2.517857142857143,7.98,0.95,1.582,20.08,53,28,32.92,21.05
MUS01,29_1133_BROWN_42,2.517857142857143,7.98,0.95,1.582,20.08,53,28,32.92,21.05
HYS01,18_1056_BLACK_40,2.5,7.98,0.95,1.582,19.94,52,28,32.06,20.8
CHS01,12_1014_ROSE-GOLD_41,2.482142857142857,7.98,0.95,1.582,19.8,52,28,32.2,20.95
AHS01,27_1119_WHITE_40,2.482142857142857,7.98,0.95,1.582,19.8,52,28,32.2,20.95
BES01,29_1133_BROWN_40,2.4642857142857144,7.98,0.95,1.582,19.66,52,27,32.34,21.1
CHS01,14_1028_NAVY_40,2.5,7.98,0.95,1.582,19.94,52,28,32.06,20.8
BES01,12_1014_ROSE-GOLD_42,2.4642857142857144,7.98,0.95,1.582,19.66,52,27,32.34,21.1
BHS01,12_1014_BROWN_41,2.4642857142857144,7.98,0.95,1.582,19.66,52,27,32.34,21.1
AHS01,18_1056_ANTIC-GOLD_41,2.4464285714285716,7.98,0.95,1.582,19.51,51,27,31.49,20.85
HYS01,18_1056_ANTIC-GOLD_41,2.375,7.98,0.95,1.582,18.94,50,27,31.06,21.05
MUS01,14_1028_WHITE_40,2.392857142857143,7.98,0.95,1.582,19.09,50,27,30.91,20.9
MUS01,16_1042_BLUE-NAVY_40,2.392857142857143,7.98,0.95,1.582,19.09,50,27,30.91,20.9
BES01,27_1119_ANTIC-GOLD_39,2.357142857142857,7.98,0.95,1.582,18.8,49,26,30.2,20.79
CHS01,25_1105_BROWN_40,2.357142857142857,7.98,0.95,1.582,18.8,49,26,30.2,20.79
PUS01,12_1014_BROWN_39,2.3392857142857144,7.98,0.95,1.582,18.66,49,26,30.34,20.95
PUS01,12_1014_BROWN_38,2.2857142857142856,7.98,0.95,1.582,18.23,48,26,29.77,21.0
MUS01,29_1133_BROWN_40,2.267857142857143,7.98,0.95,1.582,18.09,48,26,29.91,21.17
AHS01,13_1021_BROWN_41,2.3035714285714284,7.98,0.95,1.582,18.37,48,26,29.63,20.84
CHS01,18_1056_GREY_38,2.3035714285714284,7.98,0.95,1.582,18.37,48,26,29.63,20.84
PUS01,27_1119_WHITE_40,2.25,7.98,0.95,1.582,17.95,47,25,29.05,20.89
CHS01,23_1091_BROWN_40,2.1785714285714284,7.98,0.95,1.582,17.38,46,25,28.62,21.11
BES01,18_1056_BLACK_41,2.1785714285714284,7.98,0.95,1.582,17.38,46,25,28.62,21.11
HYS01,26_1112_WHITE_40,2.1785714285714284,7.98,0.95,1.582,17.38,46,25,28.62,21.11
SUS01,12_1014_ROSE-GOLD_41,2.2142857142857144,7.98,0.95,1.582,17.66,46,25,28.34,20.77
HYS01,18_1056_ANTIC-GOLD_40,2.1607142857142856,7.98,0.95,1.582,17.23,45,25,27.77,20.83
MUS01,27_1119_WHITE_41,2.125,7.98,0.95,1.582,16.95,45,24,28.05,21.18
KOS01,12_1014_ROSE-GOLD_39,2.125,7.98,0.95,1.582,16.95,45,24,28.05,21.18
HYS01,12_1014_BROWN_43,2.1607142857142856,7.98,0.95,1.582,17.23,45,25,27.77,20.83
PUS01,12_1014_ANTIC-GOLD_38,2.142857142857143,7.98,0.95,1.582,17.09,45,24,27.91,21.0
MUS01,18_1056_BLACK_39,2.125,7.98,0.95,1.582,16.95,45,24,28.05,21.18
AHS01,17_1049_MAROON_41,2.142857142857143,7.98,0.95,1.582,17.09,45,24,27.91,21.0
BES01,14_1028_ROSE-GOLD_41,2.1607142857142856,7.98,0.95,1.582,17.23,45,25,27.77,20.83
MUS01,22_1084_NAVY_40,2.107142857142857,7.98,0.95,1.582,16.81,44,24,27.19,20.88
SUS01,12_1014_ROSE-GOLD_42,2.107142857142857,7.98,0.95,1.582,16.81,44,24,27.19,20.88
INS01,12_1014_ROSE-GOLD_41,2.107142857142857,7.98,0.95,1.582,16.81,44,24,27.19,20.88
HYS01,13_1021_BROWN_39,2.107142857142857,7.98,0.95,1.582,16.81,44,24,27.19,20.88
CHS01,28_1126_TAN_42,2.107142857142857,7.98,0.95,1.582,16.81,44,24,27.19,20.88
PUS01,25_1105_MAROON_40,2.0892857142857144,7.98,0.95,1.582,16.66,44,24,27.34,21.06
PUS01,25_1105_BLACK_39,2.0535714285714284,7.98,0.95,1.582,16.38,43,24,26.62,20.94
AHS01,19_1063_MAROON_41,2.0535714285714284,7.98,0.95,1.582,16.38,43,24,26.62,20.94
KOS01,12_1014_ROSE-GOLD_41,2.0535714285714284,7.98,0.95,1.582,16.38,43,24,26.62,20.94
HYS01,26_1112_WHITE_42,2.0357142857142856,7.98,0.95,1.582,16.24,43,23,26.76,21.12
SUS01,12_1014_ROSE-GOLD_39,2.0714285714285716,7.98,0.95,1.582,16.52,43,24,26.48,20.76
COS01,12_1014_ROSE-GOLD_41,2.017857142857143,7.98,0.95,1.582,16.09,42,23,25.91,20.81
CHS01,28_1126_BLUE-NAVY_41,1.9821428571428572,7.98,0.95,1.582,15.81,42,23,26.189999999999998,21.19
CHS01,16_1042_TAN_39,1.9821428571428572,7.98,0.95,1.582,15.81,42,23,26.189999999999998,21.19
BES01,26_1112_WHITE_41,1.9821428571428572,7.98,0.95,1.582,15.81,42,23,26.189999999999998,21.19
BES01,26_1112_WHITE_39,2.017857142857143,7.98,0.95,1.582,16.09,42,23,25.91,20.81
AHS01,31_1147_ANTIC-GOLD_40,2.0,7.98,0.95,1.582,15.95,42,23,26.05,21.0
INS01,29_1133_BROWN_40,2.0,7.98,0.95,1.582,15.95,42,23,26.05,21.0
SUS01,12_1014_ANTIC-GOLD_38,2.017857142857143,7.98,0.95,1.582,16.09,42,23,25.91,20.81
CHS01,14_1028_ROSE-GOLD_40,2.0,7.98,0.95,1.582,15.95,42,23,26.05,21.0
HYS01,12_1014_BROWN_41,2.0,7.98,0.95,1.582,15.95,42,23,26.05,21.0
PUS01,14_1028_ROSE-GOLD_40,2.017857142857143,7.98,0.95,1.582,16.09,42,23,25.91,20.81
HYS01,25_1105_BLACK_40,2.017857142857143,7.98,0.95,1.582,16.09,42,23,25.91,20.81
PUS01,12_1014_ANTIC-GOLD_42,1.9821428571428572,7.98,0.95,1.582,15.81,42,23,26.189999999999998,21.19
PUS01,31_1147_ANTIC-GOLD_40,1.9642857142857142,7.98,0.95,1.582,15.67,41,23,25.33,20.87
PUS01,27_1119_WHITE_42,1.9464285714285714,7.98,0.95,1.582,15.52,41,23,25.48,21.06
PUS01,17_1049_BROWN_41,1.9464285714285714,7.98,0.95,1.582,15.52,41,23,25.48,21.06
INS01,12_1014_BROWN_41,1.9285714285714286,7.98,0.95,1.582,15.38,41,22,25.619999999999997,21.26
COS01,17_1049_BROWN_40,1.9285714285714286,7.98,0.95,1.582,15.38,41,22,25.619999999999997,21.26
HYS01,31_1147_ANTIC-GOLD_42,1.9285714285714286,7.98,0.95,1.582,15.38,41,22,25.619999999999997,21.26
BES01,18_1056_BLACK_39,1.9285714285714286,7.98,0.95,1.582,15.38,41,22,25.619999999999997,21.26
CHS01,18_1056_GREY_39,1.9285714285714286,7.98,0.95,1.582,15.38,41,22,25.619999999999997,21.26
KOS01,25_1105_MAROON_42,1.8928571428571428,7.98,0.95,1.582,15.1,40,22,24.9,21.13
MUS01,22_1084_NAVY_39,1.9107142857142858,7.98,0.95,1.582,15.24,40,22,24.759999999999998,20.93
MUS01,16_1042_TAN_40,1.9107142857142858,7.98,0.95,1.582,15.24,40,22,24.759999999999998,20.93
CHS01,18_1056_GREY_41,1.8928571428571428,7.98,0.95,1.582,15.1,40,22,24.9,21.13
BHS01,12_1014_BROWN_42,1.9107142857142858,7.98,0.95,1.582,15.24,40,22,24.759999999999998,20.93
BES01,27_1119_ANTIC-GOLD_40,1.8571428571428572,7.98,0.95,1.582,14.81,39,22,24.189999999999998,21.0
PUS01,31_1147_MAROON_40,1.875,7.98,0.95,1.582,14.96,39,22,24.04,20.8
COS01,12_1014_ANTIC-GOLD_40,1.8392857142857142,7.98,0.95,1.582,14.67,39,21,24.33,21.2
KOS01,27_1119_ANTIC-GOLD_41,1.875,7.98,0.95,1.582,14.96,39,22,24.04,20.8
PUS01,22_1084_NAVY_41,1.8571428571428572,7.98,0.95,1.582,14.81,39,22,24.189999999999998,21.0
CHS01,16_1042_TAN_40,1.875,7.98,0.95,1.582,14.96,39,22,24.04,20.8
CHS01,18_1056_BLACK_41,1.8392857142857142,7.98,0.95,1.582,14.67,39,21,24.33,21.2
MUS01,27_1119_WHITE_39,1.8392857142857142,7.98,0.95,1.582,14.67,39,21,24.33,21.2
AHS01,28_1126_TAN_40,1.8571428571428572,7.98,0.95,1.582,14.81,39,22,24.189999999999998,21.0
BHS01,33_1161_ROSE-GOLD_41,1.8392857142857142,7.98,0.95,1.582,14.67,39,21,24.33,21.2
BES01,27_1119_ANTIC-GOLD_42,1.8571428571428572,7.98,0.95,1.582,14.81,39,22,24.189999999999998,21.0
HYS01,11_1007_TAN_40,1.7857142857142858,7.98,0.95,1.582,14.24,38,21,23.759999999999998,21.28
MUS01,18_1056_ANTIC-GOLD_40,1.8214285714285714,7.98,0.95,1.582,14.53,38,21,23.47,20.86
BES01,28_1126_TAN_40,1.8035714285714286,7.98,0.95,1.582,14.39,38,21,23.61,21.07
AHS01,14_1028_ROSE-GOLD_41,1.8035714285714286,7.98,0.95,1.582,14.39,38,21,23.61,21.07
AHS01,18_1056_GREY_40,1.8035714285714286,7.98,0.95,1.582,14.39,38,21,23.61,21.07
CHS01,28_1126_BLUE-NAVY_38,1.8035714285714286,7.98,0.95,1.582,14.39,38,21,23.61,21.07
PUS01,14_1028_NAVY_41,1.8035714285714286,7.98,0.95,1.582,14.39,38,21,23.61,21.07
MUS01,16_1042_TAN_41,1.7857142857142858,7.98,0.95,1.582,14.24,38,21,23.759999999999998,21.28
BES01,26_1112_WHITE_38,1.8035714285714286,7.98,0.95,1.582,14.39,38,21,23.61,21.07
MUS01,14_1028_NAVY_42,1.7857142857142858,7.98,0.95,1.582,14.24,38,21,23.759999999999998,21.28
PUS01,10_1000_ROSE-GOLD_40,1.8035714285714286,7.98,0.95,1.582,14.39,38,21,23.61,21.07
CHS01,12_1014_ROSE-GOLD_43,1.8035714285714286,7.98,0.95,1.582,14.39,38,21,23.61,21.07
HYS01,19_1063_MAROON_41,1.7857142857142858,7.98,0.95,1.582,14.24,38,21,23.759999999999998,21.28
CHS01,12_1014_ROSE-GOLD_37,1.7857142857142858,7.98,0.95,1.582,14.24,38,21,23.759999999999998,21.28
BHS01,12_1014_ROSE-GOLD_41,1.7857142857142858,7.98,0.95,1.582,14.24,38,21,23.759999999999998,21.28
BHS01,12_1014_BROWN_38,1.8214285714285714,7.98,0.95,1.582,14.53,38,21,23.47,20.86
HYS01,19_1063_MAROON_39,1.7678571428571428,7.98,0.95,1.582,14.1,37,21,22.9,20.93
PUS01,28_1126_ROSE-GOLD_40,1.7678571428571428,7.98,0.95,1.582,14.1,37,21,22.9,20.93
COS01,12_1014_ANTIC-GOLD_39,1.7678571428571428,7.98,0.95,1.582,14.1,37,21,22.9,20.93
BES01,18_1056_ANTIC-GOLD_40,1.75,7.98,0.95,1.582,13.96,37,21,23.04,21.14
MUS01,18_1056_BLACK_41,1.75,7.98,0.95,1.582,13.96,37,21,23.04,21.14
INS01,28_1126_BLUE-NAVY_40,1.7678571428571428,7.98,0.95,1.582,14.1,37,21,22.9,20.93
HYS01,26_1112_WHITE_41,1.75,7.98,0.95,1.582,13.96,37,21,23.04,21.14
BES01,22_1084_NAVY_41,1.7321428571428572,7.98,0.95,1.582,13.82,37,20,23.18,21.36
AHS01,18_1056_GREY_42,1.7678571428571428,7.98,0.95,1.582,14.1,37,21,22.9,20.93
CHS01,14_1028_ROSE-GOLD_42,1.7321428571428572,7.98,0.95,1.582,13.82,37,20,23.18,21.36
MUS01,27_1119_WHITE_40,1.7321428571428572,7.98,0.95,1.582,13.82,37,20,23.18,21.36
KOS01,12_1014_ROSE-GOLD_40,1.7142857142857142,7.98,0.95,1.582,13.67,36,20,22.33,21.0
CHS01,28_1126_BLUE-NAVY_39,1.6964285714285714,7.98,0.95,1.582,13.53,36,20,22.47,21.22
BHS01,12_1014_ANTIC-GOLD_41,1.6964285714285714,7.98,0.95,1.582,13.53,36,20,22.47,21.22
BES01,29_1133_BROWN_42,1.7142857142857142,7.98,0.95,1.582,13.67,36,20,22.33,21.0
KOS01,29_1133_BROWN_40,1.7142857142857142,7.98,0.95,1.582,13.67,36,20,22.33,21.0
HYS01,13_1021_WHITE_40,1.6964285714285714,7.98,0.95,1.582,13.53,36,20,22.47,21.22
BHS01,12_1014_ANTIC-GOLD_40,1.6964285714285714,7.98,0.95,1.582,13.53,36,20,22.47,21.22
HYS01,18_1056_ANTIC-GOLD_39,1.7142857142857142,7.98,0.95,1.582,13.67,36,20,22.33,21.0
AHS01,18_1056_ANTIC-GOLD_40,1.6964285714285714,7.98,0.95,1.582,13.53,36,20,22.47,21.22
MUS01,17_1049_MAROON_42,1.7142857142857142,7.98,0.95,1.582,13.67,36,20,22.33,21.0
BES01,28_1126_ROSE-GOLD_41,1.6607142857142858,7.98,0.95,1.582,13.25,35,20,21.75,21.08
MUS01,18_1056_ANTIC-GOLD_39,1.6428571428571428,7.98,0.95,1.582,13.1,35,20,21.9,21.3
BHS01,17_1049_MAROON_41,1.6607142857142858,7.98,0.95,1.582,13.25,35,20,21.75,21.08
CHS01,28_1126_ROSE-GOLD_41,1.6428571428571428,7.98,0.95,1.582,13.1,35,20,21.9,21.3
BES01,21_1077_BLUE-NAVY_41,1.6607142857142858,7.98,0.95,1.582,13.25,35,20,21.75,21.08
BHS01,12_1014_ROSE-GOLD_40,1.6785714285714286,7.98,0.95,1.582,13.39,35,20,21.61,20.85
CHS01,27_1119_WHITE_41,1.6785714285714286,7.98,0.95,1.582,13.39,35,20,21.61,20.85
KOS01,12_1014_ROSE-GOLD_42,1.6607142857142858,7.98,0.95,1.582,13.25,35,20,21.75,21.08
MAS01,12_1014_BROWN_41,1.6428571428571428,7.98,0.95,1.582,13.1,35,20,21.9,21.3
CHS01,14_1028_NAVY_39,1.6785714285714286,7.98,0.95,1.582,13.39,35,20,21.61,20.85
HYS01,17_1049_MAROON_41,1.6428571428571428,7.98,0.95,1.582,13.1,35,20,21.9,21.3
BHS01,28_1126_BLUE-NAVY_41,1.6785714285714286,7.98,0.95,1.582,13.39,35,20,21.61,20.85
BHS01,27_1119_ANTIC-GOLD_42,1.6607142857142858,7.98,0.95,1.582,13.25,35,20,21.75,21.08
BES01,27_1119_ANTIC-GOLD_41,1.6428571428571428,7.98,0.95,1.582,13.1,35,20,21.9,21.3
PUS01,14_1028_ROSE-GOLD_42,1.6785714285714286,7.98,0.95,1.582,13.39,35,20,21.61,20.85
CHS01,16_1042_ANTIC-GOLD_39,1.6785714285714286,7.98,0.95,1.582,13.39,35,20,21.61,20.85
CHS01,33_1161_ROSE-GOLD_40,1.5892857142857142,7.98,0.95,1.582,12.68,34,19,21.32,21.39
BHS01,12_1014_ROSE-GOLD_39,1.5892857142857142,7.98,0.95,1.582,12.68,34,19,21.32,21.39
BES01,28_1126_TAN_41,1.5892857142857142,7.98,0.95,1.582,12.68,34,19,21.32,21.39
SUS01,14_1028_ROSE-GOLD_41,1.5892857142857142,7.98,0.95,1.582,12.68,34,19,21.32,21.39
PUS01,17_1049_BROWN_39,1.5892857142857142,7.98,0.95,1.582,12.68,34,19,21.32,21.39
CHS01,27_1119_ANTIC-GOLD_40,1.5892857142857142,7.98,0.95,1.582,12.68,34,19,21.32,21.39
INS01,29_1133_BROWN_39,1.6071428571428572,7.98,0.95,1.582,12.82,34,19,21.18,21.16
AHS01,28_1126_TAN_39,1.625,7.98,0.95,1.582,12.96,34,19,21.04,20.92
AHS01,27_1119_ANTIC-GOLD_41,1.625,7.98,0.95,1.582,12.96,34,19,21.04,20.92
CHS01,22_1084_NAVY_41,1.6071428571428572,7.98,0.95,1.582,12.82,34,19,21.18,21.16
HYS01,13_1021_BROWN_40,1.6071428571428572,7.98,0.95,1.582,12.82,34,19,21.18,21.16
BES01,14_1028_ROSE-GOLD_40,1.5892857142857142,7.98,0.95,1.582,12.68,34,19,21.32,21.39
HYS01,18_1056_BLACK_39,1.6071428571428572,7.98,0.95,1.582,12.82,34,19,21.18,21.16
AHS01,18_1056_ANTIC-GOLD_39,1.625,7.98,0.95,1.582,12.96,34,19,21.04,20.92
AHS01,17_1049_MAROON_40,1.6071428571428572,7.98,0.95,1.582,12.82,34,19,21.18,21.16
CHS01,27_1119_WHITE_40,1.625,7.98,0.95,1.582,12.96,34,19,21.04,20.92
MUS01,33_1161_ROSE-GOLD_40,1.625,7.98,0.95,1.582,12.96,34,19,21.04,20.92
AHS01,22_1084_NAVY_40,1.6071428571428572,7.98,0.95,1.582,12.82,34,19,21.18,21.16
AHS01,17_1049_MAROON_42,1.6071428571428572,7.98,0.95,1.582,12.82,34,19,21.18,21.16
HYS01,30_1140_WHITE_40,1.625,7.98,0.95,1.582,12.96,34,19,21.04,20.92
BHS01,28_1126_BLUE-NAVY_40,1.6071428571428572,7.98,0.95,1.582,12.82,34,19,21.18,21.16
CHS01,12_1014_ANTIC-GOLD_38,1.625,7.98,0.95,1.582,12.96,34,19,21.04,20.92
HYS01,17_1049_BLACK_41,1.5892857142857142,7.98,0.95,1.582,12.68,34,19,21.32,21.39
CHS01,17_1049_MAROON_39,1.625,7.98,0.95,1.582,12.96,34,19,21.04,20.92
SUS01,18_1056_ANTIC-GOLD_40,1.625,7.98,0.95,1.582,12.96,34,19,21.04,20.92
HYS01,14_1028_WHITE_41,1.625,7.98,0.95,1.582,12.96,34,19,21.04,20.92
CHS01,28_1126_TAN_39,1.5535714285714286,7.98,0.95,1.582,12.39,33,19,20.61,21.24
BES01,18_1056_ANTIC-GOLD_42,1.5714285714285714,7.98,0.95,1.582,12.53,33,19,20.47,21.0
BES01,17_1049_BROWN_42,1.5357142857142858,7.98,0.95,1.582,12.25,33,19,20.75,21.49
CHS01,28_1126_ROSE-GOLD_39,1.5714285714285714,7.98,0.95,1.582,12.53,33,19,20.47,21.0
HYS01,22_1084_NAVY_41,1.5714285714285714,7.98,0.95,1.582,12.53,33,19,20.47,21.0
MUS01,21_1077_MAROON_41,1.5714285714285714,7.98,0.95,1.582,12.53,33,19,20.47,21.0
BES01,29_1133_BROWN_39,1.5535714285714286,7.98,0.95,1.582,12.39,33,19,20.61,21.24
HYS01,10_1000_BROWN_42,1.5357142857142858,7.98,0.95,1.582,12.25,33,19,20.75,21.49
BES01,28_1126_ROSE-GOLD_39,1.5535714285714286,7.98,0.95,1.582,12.39,33,19,20.61,21.24
CHS01,16_1042_TAN_38,1.5357142857142858,7.98,0.95,1.582,12.25,33,19,20.75,21.49
PUS01,18_1056_GREY_39,1.5714285714285714,7.98,0.95,1.582,12.53,33,19,20.47,21.0
BHS01,12_1014_BROWN_39,1.5357142857142858,7.98,0.95,1.582,12.25,33,19,20.75,21.49
BHS01,12_1014_BROWN_43,1.5357142857142858,7.98,0.95,1.582,12.25,33,19,20.75,21.49
SUS01,17_1049_BROWN_40,1.5535714285714286,7.98,0.95,1.582,12.39,33,19,20.61,21.24
CHS01,17_1049_MAROON_41,1.5714285714285714,7.98,0.95,1.582,12.53,33,19,20.47,21.0
KOS01,14_1028_ROSE-GOLD_39,1.5714285714285714,7.98,0.95,1.582,12.53,33,19,20.47,21.0
PUS01,28_1126_TAN_38,1.5357142857142858,7.98,0.95,1.582,12.25,33,19,20.75,21.49
AHS01,29_1133_BROWN_38,1.5357142857142858,7.98,0.95,1.582,12.25,33,19,20.75,21.49
MUS01,17_1049_BLACK_40,1.5535714285714286,7.98,0.95,1.582,12.39,33,19,20.61,21.24
SUS01,12_1014_ANTIC-GOLD_42,1.5714285714285714,7.98,0.95,1.582,12.53,33,19,20.47,21.0
COS01,13_1021_WHITE_39,1.5357142857142858,7.98,0.95,1.582,12.25,33,19,20.75,21.49
MAS01,12_1014_BROWN_42,1.5357142857142858,7.98,0.95,1.582,12.25,33,19,20.75,21.49
SUS01,12_1014_ROSE-GOLD_40,1.5357142857142858,7.98,0.95,1.582,12.25,33,19,20.75,21.49
HYS01,18_1056_BLACK_41,1.5178571428571428,7.98,0.95,1.582,12.11,32,18,19.89,21.08
HYS01,13_1021_BROWN_41,1.5178571428571428,7.98,0.95,1.582,12.11,32,18,19.89,21.08
AHS01,12_1014_ROSE-GOLD_38,1.5,7.98,0.95,1.582,11.96,32,18,20.04,21.33
HYS01,17_1049_BROWN_39,1.5,7.98,0.95,1.582,11.96,32,18,20.04,21.33
MUS01,28_1126_TAN_42,1.5178571428571428,7.98,0.95,1.582,12.11,32,18,19.89,21.08
HYS01,28_1126_TAN_39,1.5178571428571428,7.98,0.95,1.582,12.11,32,18,19.89,21.08
BES01,28_1126_ROSE-GOLD_40,1.5178571428571428,7.98,0.95,1.582,12.11,32,18,19.89,21.08
HYS01,33_1161_ROSE-GOLD_41,1.5178571428571428,7.98,0.95,1.582,12.11,32,18,19.89,21.08
PUS01,18_1056_ANTIC-GOLD_39,1.5,7.98,0.95,1.582,11.96,32,18,20.04,21.33
MAS01,12_1014_ROSE-GOLD_40,1.4821428571428572,7.98,0.95,1.582,11.82,31,18,19.18,20.92
MUS01,10_1000_WHITE_39,1.4642857142857142,7.98,0.95,1.582,11.68,31,18,19.32,21.17
AHS01,16_1042_ANTIC-GOLD_40,1.4821428571428572,7.98,0.95,1.582,11.82,31,18,19.18,20.92
SUS01,27_1119_WHITE_40,1.4821428571428572,7.98,0.95,1.582,11.82,31,18,19.18,20.92
HYS01,21_1077_BLUE-NAVY_41,1.4821428571428572,7.98,0.95,1.582,11.82,31,18,19.18,20.92
MUS01,18_1056_BLACK_40,1.4821428571428572,7.98,0.95,1.582,11.82,31,18,19.18,20.92
INS01,12_1014_BROWN_39,1.4464285714285714,7.98,0.95,1.582,11.54,31,18,19.46,21.43
KOS01,12_1014_ROSE-GOLD_38,1.4642857142857142,7.98,0.95,1.582,11.68,31,18,19.32,21.17
INS01,12_1014_BROWN_38,1.4642857142857142,7.98,0.95,1.582,11.68,31,18,19.32,21.17
CHS01,18_1056_ANTIC-GOLD_40,1.4642857142857142,7.98,0.95,1.582,11.68,31,18,19.32,21.17
AHS01,10_1000_ROSE-GOLD_39,1.4821428571428572,7.98,0.95,1.582,11.82,31,18,19.18,20.92
BES01,16_1042_ANTIC-GOLD_42,1.4464285714285714,7.98,0.95,1.582,11.54,31,18,19.46,21.43
MAS01,12_1014_ANTIC-GOLD_42,1.4464285714285714,7.98,0.95,1.582,11.54,31,18,19.46,21.43
BES01,17_1049_BROWN_40,1.4464285714285714,7.98,0.95,1.582,11.54,31,18,19.46,21.43
CHS01,28_1126_TAN_41,1.4642857142857142,7.98,0.95,1.582,11.68,31,18,19.32,21.17
KOS01,27_1119_ANTIC-GOLD_42,1.4464285714285714,7.98,0.95,1.582,11.54,31,18,19.46,21.43
COS01,10_1000_WHITE_40,1.4464285714285714,7.98,0.95,1.582,11.54,31,18,19.46,21.43
COS01,12_1014_ROSE-GOLD_40,1.4464285714285714,7.98,0.95,1.582,11.54,31,18,19.46,21.43
PUS01,31_1147_ANTIC-GOLD_39,1.4464285714285714,7.98,0.95,1.582,11.54,31,18,19.46,21.43
AHS01,29_1133_BROWN_40,1.4642857142857142,7.98,0.95,1.582,11.68,31,18,19.32,21.17
SUS01,16_1042_ANTIC-GOLD_40,1.4464285714285714,7.98,0.95,1.582,11.54,31,18,19.46,21.43
PUS01,18_1056_GREY_40,1.4464285714285714,7.98,0.95,1.582,11.54,31,18,19.46,21.43
PUS01,18_1056_GREY_41,1.4642857142857142,7.98,0.95,1.582,11.68,31,18,19.32,21.17
BHS01,27_1119_WHITE_41,1.4821428571428572,7.98,0.95,1.582,11.82,31,18,19.18,20.92
PUS01,23_1091_BROWN_42,1.4642857142857142,7.98,0.95,1.582,11.68,31,18,19.32,21.17
CHS01,12_1014_ROSE-GOLD_44,1.4821428571428572,7.98,0.95,1.582,11.82,31,18,19.18,20.92
BES01,33_1161_BLUE-NAVY_40,1.4642857142857142,7.98,0.95,1.582,11.68,31,18,19.32,21.17
CHS01,18_1056_ANTIC-GOLD_39,1.4821428571428572,7.98,0.95,1.582,11.82,31,18,19.18,20.92
BES01,23_1091_BROWN_41,1.4642857142857142,7.98,0.95,1.582,11.68,31,18,19.32,21.17
HYS01,17_1049_MAROON_40,1.3928571428571428,7.98,0.95,1.582,11.11,30,17,18.89,21.54
CHS01,26_1112_WHITE_40,1.3928571428571428,7.98,0.95,1.582,11.11,30,17,18.89,21.54
BES01,13_1021_BROWN_41,1.4107142857142858,7.98,0.95,1.582,11.25,30,17,18.75,21.27
INS01,12_1014_ROSE-GOLD_39,1.4107142857142858,7.98,0.95,1.582,11.25,30,17,18.75,21.27
BHS01,16_1042_TAN_40,1.3928571428571428,7.98,0.95,1.582,11.11,30,17,18.89,21.54
HYS01,18_1056_ANTIC-GOLD_38,1.4107142857142858,7.98,0.95,1.582,11.25,30,17,18.75,21.27
BES01,18_1056_BLACK_40,1.3928571428571428,7.98,0.95,1.582,11.11,30,17,18.89,21.54
BES01,21_1077_BLUE-NAVY_40,1.3928571428571428,7.98,0.95,1.582,11.11,30,17,18.89,21.54
MAS01,12_1014_ROSE-GOLD_39,1.4285714285714286,7.98,0.95,1.582,11.39,30,17,18.61,21.0
PUS01,14_1028_NAVY_39,1.4107142857142858,7.98,0.95,1.582,11.25,30,17,18.75,21.27
AHS01,27_1119_ANTIC-GOLD_39,1.4107142857142858,7.98,0.95,1.582,11.25,30,17,18.75,21.27
HYS01,12_1014_BROWN_37,1.4107142857142858,7.98,0.95,1.582,11.25,30,17,18.75,21.27
CHS01,22_1084_NAVY_40,1.4285714285714286,7.98,0.95,1.582,11.39,30,17,18.61,21.0
BHS01,29_1133_BROWN_40,1.4107142857142858,7.98,0.95,1.582,11.25,30,17,18.75,21.27
COS01,18_1056_GREY_40,1.3928571428571428,7.98,0.95,1.582,11.11,30,17,18.89,21.54
AHS01,33_1161_BLUE-NAVY_41,1.3928571428571428,7.98,0.95,1.582,11.11,30,17,18.89,21.54
HYS01,10_1000_BROWN_39,1.3928571428571428,7.98,0.95,1.582,11.11,30,17,18.89,21.54
CHS01,18_1056_BLACK_38,1.4285714285714286,7.98,0.95,1.582,11.39,30,17,18.61,21.0
MUS01,24_1098_WHITE_39,1.3928571428571428,7.98,0.95,1.582,11.11,30,17,18.89,21.54
SUS01,27_1119_WHITE_41,1.4285714285714286,7.98,0.95,1.582,11.39,30,17,18.61,21.0
MUS01,28_1126_TAN_41,1.4107142857142858,7.98,0.95,1.582,11.25,30,17,18.75,21.27
BES01,27_1119_ANTIC-GOLD_38,1.4107142857142858,7.98,0.95,1.582,11.25,30,17,18.75,21.27
CHS01,25_1105_MAROON_40,1.4107142857142858,7.98,0.95,1.582,11.25,30,17,18.75,21.27
PUS01,28_1126_TAN_40,1.3928571428571428,7.98,0.95,1.582,11.11,30,17,18.89,21.54
KOS01,27_1119_WHITE_39,1.4107142857142858,7.98,0.95,1.582,11.25,30,17,18.75,21.27
COS01,12_1014_ROSE-GOLD_42,1.4107142857142858,7.98,0.95,1.582,11.25,30,17,18.75,21.27
HYS01,26_1112_WHITE_38,1.4107142857142858,7.98,0.95,1.582,11.25,30,17,18.75,21.27
CHS01,22_1084_NAVY_38,1.3392857142857142,7.98,0.95,1.582,10.68,29,17,18.32,21.65
INS01,29_1133_BROWN_41,1.3392857142857142,7.98,0.95,1.582,10.68,29,17,18.32,21.65
PUS01,28_1126_TAN_41,1.3392857142857142,7.98,0.95,1.582,10.68,29,17,18.32,21.65
PUS01,14_1028_ROSE-GOLD_39,1.3392857142857142,7.98,0.95,1.582,10.68,29,17,18.32,21.65
MUS01,25_1105_MAROON_40,1.3392857142857142,7.98,0.95,1.582,10.68,29,17,18.32,21.65
AHS01,27_1119_ANTIC-GOLD_40,1.3571428571428572,7.98,0.95,1.582,10.82,29,17,18.18,21.37
HYS01,21_1077_MAROON_39,1.3392857142857142,7.98,0.95,1.582,10.68,29,17,18.32,21.65
AHS01,14_1028_WHITE_40,1.3571428571428572,7.98,0.95,1.582,10.82,29,17,18.18,21.37
AHS01,25_1105_BROWN_40,1.375,7.98,0.95,1.582,10.97,29,17,18.03,21.09
CHS01,14_1028_ROSE-GOLD_38,1.375,7.98,0.95,1.582,10.97,29,17,18.03,21.09
PUS01,16_1042_TAN_40,1.3571428571428572,7.98,0.95,1.582,10.82,29,17,18.18,21.37
MUS01,18_1056_ANTIC-GOLD_43,1.3392857142857142,7.98,0.95,1.582,10.68,29,17,18.32,21.65
CHS01,17_1049_MAROON_40,1.375,7.98,0.95,1.582,10.97,29,17,18.03,21.09
KOS01,16_1042_TAN_40,1.375,7.98,0.95,1.582,10.97,29,17,18.03,21.09
BES01,13_1021_BROWN_39,1.3392857142857142,7.98,0.95,1.582,10.68,29,17,18.32,21.65
CHS01,12_1014_ANTIC-GOLD_42,1.3392857142857142,7.98,0.95,1.582,10.68,29,17,18.32,21.65
MUS01,14_1028_WHITE_41,1.3571428571428572,7.98,0.95,1.582,10.82,29,17,18.18,21.37
MUS01,14_1028_WHITE_42,1.3392857142857142,7.98,0.95,1.582,10.68,29,17,18.32,21.65
HYS01,13_1021_WHITE_42,1.3571428571428572,7.98,0.95,1.582,10.82,29,17,18.18,21.37
HYS01,17_1049_BROWN_40,1.375,7.98,0.95,1.582,10.97,29,17,18.03,21.09
MUS01,14_1028_NAVY_39,1.3571428571428572,7.98,0.95,1.582,10.82,29,17,18.18,21.37
BES01,17_1049_BROWN_41,1.375,7.98,0.95,1.582,10.97,29,17,18.03,21.09
COS01,12_1014_ANTIC-GOLD_42,1.3392857142857142,7.98,0.95,1.582,10.68,29,17,18.32,21.65
COS01,12_1014_BROWN_38,1.3571428571428572,7.98,0.95,1.582,10.82,29,17,18.18,21.37
PUS01,25_1105_BROWN_40,1.3392857142857142,7.98,0.95,1.582,10.68,29,17,18.32,21.65
AHS01,17_1049_BLACK_42,1.3571428571428572,7.98,0.95,1.582,10.82,29,17,18.18,21.37
HYS01,31_1147_ANTIC-GOLD_40,1.375,7.98,0.95,1.582,10.97,29,17,18.03,21.09
BES01,16_1042_TAN_39,1.375,7.98,0.95,1.582,10.97,29,17,18.03,21.09
AHS01,17_1049_BLACK_41,1.3571428571428572,7.98,0.95,1.582,10.82,29,17,18.18,21.37
KOS01,27_1119_WHITE_41,1.3035714285714286,7.98,0.95,1.582,10.4,28,16,17.6,21.48
MAS01,12_1014_ANTIC-GOLD_40,1.3035714285714286,7.98,0.95,1.582,10.4,28,16,17.6,21.48
PUS01,17_1049_BLACK_38,1.3214285714285714,7.98,0.95,1.582,10.54,28,16,17.46,21.19
INS01,28_1126_BLUE-NAVY_39,1.3214285714285714,7.98,0.95,1.582,10.54,28,16,17.46,21.19
BES01,26_1112_WHITE_40,1.3214285714285714,7.98,0.95,1.582,10.54,28,16,17.46,21.19
BES01,28_1126_ROSE-GOLD_42,1.3035714285714286,7.98,0.95,1.582,10.4,28,16,17.6,21.48
PUS01,28_1126_ROSE-GOLD_42,1.3214285714285714,7.98,0.95,1.582,10.54,28,16,17.46,21.19
SUS01,26_1112_WHITE_41,1.3214285714285714,7.98,0.95,1.582,10.54,28,16,17.46,21.19
BHS01,12_1014_ANTIC-GOLD_42,1.3214285714285714,7.98,0.95,1.582,10.54,28,16,17.46,21.19
AHS01,22_1084_NAVY_41,1.3214285714285714,7.98,0.95,1.582,10.54,28,16,17.46,21.19
HYS01,31_1147_ANTIC-GOLD_39,1.3214285714285714,7.98,0.95,1.582,10.54,28,16,17.46,21.19
HYS01,17_1049_MAROON_39,1.3214285714285714,7.98,0.95,1.582,10.54,28,16,17.46,21.19
BHS01,27_1119_WHITE_39,1.3214285714285714,7.98,0.95,1.582,10.54,28,16,17.46,21.19
BES01,28_1126_TAN_39,1.3035714285714286,7.98,0.95,1.582,10.4,28,16,17.6,21.48
CHS01,18_1056_BLACK_40,1.3035714285714286,7.98,0.95,1.582,10.4,28,16,17.6,21.48
BHS01,18_1056_GREY_40,1.3035714285714286,7.98,0.95,1.582,10.4,28,16,17.6,21.48
AHS01,31_1147_WHITE_42,1.3035714285714286,7.98,0.95,1.582,10.4,28,16,17.6,21.48
MAS01,27_1119_WHITE_40,1.3214285714285714,7.98,0.95,1.582,10.54,28,16,17.46,21.19
PUS01,25_1105_MAROON_41,1.3214285714285714,7.98,0.95,1.582,10.54,28,16,17.46,21.19
PUS01,10_1000_BROWN_41,1.3214285714285714,7.98,0.95,1.582,10.54,28,16,17.46,21.19
KOS01,18_1056_GREY_40,1.3035714285714286,7.98,0.95,1.582,10.4,28,16,17.6,21.48
MUS01,16_1042_ANTIC-GOLD_39,1.3214285714285714,7.98,0.95,1.582,10.54,28,16,17.46,21.19
PUS01,18_1056_ANTIC-GOLD_42,1.3035714285714286,7.98,0.95,1.582,10.4,28,16,17.6,21.48
BHS01,29_1133_BROWN_41,1.2678571428571428,7.98,0.95,1.582,10.11,27,16,16.89,21.3
CHS01,30_1140_WHITE_41,1.2678571428571428,7.98,0.95,1.582,10.11,27,16,16.89,21.3
BES01,23_1091_BLACK_40,1.2857142857142858,7.98,0.95,1.582,10.26,27,16,16.740000000000002,21.0
PUS01,22_1084_NAVY_40,1.2857142857142858,7.98,0.95,1.582,10.26,27,16,16.740000000000002,21.0
CHS01,33_1161_ROSE-GOLD_41,1.25,7.98,0.95,1.582,9.97,27,16,17.03,21.6
BES01,29_1133_BROWN_41,1.25,7.98,0.95,1.582,9.97,27,16,17.03,21.6
MUS01,25_1105_BROWN_41,1.25,7.98,0.95,1.582,9.97,27,16,17.03,21.6
HYS01,13_1021_BROWN_38,1.2857142857142858,7.98,0.95,1.582,10.26,27,16,16.740000000000002,21.0
AHS01,25_1105_BLACK_41,1.2857142857142858,7.98,0.95,1.582,10.26,27,16,16.740000000000002,21.0
AHS01,18_1056_GREY_39,1.2678571428571428,7.98,0.95,1.582,10.11,27,16,16.89,21.3
MUS01,17_1049_MAROON_40,1.25,7.98,0.95,1.582,9.97,27,16,17.03,21.6
CHS01,16_1042_ANTIC-GOLD_40,1.25,7.98,0.95,1.582,9.97,27,16,17.03,21.6
HYS01,14_1028_WHITE_40,1.25,7.98,0.95,1.582,9.97,27,16,17.03,21.6
HYS01,21_1077_MAROON_42,1.2678571428571428,7.98,0.95,1.582,10.11,27,16,16.89,21.3
SUS01,26_1112_WHITE_42,1.2857142857142858,7.98,0.95,1.582,10.26,27,16,16.740000000000002,21.0
SUS01,33_1161_BLUE-NAVY_41,1.2857142857142858,7.98,0.95,1.582,10.26,27,16,16.740000000000002,21.0
SUS01,31_1147_ANTIC-GOLD_41,1.2857142857142858,7.98,0.95,1.582,10.26,27,16,16.740000000000002,21.0
BES01,33_1161_BLUE-NAVY_41,1.2678571428571428,7.98,0.95,1.582,10.11,27,16,16.89,21.3
HYS01,28_1126_TAN_38,1.2857142857142858,7.98,0.95,1.582,10.26,27,16,16.740000000000002,21.0
AHS01,25_1105_BLACK_39,1.25,7.98,0.95,1.582,9.97,27,16,17.03,21.6
HYS01,17_1049_BROWN_41,1.2678571428571428,7.98,0.95,1.582,10.11,27,16,16.89,21.3
AHS01,33_1161_BLUE-NAVY_39,1.2857142857142858,7.98,0.95,1.582,10.26,27,16,16.740000000000002,21.0
PUS01,17_1049_BLACK_42,1.25,7.98,0.95,1.582,9.97,27,16,17.03,21.6
PUS01,18_1056_ANTIC-GOLD_40,1.2857142857142858,7.98,0.95,1.582,10.26,27,16,16.740000000000002,21.0
KOS01,17_1049_BLACK_39,1.2857142857142858,7.98,0.95,1.582,10.26,27,16,16.740000000000002,21.0
PUS01,11_1007_BLACK_40,1.2857142857142858,7.98,0.95,1.582,10.26,27,16,16.740000000000002,21.0
COS01,12_1014_BROWN_41,1.2678571428571428,7.98,0.95,1.582,10.11,27,16,16.89,21.3
MUS01,29_1133_BROWN_39,1.2857142857142858,7.98,0.95,1.582,10.26,27,16,16.740000000000002,21.0
BHS01,29_1133_BROWN_42,1.2678571428571428,7.98,0.95,1.582,10.11,27,16,16.89,21.3
COS01,28_1126_BLUE-NAVY_42,1.25,7.98,0.95,1.582,9.97,27,16,17.03,21.6
MUS01,17_1049_BLACK_41,1.25,7.98,0.95,1.582,9.97,27,16,17.03,21.6
PUS01,17_1049_BLACK_41,1.25,7.98,0.95,1.582,9.97,27,16,17.03,21.6
AHS01,31_1147_WHITE_40,1.25,7.98,0.95,1.582,9.97,27,16,17.03,21.6
MUS01,13_1021_BROWN_42,1.2857142857142858,7.98,0.95,1.582,10.26,27,16,16.740000000000002,21.0
MUS01,13_1021_BROWN_41,1.25,7.98,0.95,1.582,9.97,27,16,17.03,21.6
KOS01,29_1133_BROWN_42,1.2857142857142858,7.98,0.95,1.582,10.26,27,16,16.740000000000002,21.0
CHS01,28_1126_TAN_40,1.25,7.98,0.95,1.582,9.97,27,16,17.03,21.6
PUS01,25_1105_BLACK_40,1.2678571428571428,7.98,0.95,1.582,10.11,27,16,16.89,21.3
MUS01,16_1042_TAN_39,1.2678571428571428,7.98,0.95,1.582,10.11,27,16,16.89,21.3
HYS01,23_1091_BROWN_39,1.2321428571428572,7.98,0.95,1.582,9.83,26,15,16.17,21.1
HYS01,18_1056_BLACK_42,1.2142857142857142,7.98,0.95,1.582,9.69,26,15,16.310000000000002,21.41
CHS01,17_1049_MAROON_42,1.1964285714285714,7.98,0.95,1.582,9.54,26,15,16.46,21.73
AHS01,18_1056_GREY_41,1.2142857142857142,7.98,0.95,1.582,9.69,26,15,16.310000000000002,21.41
INS01,12_1014_ROSE-GOLD_38,1.1964285714285714,7.98,0.95,1.582,9.54,26,15,16.46,21.73
HYS01,31_1147_MAROON_39,1.2142857142857142,7.98,0.95,1.582,9.69,26,15,16.310000000000002,21.41
MUS01,14_1028_ROSE-GOLD_42,1.2321428571428572,7.98,0.95,1.582,9.83,26,15,16.17,21.1
BHS01,12_1014_ANTIC-GOLD_39,1.1964285714285714,7.98,0.95,1.582,9.54,26,15,16.46,21.73
KOS01,33_1161_BLUE-NAVY_41,1.2142857142857142,7.98,0.95,1.582,9.69,26,15,16.310000000000002,21.41
CHS01,28_1126_ROSE-GOLD_38,1.1964285714285714,7.98,0.95,1.582,9.54,26,15,16.46,21.73
BES01,18_1056_ANTIC-GOLD_39,1.2142857142857142,7.98,0.95,1.582,9.69,26,15,16.310000000000002,21.41
KOS01,33_1161_BLUE-NAVY_40,1.2142857142857142,7.98,0.95,1.582,9.69,26,15,16.310000000000002,21.41
BES01,18_1056_ANTIC-GOLD_38,1.2321428571428572,7.98,0.95,1.582,9.83,26,15,16.17,21.1
PUS01,21_1077_BLUE-NAVY_42,1.1964285714285714,7.98,0.95,1.582,9.54,26,15,16.46,21.73
AHS01,14_1028_NAVY_40,1.2142857142857142,7.98,0.95,1.582,9.69,26,15,16.310000000000002,21.41
MUS01,24_1098_WHITE_42,1.1964285714285714,7.98,0.95,1.582,9.54,26,15,16.46,21.73
AHS01,14_1028_NAVY_42,1.2142857142857142,7.98,0.95,1.582,9.69,26,15,16.310000000000002,21.41
HYS01,23_1091_BLACK_39,1.1964285714285714,7.98,0.95,1.582,9.54,26,15,16.46,21.73
SUS01,31_1147_ANTIC-GOLD_39,1.2321428571428572,7.98,0.95,1.582,9.83,26,15,16.17,21.1
KOS01,29_1133_BROWN_39,1.2142857142857142,7.98,0.95,1.582,9.69,26,15,16.310000000000002,21.41
COS01,18_1056_ANTIC-GOLD_41,1.2142857142857142,7.98,0.95,1.582,9.69,26,15,16.310000000000002,21.41
KOS01,16_1042_BLUE-NAVY_40,1.2142857142857142,7.98,0.95,1.582,9.69,26,15,16.310000000000002,21.41
BES01,11_1007_TAN_42,1.2321428571428572,7.98,0.95,1.582,9.83,26,15,16.17,21.1
AHS01,33_1161_BLUE-NAVY_40,1.2321428571428572,7.98,0.95,1.582,9.83,26,15,16.17,21.1
SUS01,12_1014_ANTIC-GOLD_43,1.1964285714285714,7.98,0.95,1.582,9.54,26,15,16.46,21.73
INS01,27_1119_ANTIC-GOLD_42,1.1964285714285714,7.98,0.95,1.582,9.54,26,15,16.46,21.73
MAS01,28_1126_TAN_40,1.1964285714285714,7.98,0.95,1.582,9.54,26,15,16.46,21.73
MUS01,27_1119_WHITE_42,1.2321428571428572,7.98,0.95,1.582,9.83,26,15,16.17,21.1
BHS01,16_1042_BLUE-NAVY_39,1.2321428571428572,7.98,0.95,1.582,9.83,26,15,16.17,21.1
CHS01,12_1014_ROSE-GOLD_38,1.2321428571428572,7.98,0.95,1.582,9.83,26,15,16.17,21.1
MUS01,14_1028_ROSE-GOLD_40,1.2142857142857142,7.98,0.95,1.582,9.69,26,15,16.310000000000002,21.41
CHS01,10_1000_BROWN_41,1.2142857142857142,7.98,0.95,1.582,9.69,26,15,16.310000000000002,21.41
COS01,18_1056_BLACK_41,1.1964285714285714,7.98,0.95,1.582,9.54,26,15,16.46,21.73
CHS01,11_1007_TAN_39,1.2321428571428572,7.98,0.95,1.582,9.83,26,15,16.17,21.1
KOS01,27_1119_WHITE_38,1.1964285714285714,7.98,0.95,1.582,9.54,26,15,16.46,21.73
COS01,12_1014_BROWN_42,1.2321428571428572,7.98,0.95,1.582,9.83,26,15,16.17,21.1
INS01,18_1056_ANTIC-GOLD_39,1.2321428571428572,7.98,0.95,1.582,9.83,26,15,16.17,21.1
HYS01,14_1028_ROSE-GOLD_39,1.2321428571428572,7.98,0.95,1.582,9.83,26,15,16.17,21.1
AHS01,27_1119_WHITE_39,1.2142857142857142,7.98,0.95,1.582,9.69,26,15,16.310000000000002,21.41
SUS01,16_1042_ANTIC-GOLD_41,1.1964285714285714,7.98,0.95,1.582,9.54,26,15,16.46,21.73
MUS01,17_1049_MAROON_38,1.1964285714285714,7.98,0.95,1.582,9.54,26,15,16.46,21.73
MUS01,18_1056_ANTIC-GOLD_38,1.2142857142857142,7.98,0.95,1.582,9.69,26,15,16.310000000000002,21.41
BES01,12_1014_ROSE-GOLD_43,1.2321428571428572,7.98,0.95,1.582,9.83,26,15,16.17,21.1
PUS01,28_1126_TAN_39,1.1964285714285714,7.98,0.95,1.582,9.54,26,15,16.46,21.73
BHS01,27_1119_ANTIC-GOLD_39,1.1607142857142858,7.98,0.95,1.582,9.26,25,15,15.74,21.54
MUS01,21_1077_MAROON_39,1.1785714285714286,7.98,0.95,1.582,9.4,25,15,15.6,21.21
BES01,22_1084_NAVY_39,1.1785714285714286,7.98,0.95,1.582,9.4,25,15,15.6,21.21
MAS01,12_1014_ANTIC-GOLD_41,1.1428571428571428,7.98,0.95,1.582,9.12,25,15,15.88,21.88
CHS01,27_1119_WHITE_39,1.1428571428571428,7.98,0.95,1.582,9.12,25,15,15.88,21.88
CHS01,28_1126_ROSE-GOLD_40,1.1785714285714286,7.98,0.95,1.582,9.4,25,15,15.6,21.21
AHS01,14_1028_ROSE-GOLD_39,1.1428571428571428,7.98,0.95,1.582,9.12,25,15,15.88,21.88
MUS01,23_1091_BLACK_40,1.1428571428571428,7.98,0.95,1.582,9.12,25,15,15.88,21.88
MUS01,25_1105_BLACK_38,1.1428571428571428,7.98,0.95,1.582,9.12,25,15,15.88,21.88
HYS01,22_1084_NAVY_40,1.1785714285714286,7.98,0.95,1.582,9.4,25,15,15.6,21.21
BES01,14_1028_ROSE-GOLD_43,1.1607142857142858,7.98,0.95,1.582,9.26,25,15,15.74,21.54
PUS01,25_1105_MAROON_42,1.1428571428571428,7.98,0.95,1.582,9.12,25,15,15.88,21.88
MUS01,13_1021_BROWN_40,1.1428571428571428,7.98,0.95,1.582,9.12,25,15,15.88,21.88
BHS01,14_1028_WHITE_40,1.1428571428571428,7.98,0.95,1.582,9.12,25,15,15.88,21.88
PUS01,18_1056_ANTIC-GOLD_38,1.1428571428571428,7.98,0.95,1.582,9.12,25,15,15.88,21.88
CHS01,26_1112_WHITE_38,1.1428571428571428,7.98,0.95,1.582,9.12,25,15,15.88,21.88
CHS01,27_1119_ANTIC-GOLD_42,1.1428571428571428,7.98,0.95,1.582,9.12,25,15,15.88,21.88
BHS01,17_1049_BROWN_39,1.1428571428571428,7.98,0.95,1.582,9.12,25,15,15.88,21.88
PUS01,31_1147_MAROON_41,1.1607142857142858,7.98,0.95,1.582,9.26,25,15,15.74,21.54
AHS01,31_1147_WHITE_39,1.1785714285714286,7.98,0.95,1.582,9.4,25,15,15.6,21.21
KOS01,14_1028_WHITE_39,1.1428571428571428,7.98,0.95,1.582,9.12,25,15,15.88,21.88
BES01,12_1014_BROWN_43,1.1428571428571428,7.98,0.95,1.582,9.12,25,15,15.88,21.88
INS01,29_1133_BROWN_42,1.1785714285714286,7.98,0.95,1.582,9.4,25,15,15.6,21.21
PUS01,31_1147_ANTIC-GOLD_41,1.1785714285714286,7.98,0.95,1.582,9.4,25,15,15.6,21.21
CHS01,19_1063_MAROON_41,1.1785714285714286,7.98,0.95,1.582,9.4,25,15,15.6,21.21
INS01,14_1028_NAVY_41,1.1785714285714286,7.98,0.95,1.582,9.4,25,15,15.6,21.21
AHS01,28_1126_TAN_41,1.1607142857142858,7.98,0.95,1.582,9.26,25,15,15.74,21.54
AHS01,28_1126_TAN_42,1.1785714285714286,7.98,0.95,1.582,9.4,25,15,15.6,21.21
SUS01,14_1028_ROSE-GOLD_39,1.1785714285714286,7.98,0.95,1.582,9.4,25,15,15.6,21.21
INS01,25_1105_BLACK_41,1.1607142857142858,7.98,0.95,1.582,9.26,25,15,15.74,21.54
SUS01,14_1028_ROSE-GOLD_42,1.1428571428571428,7.98,0.95,1.582,9.12,25,15,15.88,21.88
BHS01,27_1119_WHITE_40,1.1785714285714286,7.98,0.95,1.582,9.4,25,15,15.6,21.21
AHS01,27_1119_WHITE_42,1.1607142857142858,7.98,0.95,1.582,9.26,25,15,15.74,21.54
COS01,28_1126_TAN_42,1.1607142857142858,7.98,0.95,1.582,9.26,25,15,15.74,21.54
SUS01,17_1049_BROWN_39,1.1428571428571428,7.98,0.95,1.582,9.12,25,15,15.88,21.88
SUS01,18_1056_ANTIC-GOLD_38,1.1428571428571428,7.98,0.95,1.582,9.12,25,15,15.88,21.88
CHS01,14_1028_NAVY_41,1.1607142857142858,7.98,0.95,1.582,9.26,25,15,15.74,21.54
CHS01,14_1028_ROSE-GOLD_39,1.1785714285714286,7.98,0.95,1.582,9.4,25,15,15.6,21.21
AHS01,25_1105_BLACK_42,1.1785714285714286,7.98,0.95,1.582,9.4,25,15,15.6,21.21
HYS01,33_1161_ROSE-GOLD_42,1.1607142857142858,7.98,0.95,1.582,9.26,25,15,15.74,21.54
MUS01,10_1000_WHITE_41,1.1428571428571428,7.98,0.95,1.582,9.12,25,15,15.88,21.88
CHS01,18_1056_ANTIC-GOLD_43,1.1428571428571428,7.98,0.95,1.582,9.12,25,15,15.88,21.88
HYS01,33_1161_ROSE-GOLD_38,1.1428571428571428,7.98,0.95,1.582,9.12,25,15,15.88,21.88
AHS01,18_1056_ANTIC-GOLD_42,1.1428571428571428,7.98,0.95,1.582,9.12,25,15,15.88,21.88
HYS01,16_1042_TAN_38,1.1607142857142858,7.98,0.95,1.582,9.26,25,15,15.74,21.54
HYS01,18_1056_ANTIC-GOLD_42,1.1607142857142858,7.98,0.95,1.582,9.26,25,15,15.74,21.54
HYS01,20_1070_ANTIC-GOLD_41,1.1785714285714286,7.98,0.95,1.582,9.4,25,15,15.6,21.21
HYS01,21_1077_BLUE-NAVY_40,1.1607142857142858,7.98,0.95,1.582,9.26,25,15,15.74,21.54
BES01,33_1161_ROSE-GOLD_41,1.1428571428571428,7.98,0.95,1.582,9.12,25,15,15.88,21.88
HYS01,25_1105_BLACK_41,1.1428571428571428,7.98,0.95,1.582,9.12,25,15,15.88,21.88
HYS01,23_1091_BLACK_41,1.1071428571428572,7.98,0.95,1.582,8.83,24,14,15.17,21.68
MUS01,23_1091_BLUE-NAVY_40,1.1071428571428572,7.98,0.95,1.582,8.83,24,14,15.17,21.68
AHS01,14_1028_WHITE_42,1.125,7.98,0.95,1.582,8.97,24,14,15.03,21.33
MUS01,13_1021_BROWN_39,1.1071428571428572,7.98,0.95,1.582,8.83,24,14,15.17,21.68
MUS01,14_1028_NAVY_41,1.1071428571428572,7.98,0.95,1.582,8.83,24,14,15.17,21.68
CHS01,18_1056_BLACK_43,1.125,7.98,0.95,1.582,8.97,24,14,15.03,21.33
CHS01,17_1049_MAROON_38,1.125,7.98,0.95,1.582,8.97,24,14,15.03,21.33
PUS01,12_1014_ANTIC-GOLD_43,1.1071428571428572,7.98,0.95,1.582,8.83,24,14,15.17,21.68
MUS01,10_1000_ROSE-GOLD_39,1.1071428571428572,7.98,0.95,1.582,8.83,24,14,15.17,21.68
BHS01,18_1056_BLACK_40,1.125,7.98,0.95,1.582,8.97,24,14,15.03,21.33
HYS01,14_1028_ROSE-GOLD_41,1.125,7.98,0.95,1.582,8.97,24,14,15.03,21.33
AHS01,10_1000_WHITE_41,1.125,7.98,0.95,1.582,8.97,24,14,15.03,21.33
SUS01,31_1147_ANTIC-GOLD_42,1.125,7.98,0.95,1.582,8.97,24,14,15.03,21.33
AHS01,31_1147_WHITE_41,1.1071428571428572,7.98,0.95,1.582,8.83,24,14,15.17,21.68
COS01,28_1126_BLUE-NAVY_40,1.1071428571428572,7.98,0.95,1.582,8.83,24,14,15.17,21.68
PUS01,27_1119_WHITE_41,1.125,7.98,0.95,1.582,8.97,24,14,15.03,21.33
KOS01,29_1133_BROWN_41,1.125,7.98,0.95,1.582,8.97,24,14,15.03,21.33
MUS01,33_1161_BLUE-NAVY_41,1.1071428571428572,7.98,0.95,1.582,8.83,24,14,15.17,21.68
BHS01,28_1126_ROSE-GOLD_42,1.1071428571428572,7.98,0.95,1.582,8.83,24,14,15.17,21.68
AHS01,29_1133_BROWN_39,1.125,7.98,0.95,1.582,8.97,24,14,15.03,21.33
INS01,18_1056_BLACK_41,1.125,7.98,0.95,1.582,8.97,24,14,15.03,21.33
COS01,18_1056_ANTIC-GOLD_40,1.125,7.98,0.95,1.582,8.97,24,14,15.03,21.33
KOS01,16_1042_ANTIC-GOLD_41,1.1071428571428572,7.98,0.95,1.582,8.83,24,14,15.17,21.68
HYS01,24_1098_MAROON_40,1.0535714285714286,7.98,0.95,1.582,8.4,23,14,14.6,21.83
HYS01,22_1084_NAVY_42,1.0714285714285714,7.98,0.95,1.582,8.55,23,14,14.45,21.47
AHS01,25_1105_BLACK_43,1.0714285714285714,7.98,0.95,1.582,8.55,23,14,14.45,21.47
SUS01,18_1056_ANTIC-GOLD_39,1.0714285714285714,7.98,0.95,1.582,8.55,23,14,14.45,21.47
MUS01,18_1056_ANTIC-GOLD_42,1.0714285714285714,7.98,0.95,1.582,8.55,23,14,14.45,21.47
HYS01,25_1105_BLACK_39,1.0892857142857142,7.98,0.95,1.582,8.69,23,14,14.31,21.11
PUS01,28_1126_ROSE-GOLD_38,1.0892857142857142,7.98,0.95,1.582,8.69,23,14,14.31,21.11
MAS01,12_1014_BROWN_40,1.0714285714285714,7.98,0.95,1.582,8.55,23,14,14.45,21.47
PUS01,25_1105_BROWN_42,1.0892857142857142,7.98,0.95,1.582,8.69,23,14,14.31,21.11
CHS01,33_1161_ROSE-GOLD_38,1.0714285714285714,7.98,0.95,1.582,8.55,23,14,14.45,21.47
BES01,21_1077_BLUE-NAVY_39,1.0892857142857142,7.98,0.95,1.582,8.69,23,14,14.31,21.11
CHS01,23_1091_BROWN_41,1.0535714285714286,7.98,0.95,1.582,8.4,23,14,14.6,21.83
CHS01,27_1119_ANTIC-GOLD_38,1.0714285714285714,7.98,0.95,1.582,8.55,23,14,14.45,21.47
BHS01,12_1014_ROSE-GOLD_38,1.0714285714285714,7.98,0.95,1.582,8.55,23,14,14.45,21.47
CHS01,23_1091_BROWN_39,1.0892857142857142,7.98,0.95,1.582,8.69,23,14,14.31,21.11
PUS01,16_1042_TAN_41,1.0892857142857142,7.98,0.95,1.582,8.69,23,14,14.31,21.11
CHS01,21_1077_BLUE-NAVY_39,1.0714285714285714,7.98,0.95,1.582,8.55,23,14,14.45,21.47
PUS01,11_1007_TAN_40,1.0714285714285714,7.98,0.95,1.582,8.55,23,14,14.45,21.47
INS01,27_1119_ANTIC-GOLD_39,1.0714285714285714,7.98,0.95,1.582,8.55,23,14,14.45,21.47
PUS01,28_1126_TAN_42,1.0892857142857142,7.98,0.95,1.582,8.69,23,14,14.31,21.11
COS01,29_1133_BROWN_41,1.0535714285714286,7.98,0.95,1.582,8.4,23,14,14.6,21.83
INS01,14_1028_NAVY_40,1.0892857142857142,7.98,0.95,1.582,8.69,23,14,14.31,21.11
AHS01,23_1091_BLUE-NAVY_42,1.0714285714285714,7.98,0.95,1.582,8.55,23,14,14.45,21.47
HYS01,14_1028_ROSE-GOLD_43,1.0535714285714286,7.98,0.95,1.582,8.4,23,14,14.6,21.83
INS01,12_1014_ROSE-GOLD_42,1.0892857142857142,7.98,0.95,1.582,8.69,23,14,14.31,21.11
AHS01,25_1105_MAROON_40,1.0714285714285714,7.98,0.95,1.582,8.55,23,14,14.45,21.47
AHS01,10_1000_WHITE_42,1.0892857142857142,7.98,0.95,1.582,8.69,23,14,14.31,21.11
AHS01,16_1042_ANTIC-GOLD_42,1.0535714285714286,7.98,0.95,1.582,8.4,23,14,14.6,21.83
MUS01,18_1056_BLACK_38,1.0892857142857142,7.98,0.95,1.582,8.69,23,14,14.31,21.11
BHS01,27_1119_ANTIC-GOLD_41,1.0892857142857142,7.98,0.95,1.582,8.69,23,14,14.31,21.11
AHS01,17_1049_BLACK_38,1.0535714285714286,7.98,0.95,1.582,8.4,23,14,14.6,21.83
BHS01,18_1056_BLACK_41,1.0892857142857142,7.98,0.95,1.582,8.69,23,14,14.31,21.11
COS01,31_1147_ANTIC-GOLD_41,1.0892857142857142,7.98,0.95,1.582,8.69,23,14,14.31,21.11
HYS01,11_1007_BLACK_41,1.0892857142857142,7.98,0.95,1.582,8.69,23,14,14.31,21.11
BHS01,29_1133_BROWN_39,1.0535714285714286,7.98,0.95,1.582,8.4,23,14,14.6,21.83
AHS01,29_1133_BROWN_42,1.0892857142857142,7.98,0.95,1.582,8.69,23,14,14.31,21.11
INS01,18_1056_ANTIC-GOLD_41,1.0535714285714286,7.98,0.95,1.582,8.4,23,14,14.6,21.83
COS01,28_1126_ROSE-GOLD_42,1.0714285714285714,7.98,0.95,1.582,8.55,23,14,14.45,21.47
BHS01,33_1161_BLUE-NAVY_40,1.0535714285714286,7.98,0.95,1.582,8.4,23,14,14.6,21.83
COS01,12_1014_BROWN_40,1.0714285714285714,7.98,0.95,1.582,8.55,23,14,14.45,21.47
CHS01,12_1014_ANTIC-GOLD_43,1.0892857142857142,7.98,0.95,1.582,8.69,23,14,14.31,21.11
KOS01,14_1028_WHITE_40,1.0714285714285714,7.98,0.95,1.582,8.55,23,14,14.45,21.47
KOS01,27_1119_ANTIC-GOLD_39,1.0714285714285714,7.98,0.95,1.582,8.55,23,14,14.45,21.47
PUS01,23_1091_BLUE-NAVY_42,1.0714285714285714,7.98,0.95,1.582,8.55,23,14,14.45,21.47
BES01,31_1147_ANTIC-GOLD_41,1.0714285714285714,7.98,0.95,1.582,8.55,23,14,14.45,21.47
BES01,17_1049_BLACK_40,1.0892857142857142,7.98,0.95,1.582,8.69,23,14,14.31,21.11
BES01,18_1056_ANTIC-GOLD_41,1.0535714285714286,7.98,0.95,1.582,8.4,23,14,14.6,21.83
PUS01,17_1049_BROWN_40,1.0714285714285714,7.98,0.95,1.582,8.55,23,14,14.45,21.47
MUS01,10_1000_ROSE-GOLD_40,1.0892857142857142,7.98,0.95,1.582,8.69,23,14,14.31,21.11
MUS01,21_1077_MAROON_40,1.0892857142857142,7.98,0.95,1.582,8.69,23,14,14.31,21.11
MUS01,23_1091_BLUE-NAVY_41,1.0,7.98,0.95,1.582,7.98,22,13,14.02,22.0
AHS01,12_1014_ROSE-GOLD_44,1.0178571428571428,7.98,0.95,1.582,8.12,22,13,13.88,21.61
HYS01,23_1091_BLACK_40,1.0178571428571428,7.98,0.95,1.582,8.12,22,13,13.88,21.61
COS01,18_1056_ANTIC-GOLD_42,1.0,7.98,0.95,1.582,7.98,22,13,14.02,22.0
BES01,13_1021_WHITE_40,1.0,7.98,0.95,1.582,7.98,22,13,14.02,22.0
KOS01,16_1042_BLUE-NAVY_39,1.0357142857142858,7.98,0.95,1.582,8.26,22,13,13.74,21.24
KOS01,16_1042_BLUE-NAVY_41,1.0357142857142858,7.98,0.95,1.582,8.26,22,13,13.74,21.24
KOS01,17_1049_BROWN_41,1.0178571428571428,7.98,0.95,1.582,8.12,22,13,13.88,21.61
PUS01,27_1119_WHITE_39,1.0357142857142858,7.98,0.95,1.582,8.26,22,13,13.74,21.24
KOS01,25_1105_MAROON_41,1.0,7.98,0.95,1.582,7.98,22,13,14.02,22.0
PUS01,27_1119_WHITE_38,1.0178571428571428,7.98,0.95,1.582,8.12,22,13,13.88,21.61
KOS01,28_1126_ROSE-GOLD_41,1.0,7.98,0.95,1.582,7.98,22,13,14.02,22.0
COS01,12_1014_ANTIC-GOLD_38,1.0357142857142858,7.98,0.95,1.582,8.26,22,13,13.74,21.24
COS01,13_1021_WHITE_41,1.0,7.98,0.95,1.582,7.98,22,13,14.02,22.0
COS01,14_1028_ROSE-GOLD_40,1.0178571428571428,7.98,0.95,1.582,8.12,22,13,13.88,21.61
KOS01,25_1105_BROWN_39,1.0,7.98,0.95,1.582,7.98,22,13,14.02,22.0
PUS01,23_1091_BLUE-NAVY_39,1.0178571428571428,7.98,0.95,1.582,8.12,22,13,13.88,21.61
PUS01,22_1084_NAVY_39,1.0,7.98,0.95,1.582,7.98,22,13,14.02,22.0
BES01,17_1049_BROWN_39,1.0,7.98,0.95,1.582,7.98,22,13,14.02,22.0
BES01,31_1147_MAROON_40,1.0,7.98,0.95,1.582,7.98,22,13,14.02,22.0
BES01,33_1161_ROSE-GOLD_40,1.0,7.98,0.95,1.582,7.98,22,13,14.02,22.0
CHS01,18_1056_ANTIC-GOLD_42,1.0,7.98,0.95,1.582,7.98,22,13,14.02,22.0
PUS01,14_1028_ROSE-GOLD_38,1.0357142857142858,7.98,0.95,1.582,8.26,22,13,13.74,21.24
PUS01,14_1028_ROSE-GOLD_41,1.0,7.98,0.95,1.582,7.98,22,13,14.02,22.0
BES01,23_1091_BLUE-NAVY_42,1.0178571428571428,7.98,0.95,1.582,8.12,22,13,13.88,21.61
PUS01,17_1049_BROWN_42,1.0178571428571428,7.98,0.95,1.582,8.12,22,13,13.88,21.61
PUS01,18_1056_GREY_38,1.0,7.98,0.95,1.582,7.98,22,13,14.02,22.0
PUS01,10_1000_ROSE-GOLD_41,1.0178571428571428,7.98,0.95,1.582,8.12,22,13,13.88,21.61
PUS01,18_1056_GREY_43,1.0,7.98,0.95,1.582,7.98,22,13,14.02,22.0
BES01,23_1091_BLACK_41,1.0178571428571428,7.98,0.95,1.582,8.12,22,13,13.88,21.61
BES01,19_1063_MAROON_42,1.0,7.98,0.95,1.582,7.98,22,13,14.02,22.0
CHS01,28_1126_TAN_38,1.0357142857142858,7.98,0.95,1.582,8.26,22,13,13.74,21.24
CHS01,19_1063_MAROON_40,1.0,7.98,0.95,1.582,7.98,22,13,14.02,22.0
KOS01,14_1028_ROSE-GOLD_41,1.0178571428571428,7.98,0.95,1.582,8.12,22,13,13.88,21.61
KOS01,21_1077_BLUE-NAVY_41,1.0357142857142858,7.98,0.95,1.582,8.26,22,13,13.74,21.24
MUS01,32_1154_MAROON_40,1.0178571428571428,7.98,0.95,1.582,8.12,22,13,13.88,21.61
COS01,28_1126_ROSE-GOLD_40,1.0,7.98,0.95,1.582,7.98,22,13,14.02,22.0
AHS01,27_1119_WHITE_38,1.0,7.98,0.95,1.582,7.98,22,13,14.02,22.0
INS01,18_1056_BLACK_39,1.0178571428571428,7.98,0.95,1.582,8.12,22,13,13.88,21.61
COS01,31_1147_ANTIC-GOLD_40,1.0178571428571428,7.98,0.95,1.582,8.12,22,13,13.88,21.61
MUS01,17_1049_BLACK_39,1.0178571428571428,7.98,0.95,1.582,8.12,22,13,13.88,21.61
COS01,18_1056_GREY_42,1.0178571428571428,7.98,0.95,1.582,8.12,22,13,13.88,21.61
COS01,23_1091_BLUE-NAVY_40,1.0178571428571428,7.98,0.95,1.582,8.12,22,13,13.88,21.61
COS01,28_1126_ROSE-GOLD_41,1.0357142857142858,7.98,0.95,1.582,8.26,22,13,13.74,21.24
INS01,27_1119_ANTIC-GOLD_40,1.0178571428571428,7.98,0.95,1.582,8.12,22,13,13.88,21.61
BHS01,28_1126_ROSE-GOLD_39,1.0357142857142858,7.98,0.95,1.582,8.26,22,13,13.74,21.24
INS01,25_1105_MAROON_40,1.0357142857142858,7.98,0.95,1.582,8.26,22,13,13.74,21.24
COS01,28_1126_BLUE-NAVY_39,1.0357142857142858,7.98,0.95,1.582,8.26,22,13,13.74,21.24
AHS01,27_1119_WHITE_41,1.0357142857142858,7.98,0.95,1.582,8.26,22,13,13.74,21.24
SUS01,17_1049_MAROON_41,1.0,7.98,0.95,1.582,7.98,22,13,14.02,22.0
HYS01,17_1049_BLACK_42,1.0,7.98,0.95,1.582,7.98,22,13,14.02,22.0
HYS01,13_1021_WHITE_39,1.0357142857142858,7.98,0.95,1.582,8.26,22,13,13.74,21.24
SUS01,17_1049_BLACK_40,1.0,7.98,0.95,1.582,7.98,22,13,14.02,22.0
MUS01,17_1049_MAROON_41,1.0178571428571428,7.98,0.95,1.582,8.12,22,13,13.88,21.61
MUS01,18_1056_ANTIC-GOLD_41,1.0178571428571428,7.98,0.95,1.582,8.12,22,13,13.88,21.61
MUS01,25_1105_MAROON_42,1.0,7.98,0.95,1.582,7.98,22,13,14.02,22.0
INS01,12_1014_BROWN_42,1.0357142857142858,7.98,0.95,1.582,8.26,22,13,13.74,21.24
AHS01,13_1021_BROWN_38,1.0,7.98,0.95,1.582,7.98,22,13,14.02,22.0
HYS01,16_1042_TAN_39,1.0357142857142858,7.98,0.95,1.582,8.26,22,13,13.74,21.24
HYS01,33_1161_ROSE-GOLD_40,1.0,7.98,0.95,1.582,7.98,22,13,14.02,22.0
HYS01,14_1028_WHITE_42,1.0178571428571428,7.98,0.95,1.582,8.12,22,13,13.88,21.61
AHS01,16_1042_TAN_41,1.0,7.98,0.95,1.582,7.98,22,13,14.02,22.0
MUS01,21_1077_BLUE-NAVY_42,1.0178571428571428,7.98,0.95,1.582,8.12,22,13,13.88,21.61
SUS01,33_1161_ROSE-GOLD_41,1.0,7.98,0.95,1.582,7.98,22,13,14.02,22.0
AHS01,14_1028_WHITE_41,0.9642857142857143,7.98,0.95,1.582,7.69,21,13,13.309999999999999,21.78
BHS01,25_1105_BLACK_39,0.9642857142857143,7.98,0.95,1.582,7.69,21,13,13.309999999999999,21.78
SUS01,27_1119_WHITE_39,0.9821428571428571,7.98,0.95,1.582,7.83,21,13,13.17,21.38
SUS01,25_1105_BLACK_41,0.9642857142857143,7.98,0.95,1.582,7.69,21,13,13.309999999999999,21.78
AHS01,25_1105_MAROON_41,0.9642857142857143,7.98,0.95,1.582,7.69,21,13,13.309999999999999,21.78
AHS01,23_1091_BLUE-NAVY_39,0.9821428571428571,7.98,0.95,1.582,7.83,21,13,13.17,21.38
AHS01,23_1091_BLUE-NAVY_40,0.9821428571428571,7.98,0.95,1.582,7.83,21,13,13.17,21.38
SUS01,17_1049_BLACK_38,0.9821428571428571,7.98,0.95,1.582,7.83,21,13,13.17,21.38
MUS01,25_1105_BLACK_39,0.9642857142857143,7.98,0.95,1.582,7.69,21,13,13.309999999999999,21.78
HYS01,17_1049_BLACK_40,0.9821428571428571,7.98,0.95,1.582,7.83,21,13,13.17,21.38
AHS01,20_1070_ANTIC-GOLD_39,0.9821428571428571,7.98,0.95,1.582,7.83,21,13,13.17,21.38
HYS01,19_1063_MAROON_40,0.9642857142857143,7.98,0.95,1.582,7.69,21,13,13.309999999999999,21.78
AHS01,27_1119_ANTIC-GOLD_38,0.9821428571428571,7.98,0.95,1.582,7.83,21,13,13.17,21.38
BHS01,31_1147_WHITE_41,0.9821428571428571,7.98,0.95,1.582,7.83,21,13,13.17,21.38
COS01,31_1147_MAROON_39,0.9821428571428571,7.98,0.95,1.582,7.83,21,13,13.17,21.38
PUS01,28_1126_TAN_43,0.9821428571428571,7.98,0.95,1.582,7.83,21,13,13.17,21.38
BHS01,16_1042_TAN_38,0.9821428571428571,7.98,0.95,1.582,7.83,21,13,13.17,21.38
INS01,18_1056_BLACK_40,0.9642857142857143,7.98,0.95,1.582,7.69,21,13,13.309999999999999,21.78
COS01,18_1056_BLACK_39,0.9821428571428571,7.98,0.95,1.582,7.83,21,13,13.17,21.38
PUS01,28_1126_ROSE-GOLD_39,0.9821428571428571,7.98,0.95,1.582,7.83,21,13,13.17,21.38
KOS01,16_1042_ANTIC-GOLD_39,0.9642857142857143,7.98,0.95,1.582,7.69,21,13,13.309999999999999,21.78
AHS01,27_1119_ANTIC-GOLD_42,0.9821428571428571,7.98,0.95,1.582,7.83,21,13,13.17,21.38
INS01,16_1042_ANTIC-GOLD_41,0.9821428571428571,7.98,0.95,1.582,7.83,21,13,13.17,21.38
MAS01,29_1133_BROWN_40,0.9642857142857143,7.98,0.95,1.582,7.69,21,13,13.309999999999999,21.78
BES01,31_1147_MAROON_41,0.9821428571428571,7.98,0.95,1.582,7.83,21,13,13.17,21.38
PUS01,17_1049_BLACK_40,0.9642857142857143,7.98,0.95,1.582,7.69,21,13,13.309999999999999,21.78
CHS01,25_1105_BROWN_41,0.9821428571428571,7.98,0.95,1.582,7.83,21,13,13.17,21.38
CHS01,26_1112_WHITE_43,0.9642857142857143,7.98,0.95,1.582,7.69,21,13,13.309999999999999,21.78
PUS01,18_1056_ANTIC-GOLD_43,0.9821428571428571,7.98,0.95,1.582,7.83,21,13,13.17,21.38
MUS01,10_1000_ROSE-GOLD_41,0.9821428571428571,7.98,0.95,1.582,7.83,21,13,13.17,21.38
BES01,19_1063_MAROON_40,0.9821428571428571,7.98,0.95,1.582,7.83,21,13,13.17,21.38
KOS01,33_1161_BLUE-NAVY_39,0.9821428571428571,7.98,0.95,1.582,7.83,21,13,13.17,21.38
BHS01,10_1000_BROWN_41,0.9821428571428571,7.98,0.95,1.582,7.83,21,13,13.17,21.38
KOS01,27_1119_WHITE_40,0.9821428571428571,7.98,0.95,1.582,7.83,21,13,13.17,21.38
COS01,12_1014_ROSE-GOLD_43,0.9821428571428571,7.98,0.95,1.582,7.83,21,13,13.17,21.38
MUS01,14_1028_NAVY_40,0.9821428571428571,7.98,0.95,1.582,7.83,21,13,13.17,21.38
CHS01,14_1028_ROSE-GOLD_41,0.9821428571428571,7.98,0.95,1.582,7.83,21,13,13.17,21.38
PUS01,25_1105_BROWN_39,0.9642857142857143,7.98,0.95,1.582,7.69,21,13,13.309999999999999,21.78
CHS01,11_1007_TAN_40,0.9821428571428571,7.98,0.95,1.582,7.83,21,13,13.17,21.38
MUS01,30_1140_WHITE_41,0.9821428571428571,7.98,0.95,1.582,7.83,21,13,13.17,21.38
MUS01,33_1161_BLUE-NAVY_39,0.9821428571428571,7.98,0.95,1.582,7.83,21,13,13.17,21.38
BES01,12_1014_ROSE-GOLD_44,0.9821428571428571,7.98,0.95,1.582,7.83,21,13,13.17,21.38
BES01,13_1021_WHITE_39,0.9642857142857143,7.98,0.95,1.582,7.69,21,13,13.309999999999999,21.78
COS01,17_1049_BROWN_39,0.9642857142857143,7.98,0.95,1.582,7.69,21,13,13.309999999999999,21.78
COS01,18_1056_BLACK_40,0.9821428571428571,7.98,0.95,1.582,7.83,21,13,13.17,21.38
HYS01,21_1077_BLUE-NAVY_38,0.9642857142857143,7.98,0.95,1.582,7.69,21,13,13.309999999999999,21.78
MAS01,28_1126_BLUE-NAVY_41,0.9821428571428571,7.98,0.95,1.582,7.83,21,13,13.17,21.38
CHS01,28_1126_BLUE-NAVY_40,0.9821428571428571,7.98,0.95,1.582,7.83,21,13,13.17,21.38
CHS01,28_1126_BLUE-NAVY_42,0.9642857142857143,7.98,0.95,1.582,7.69,21,13,13.309999999999999,21.78
PUS01,13_1021_BROWN_41,0.9642857142857143,7.98,0.95,1.582,7.69,21,13,13.309999999999999,21.78
BES01,23_1091_BLUE-NAVY_39,0.9565217391304348,7.98,0.95,1.582,7.63,21,13,13.370000000000001,21.95
BHS01,28_1126_ROSE-GOLD_41,0.9285714285714286,7.98,0.95,1.582,7.41,20,12,12.59,21.54
INS01,18_1056_BLACK_38,0.9107142857142857,7.98,0.95,1.582,7.26,20,12,12.74,21.96
INS01,16_1042_BLUE-NAVY_42,0.9107142857142857,7.98,0.95,1.582,7.26,20,12,12.74,21.96
AHS01,28_1126_TAN_43,0.9107142857142857,7.98,0.95,1.582,7.26,20,12,12.74,21.96
CHS01,10_1000_BROWN_40,0.9107142857142857,7.98,0.95,1.582,7.26,20,12,12.74,21.96
COS01,17_1049_MAROON_40,0.9285714285714286,7.98,0.95,1.582,7.41,20,12,12.59,21.54
KOS01,17_1049_BROWN_40,0.9285714285714286,7.98,0.95,1.582,7.41,20,12,12.59,21.54
PUS01,23_1091_BROWN_40,0.9285714285714286,7.98,0.95,1.582,7.41,20,12,12.59,21.54
KOS01,25_1105_BROWN_41,0.9464285714285714,7.98,0.95,1.582,7.55,20,13,12.45,21.13
KOS01,17_1049_BROWN_39,0.9107142857142857,7.98,0.95,1.582,7.26,20,12,12.74,21.96
PUS01,13_1021_BROWN_43,0.9285714285714286,7.98,0.95,1.582,7.41,20,12,12.59,21.54
BES01,23_1091_BROWN_40,0.9464285714285714,7.98,0.95,1.582,7.55,20,13,12.45,21.13
PUS01,12_1014_BROWN_43,0.9464285714285714,7.98,0.95,1.582,7.55,20,13,12.45,21.13
BES01,28_1126_TAN_38,0.9107142857142857,7.98,0.95,1.582,7.26,20,12,12.74,21.96
PUS01,16_1042_TAN_38,0.9285714285714286,7.98,0.95,1.582,7.41,20,12,12.59,21.54
CHS01,26_1112_WHITE_42,0.9107142857142857,7.98,0.95,1.582,7.26,20,12,12.74,21.96
CHS01,21_1077_BLUE-NAVY_41,0.9285714285714286,7.98,0.95,1.582,7.41,20,12,12.59,21.54
CHS01,18_1056_BLACK_39,0.9285714285714286,7.98,0.95,1.582,7.41,20,12,12.59,21.54
CHS01,16_1042_TAN_41,0.9464285714285714,7.98,0.95,1.582,7.55,20,13,12.45,21.13
PUS01,18_1056_GREY_42,0.9107142857142857,7.98,0.95,1.582,7.26,20,12,12.74,21.96
PUS01,13_1021_BROWN_40,0.9285714285714286,7.98,0.95,1.582,7.41,20,12,12.59,21.54
PUS01,13_1021_BROWN_39,0.9285714285714286,7.98,0.95,1.582,7.41,20,12,12.59,21.54
MUS01,10_1000_WHITE_38,0.9285714285714286,7.98,0.95,1.582,7.41,20,12,12.59,21.54
PUS01,23_1091_BLUE-NAVY_40,0.9464285714285714,7.98,0.95,1.582,7.55,20,13,12.45,21.13
KOS01,31_1147_WHITE_41,0.9464285714285714,7.98,0.95,1.582,7.55,20,13,12.45,21.13
PUS01,22_1084_NAVY_38,0.9464285714285714,7.98,0.95,1.582,7.55,20,13,12.45,21.13
BES01,13_1021_BROWN_42,0.9107142857142857,7.98,0.95,1.582,7.26,20,12,12.74,21.96
MUS01,33_1161_BLUE-NAVY_40,0.9464285714285714,7.98,0.95,1.582,7.55,20,13,12.45,21.13
MUS01,33_1161_BLUE-NAVY_42,0.9107142857142857,7.98,0.95,1.582,7.26,20,12,12.74,21.96
BHS01,16_1042_BLUE-NAVY_40,0.9107142857142857,7.98,0.95,1.582,7.26,20,12,12.74,21.96
COS01,33_1161_BLUE-NAVY_39,0.9464285714285714,7.98,0.95,1.582,7.55,20,13,12.45,21.13
MUS01,28_1126_TAN_43,0.9464285714285714,7.98,0.95,1.582,7.55,20,13,12.45,21.13
MUS01,16_1042_ANTIC-GOLD_41,0.9107142857142857,7.98,0.95,1.582,7.26,20,12,12.74,21.96
KOS01,14_1028_ROSE-GOLD_40,0.9464285714285714,7.98,0.95,1.582,7.55,20,13,12.45,21.13
MUS01,24_1098_WHITE_40,0.9107142857142857,7.98,0.95,1.582,7.26,20,12,12.74,21.96
COS01,17_1049_BROWN_41,0.9464285714285714,7.98,0.95,1.582,7.55,20,13,12.45,21.13
AHS01,14_1028_WHITE_39,0.9107142857142857,7.98,0.95,1.582,7.26,20,12,12.74,21.96
HYS01,13_1021_WHITE_38,0.9107142857142857,7.98,0.95,1.582,7.26,20,12,12.74,21.96
SUS01,25_1105_BROWN_39,0.9285714285714286,7.98,0.95,1.582,7.41,20,12,12.59,21.54
SUS01,17_1049_BLACK_41,0.9107142857142857,7.98,0.95,1.582,7.26,20,12,12.74,21.96
SUS01,16_1042_TAN_39,0.9464285714285714,7.98,0.95,1.582,7.55,20,13,12.45,21.13
INS01,18_1056_GREY_42,0.9107142857142857,7.98,0.95,1.582,7.26,20,12,12.74,21.96
INS01,14_1028_WHITE_40,0.9464285714285714,7.98,0.95,1.582,7.55,20,13,12.45,21.13
HYS01,11_1007_BLACK_42,0.9464285714285714,7.98,0.95,1.582,7.55,20,13,12.45,21.13
MUS01,25_1105_MAROON_41,0.9285714285714286,7.98,0.95,1.582,7.41,20,12,12.59,21.54
MUS01,25_1105_BROWN_42,0.9107142857142857,7.98,0.95,1.582,7.26,20,12,12.74,21.96
HYS01,10_1000_WHITE_40,0.9464285714285714,7.98,0.95,1.582,7.55,20,13,12.45,21.13
MUS01,21_1077_MAROON_42,0.9285714285714286,7.98,0.95,1.582,7.41,20,12,12.59,21.54
SUS01,27_1119_WHITE_38,0.9107142857142857,7.98,0.95,1.582,7.26,20,12,12.74,21.96
AHS01,16_1042_TAN_38,0.9285714285714286,7.98,0.95,1.582,7.41,20,12,12.59,21.54
HYS01,31_1147_MAROON_40,0.9464285714285714,7.98,0.95,1.582,7.55,20,13,12.45,21.13
MUS01,21_1077_BLUE-NAVY_40,0.9464285714285714,7.98,0.95,1.582,7.55,20,13,12.45,21.13
HYS01,31_1147_ANTIC-GOLD_38,0.9107142857142857,7.98,0.95,1.582,7.26,20,12,12.74,21.96
AHS01,17_1049_BLACK_39,0.9107142857142857,7.98,0.95,1.582,7.26,20,12,12.74,21.96
COS01,28_1126_TAN_41,0.9285714285714286,7.98,0.95,1.582,7.41,20,12,12.59,21.54
SUS01,12_1014_ANTIC-GOLD_37,0.9285714285714286,7.98,0.95,1.582,7.41,20,12,12.59,21.54
COS01,33_1161_BLUE-NAVY_40,0.9285714285714286,7.98,0.95,1.582,7.41,20,12,12.59,21.54
SUS01,26_1112_WHITE_39,0.9285714285714286,7.98,0.95,1.582,7.41,20,12,12.59,21.54
PUS01,24_1098_WHITE_41,0.9107142857142857,7.98,0.95,1.582,7.26,20,12,12.74,21.96
MUS01,14_1028_NAVY_38,0.9464285714285714,7.98,0.95,1.582,7.55,20,13,12.45,21.13
CHS01,24_1098_MAROON_40,0.9107142857142857,7.98,0.95,1.582,7.26,20,12,12.74,21.96
MAS01,33_1161_BLUE-NAVY_39,0.9107142857142857,7.98,0.95,1.582,7.26,20,12,12.74,21.96
COS01,17_1049_BROWN_38,0.9285714285714286,7.98,0.95,1.582,7.41,20,12,12.59,21.54
BES01,22_1084_NAVY_38,0.8571428571428571,7.98,0.95,1.582,6.84,19,12,12.16,22.17
CHS01,27_1119_WHITE_42,0.8571428571428571,7.98,0.95,1.582,6.84,19,12,12.16,22.17
HYS01,23_1091_BROWN_40,0.875,7.98,0.95,1.582,6.98,19,12,12.02,21.71
KOS01,17_1049_BLACK_41,0.875,7.98,0.95,1.582,6.98,19,12,12.02,21.71
BES01,13_1021_WHITE_41,0.8571428571428571,7.98,0.95,1.582,6.84,19,12,12.16,22.17
AHS01,14_1028_NAVY_39,0.8928571428571429,7.98,0.95,1.582,7.12,19,12,11.879999999999999,21.28
BES01,33_1161_BLUE-NAVY_42,0.8571428571428571,7.98,0.95,1.582,6.84,19,12,12.16,22.17
CHS01,14_1028_NAVY_38,0.875,7.98,0.95,1.582,6.98,19,12,12.02,21.71
MAS01,12_1014_ANTIC-GOLD_39,0.875,7.98,0.95,1.582,6.98,19,12,12.02,21.71
PUS01,21_1077_BLUE-NAVY_41,0.8571428571428571,7.98,0.95,1.582,6.84,19,12,12.16,22.17
PUS01,18_1056_ANTIC-GOLD_41,0.8571428571428571,7.98,0.95,1.582,6.84,19,12,12.16,22.17
CHS01,25_1105_BROWN_39,0.875,7.98,0.95,1.582,6.98,19,12,12.02,21.71
AHS01,12_1014_ROSE-GOLD_37,0.8928571428571429,7.98,0.95,1.582,7.12,19,12,11.879999999999999,21.28
AHS01,14_1028_ROSE-GOLD_38,0.8571428571428571,7.98,0.95,1.582,6.84,19,12,12.16,22.17
BES01,31_1147_ANTIC-GOLD_40,0.8928571428571429,7.98,0.95,1.582,7.12,19,12,11.879999999999999,21.28
SUS01,28_1126_ROSE-GOLD_41,0.8571428571428571,7.98,0.95,1.582,6.84,19,12,12.16,22.17
COS01,12_1014_ANTIC-GOLD_43,0.8571428571428571,7.98,0.95,1.582,6.84,19,12,12.16,22.17
BES01,17_1049_BLACK_39,0.875,7.98,0.95,1.582,6.98,19,12,12.02,21.71
PUS01,20_1070_ANTIC-GOLD_41,0.875,7.98,0.95,1.582,6.98,19,12,12.02,21.71
BES01,33_1161_ROSE-GOLD_39,0.875,7.98,0.95,1.582,6.98,19,12,12.02,21.71
CHS01,30_1140_WHITE_39,0.875,7.98,0.95,1.582,6.98,19,12,12.02,21.71
KOS01,28_1126_BLUE-NAVY_42,0.8928571428571429,7.98,0.95,1.582,7.12,19,12,11.879999999999999,21.28
COS01,11_1007_BLACK_39,0.875,7.98,0.95,1.582,6.98,19,12,12.02,21.71
BES01,17_1049_BLACK_41,0.8571428571428571,7.98,0.95,1.582,6.84,19,12,12.16,22.17
MUS01,17_1049_BLACK_42,0.8928571428571429,7.98,0.95,1.582,7.12,19,12,11.879999999999999,21.28
MUS01,27_1119_WHITE_38,0.8571428571428571,7.98,0.95,1.582,6.84,19,12,12.16,22.17
SUS01,14_1028_ROSE-GOLD_40,0.8571428571428571,7.98,0.95,1.582,6.84,19,12,12.16,22.17
MUS01,18_1056_BLACK_42,0.8928571428571429,7.98,0.95,1.582,7.12,19,12,11.879999999999999,21.28
SUS01,16_1042_ANTIC-GOLD_39,0.8928571428571429,7.98,0.95,1.582,7.12,19,12,11.879999999999999,21.28
MUS01,28_1126_TAN_38,0.875,7.98,0.95,1.582,6.98,19,12,12.02,21.71
INS01,16_1042_ANTIC-GOLD_40,0.8928571428571429,7.98,0.95,1.582,7.12,19,12,11.879999999999999,21.28
AHS01,27_1119_ANTIC-GOLD_43,0.875,7.98,0.95,1.582,6.98,19,12,12.02,21.71
INS01,18_1056_ANTIC-GOLD_38,0.8571428571428571,7.98,0.95,1.582,6.84,19,12,12.16,22.17
KOS01,14_1028_WHITE_41,0.875,7.98,0.95,1.582,6.98,19,12,12.02,21.71
MUS01,29_1133_BROWN_38,0.8571428571428571,7.98,0.95,1.582,6.84,19,12,12.16,22.17
COS01,29_1133_BROWN_39,0.8571428571428571,7.98,0.95,1.582,6.84,19,12,12.16,22.17
SUS01,12_1014_ROSE-GOLD_38,0.8928571428571429,7.98,0.95,1.582,7.12,19,12,11.879999999999999,21.28
MUS01,25_1105_BROWN_38,0.875,7.98,0.95,1.582,6.98,19,12,12.02,21.71
COS01,31_1147_MAROON_42,0.8571428571428571,7.98,0.95,1.582,6.84,19,12,12.16,22.17
HYS01,14_1028_ROSE-GOLD_42,0.8928571428571429,7.98,0.95,1.582,7.12,19,12,11.879999999999999,21.28
MUS01,25_1105_BLACK_40,0.8571428571428571,7.98,0.95,1.582,6.84,19,12,12.16,22.17
MUS01,24_1098_MAROON_40,0.8571428571428571,7.98,0.95,1.582,6.84,19,12,12.16,22.17
SUS01,17_1049_BROWN_42,0.8571428571428571,7.98,0.95,1.582,6.84,19,12,12.16,22.17
INS01,10_1000_BROWN_41,0.875,7.98,0.95,1.582,6.98,19,12,12.02,21.71
HYS01,14_1028_WHITE_39,0.8571428571428571,7.98,0.95,1.582,6.84,19,12,12.16,22.17
BHS01,25_1105_BROWN_41,0.875,7.98,0.95,1.582,6.98,19,12,12.02,21.71
PUS01,31_1147_ANTIC-GOLD_42,0.8928571428571429,7.98,0.95,1.582,7.12,19,12,11.879999999999999,21.28
PUS01,31_1147_MAROON_42,0.8928571428571429,7.98,0.95,1.582,7.12,19,12,11.879999999999999,21.28
MUS01,16_1042_ANTIC-GOLD_40,0.8571428571428571,7.98,0.95,1.582,6.84,19,12,12.16,22.17
AHS01,31_1147_WHITE_38,0.8571428571428571,7.98,0.95,1.582,6.84,19,12,12.16,22.17
PUS01,25_1105_BLACK_41,0.8571428571428571,7.98,0.95,1.582,6.84,19,12,12.16,22.17
PUS01,25_1105_BROWN_43,0.8571428571428571,7.98,0.95,1.582,6.84,19,12,12.16,22.17
KOS01,25_1105_MAROON_40,0.875,7.98,0.95,1.582,6.98,19,12,12.02,21.71
COS01,13_1021_BROWN_42,0.8928571428571429,7.98,0.95,1.582,7.12,19,12,11.879999999999999,21.28
CHS01,13_1021_WHITE_40,0.8571428571428571,7.98,0.95,1.582,6.84,19,12,12.16,22.17
BES01,12_1014_ROSE-GOLD_37,0.8571428571428571,7.98,0.95,1.582,6.84,19,12,12.16,22.17
COS01,16_1042_ANTIC-GOLD_40,0.8928571428571429,7.98,0.95,1.582,7.12,19,12,11.879999999999999,21.28
KOS01,23_1091_BROWN_42,0.8571428571428571,7.98,0.95,1.582,6.84,19,12,12.16,22.17
BHS01,16_1042_BLUE-NAVY_38,0.8571428571428571,7.98,0.95,1.582,6.84,19,12,12.16,22.17
SUS01,28_1126_ROSE-GOLD_40,0.875,7.98,0.95,1.582,6.98,19,12,12.02,21.71
COS01,12_1014_BROWN_44,0.8928571428571429,7.98,0.95,1.582,7.12,19,12,11.879999999999999,21.28
BHS01,12_1014_ANTIC-GOLD_37,0.875,7.98,0.95,1.582,6.98,19,12,12.02,21.71
COS01,10_1000_WHITE_41,0.875,7.98,0.95,1.582,6.98,19,12,12.02,21.71
BHS01,31_1147_WHITE_38,0.8035714285714286,7.98,0.95,1.582,6.41,18,11,11.59,22.4
PUS01,30_1140_WHITE_39,0.8392857142857143,7.98,0.95,1.582,6.69,18,11,11.309999999999999,21.45
KOS01,13_1021_BROWN_41,0.8392857142857143,7.98,0.95,1.582,6.69,18,11,11.309999999999999,21.45
SUS01,10_1000_WHITE_39,0.8392857142857143,7.98,0.95,1.582,6.69,18,11,11.309999999999999,21.45
INS01,16_1042_BLUE-NAVY_41,0.8214285714285714,7.98,0.95,1.582,6.55,18,11,11.45,21.91
INS01,17_1049_MAROON_41,0.8392857142857143,7.98,0.95,1.582,6.69,18,11,11.309999999999999,21.45
HYS01,10_1000_BROWN_40,0.8214285714285714,7.98,0.95,1.582,6.55,18,11,11.45,21.91
HYS01,10_1000_BROWN_41,0.8392857142857143,7.98,0.95,1.582,6.69,18,11,11.309999999999999,21.45
HYS01,10_1000_WHITE_42,0.8214285714285714,7.98,0.95,1.582,6.55,18,11,11.45,21.91
INS01,18_1056_GREY_40,0.8214285714285714,7.98,0.95,1.582,6.55,18,11,11.45,21.91
INS01,14_1028_ROSE-GOLD_41,0.8214285714285714,7.98,0.95,1.582,6.55,18,11,11.45,21.91
HYS01,11_1007_BLACK_39,0.8392857142857143,7.98,0.95,1.582,6.69,18,11,11.309999999999999,21.45
AHS01,20_1070_ANTIC-GOLD_41,0.8214285714285714,7.98,0.95,1.582,6.55,18,11,11.45,21.91
HYS01,16_1042_TAN_40,0.8214285714285714,7.98,0.95,1.582,6.55,18,11,11.45,21.91
SUS01,16_1042_TAN_40,0.8214285714285714,7.98,0.95,1.582,6.55,18,11,11.45,21.91
AHS01,10_1000_WHITE_40,0.8214285714285714,7.98,0.95,1.582,6.55,18,11,11.45,21.91
AHS01,17_1049_BLACK_37,0.8392857142857143,7.98,0.95,1.582,6.69,18,11,11.309999999999999,21.45
AHS01,16_1042_TAN_39,0.8035714285714286,7.98,0.95,1.582,6.41,18,11,11.59,22.4
BHS01,23_1091_BROWN_39,0.8035714285714286,7.98,0.95,1.582,6.41,18,11,11.59,22.4
MUS01,23_1091_BLUE-NAVY_42,0.8392857142857143,7.98,0.95,1.582,6.69,18,11,11.309999999999999,21.45
INS01,12_1014_ROSE-GOLD_43,0.8035714285714286,7.98,0.95,1.582,6.41,18,11,11.59,22.4
HYS01,13_1021_WHITE_41,0.8035714285714286,7.98,0.95,1.582,6.41,18,11,11.59,22.4
HYS01,14_1028_ROSE-GOLD_38,0.8392857142857143,7.98,0.95,1.582,6.69,18,11,11.309999999999999,21.45
SUS01,16_1042_TAN_41,0.8392857142857143,7.98,0.95,1.582,6.69,18,11,11.309999999999999,21.45
AHS01,25_1105_BROWN_39,0.8392857142857143,7.98,0.95,1.582,6.69,18,11,11.309999999999999,21.45
BHS01,28_1126_ROSE-GOLD_40,0.8035714285714286,7.98,0.95,1.582,6.41,18,11,11.59,22.4
BHS01,18_1056_BLACK_39,0.8035714285714286,7.98,0.95,1.582,6.41,18,11,11.59,22.4
BHS01,18_1056_GREY_43,0.8035714285714286,7.98,0.95,1.582,6.41,18,11,11.59,22.4
KOS01,13_1021_BROWN_39,0.8214285714285714,7.98,0.95,1.582,6.55,18,11,11.45,21.91
MUS01,13_1021_BROWN_38,0.8214285714285714,7.98,0.95,1.582,6.55,18,11,11.45,21.91
PUS01,23_1091_BROWN_41,0.8392857142857143,7.98,0.95,1.582,6.69,18,11,11.309999999999999,21.45
BES01,17_1049_BLACK_38,0.8035714285714286,7.98,0.95,1.582,6.41,18,11,11.59,22.4
COS01,12_1014_BROWN_43,0.8214285714285714,7.98,0.95,1.582,6.55,18,11,11.45,21.91
PUS01,11_1007_TAN_41,0.8214285714285714,7.98,0.95,1.582,6.55,18,11,11.45,21.91
BHS01,12_1014_ROSE-GOLD_37,0.8035714285714286,7.98,0.95,1.582,6.41,18,11,11.59,22.4
BES01,16_1042_TAN_40,0.8035714285714286,7.98,0.95,1.582,6.41,18,11,11.59,22.4
COS01,13_1021_BROWN_40,0.8214285714285714,7.98,0.95,1.582,6.55,18,11,11.45,21.91
COS01,12_1014_ROSE-GOLD_38,0.8035714285714286,7.98,0.95,1.582,6.41,18,11,11.59,22.4
PUS01,25_1105_BROWN_41,0.8035714285714286,7.98,0.95,1.582,6.41,18,11,11.59,22.4
BES01,14_1028_ROSE-GOLD_38,0.8214285714285714,7.98,0.95,1.582,6.55,18,11,11.45,21.91
PUS01,11_1007_BLACK_39,0.8035714285714286,7.98,0.95,1.582,6.41,18,11,11.59,22.4
KOS01,18_1056_GREY_38,0.8035714285714286,7.98,0.95,1.582,6.41,18,11,11.59,22.4
KOS01,24_1098_MAROON_40,0.8035714285714286,7.98,0.95,1.582,6.41,18,11,11.59,22.4
COS01,13_1021_WHITE_40,0.8392857142857143,7.98,0.95,1.582,6.69,18,11,11.309999999999999,21.45
BHS01,16_1042_BLUE-NAVY_42,0.8035714285714286,7.98,0.95,1.582,6.41,18,11,11.59,22.4
BES01,11_1007_BLACK_40,0.8035714285714286,7.98,0.95,1.582,6.41,18,11,11.59,22.4
MUS01,14_1028_WHITE_39,0.8035714285714286,7.98,0.95,1.582,6.41,18,11,11.59,22.4
KOS01,17_1049_BLACK_40,0.8392857142857143,7.98,0.95,1.582,6.69,18,11,11.309999999999999,21.45
BHS01,14_1028_ROSE-GOLD_40,0.8392857142857143,7.98,0.95,1.582,6.69,18,11,11.309999999999999,21.45
PUS01,25_1105_BLACK_42,0.8392857142857143,7.98,0.95,1.582,6.69,18,11,11.309999999999999,21.45
BES01,23_1091_BROWN_42,0.8214285714285714,7.98,0.95,1.582,6.55,18,11,11.45,21.91
BES01,23_1091_BLACK_39,0.8214285714285714,7.98,0.95,1.582,6.55,18,11,11.45,21.91
CHS01,18_1056_GREY_40,0.8214285714285714,7.98,0.95,1.582,6.55,18,11,11.45,21.91
CHS01,25_1105_MAROON_41,0.8392857142857143,7.98,0.95,1.582,6.69,18,11,11.309999999999999,21.45
CHS01,25_1105_BROWN_42,0.8392857142857143,7.98,0.95,1.582,6.69,18,11,11.309999999999999,21.45
CHS01,23_1091_BLACK_40,0.8214285714285714,7.98,0.95,1.582,6.55,18,11,11.45,21.91
AHS01,10_1000_ROSE-GOLD_41,0.8214285714285714,7.98,0.95,1.582,6.55,18,11,11.45,21.91
SUS01,28_1126_ROSE-GOLD_39,0.8214285714285714,7.98,0.95,1.582,6.55,18,11,11.45,21.91
AHS01,14_1028_NAVY_41,0.8214285714285714,7.98,0.95,1.582,6.55,18,11,11.45,21.91
SUS01,31_1147_WHITE_40,0.8214285714285714,7.98,0.95,1.582,6.55,18,11,11.45,21.91
MUS01,22_1084_NAVY_42,0.7857142857142857,7.98,0.95,1.582,6.27,17,11,10.73,21.64
SUS01,25_1105_MAROON_39,0.7678571428571429,7.98,0.95,1.582,6.12,17,11,10.879999999999999,22.14
HYS01,21_1077_MAROON_38,0.7678571428571429,7.98,0.95,1.582,6.12,17,11,10.879999999999999,22.14
CHS01,23_1091_BLACK_41,0.7678571428571429,7.98,0.95,1.582,6.12,17,11,10.879999999999999,22.14
BES01,28_1126_TAN_42,0.7857142857142857,7.98,0.95,1.582,6.27,17,11,10.73,21.64
BES01,29_1133_BROWN_38,0.7678571428571429,7.98,0.95,1.582,6.12,17,11,10.879999999999999,22.14
PUS01,16_1042_TAN_39,0.7857142857142857,7.98,0.95,1.582,6.27,17,11,10.73,21.64
HYS01,31_1147_MAROON_41,0.7678571428571429,7.98,0.95,1.582,6.12,17,11,10.879999999999999,22.14
MAS01,17_1049_MAROON_39,0.7857142857142857,7.98,0.95,1.582,6.27,17,11,10.73,21.64
BES01,26_1112_WHITE_44,0.7857142857142857,7.98,0.95,1.582,6.27,17,11,10.73,21.64
BES01,24_1098_WHITE_40,0.7857142857142857,7.98,0.95,1.582,6.27,17,11,10.73,21.64
SUS01,25_1105_BLACK_40,0.7857142857142857,7.98,0.95,1.582,6.27,17,11,10.73,21.64
SUS01,25_1105_MAROON_40,0.7678571428571429,7.98,0.95,1.582,6.12,17,11,10.879999999999999,22.14
CHS01,18_1056_ANTIC-GOLD_38,0.7678571428571429,7.98,0.95,1.582,6.12,17,11,10.879999999999999,22.14
INS01,10_1000_WHITE_41,0.7857142857142857,7.98,0.95,1.582,6.27,17,11,10.73,21.64
MAS01,12_1014_ROSE-GOLD_38,0.7678571428571429,7.98,0.95,1.582,6.12,17,11,10.879999999999999,22.14
MUS01,21_1077_BLUE-NAVY_39,0.7678571428571429,7.98,0.95,1.582,6.12,17,11,10.879999999999999,22.14
PUS01,20_1070_ANTIC-GOLD_40,0.7857142857142857,7.98,0.95,1.582,6.27,17,11,10.73,21.64
PUS01,13_1021_BROWN_42,0.7678571428571429,7.98,0.95,1.582,6.12,17,11,10.879999999999999,22.14
INS01,11_1007_TAN_41,0.7678571428571429,7.98,0.95,1.582,6.12,17,11,10.879999999999999,22.14
BHS01,12_1014_ROSE-GOLD_42,0.7678571428571429,7.98,0.95,1.582,6.12,17,11,10.879999999999999,22.14
INS01,28_1126_BLUE-NAVY_41,0.7857142857142857,7.98,0.95,1.582,6.27,17,11,10.73,21.64
CHS01,10_1000_WHITE_39,0.7678571428571429,7.98,0.95,1.582,6.12,17,11,10.879999999999999,22.14
AHS01,33_1161_BLUE-NAVY_42,0.7857142857142857,7.98,0.95,1.582,6.27,17,11,10.73,21.64
COS01,13_1021_BROWN_39,0.7678571428571429,7.98,0.95,1.582,6.12,17,11,10.879999999999999,22.14
HYS01,23_1091_BROWN_42,0.7857142857142857,7.98,0.95,1.582,6.27,17,11,10.73,21.64
PUS01,10_1000_BROWN_42,0.7678571428571429,7.98,0.95,1.582,6.12,17,11,10.879999999999999,22.14
BHS01,25_1105_BLACK_40,0.7678571428571429,7.98,0.95,1.582,6.12,17,11,10.879999999999999,22.14
SUS01,28_1126_ROSE-GOLD_38,0.7678571428571429,7.98,0.95,1.582,6.12,17,11,10.879999999999999,22.14
BES01,13_1021_WHITE_38,0.7857142857142857,7.98,0.95,1.582,6.27,17,11,10.73,21.64
KOS01,16_1042_TAN_43,0.7678571428571429,7.98,0.95,1.582,6.12,17,11,10.879999999999999,22.14
KOS01,14_1028_WHITE_42,0.7857142857142857,7.98,0.95,1.582,6.27,17,11,10.73,21.64
KOS01,23_1091_BROWN_39,0.7678571428571429,7.98,0.95,1.582,6.12,17,11,10.879999999999999,22.14
KOS01,25_1105_MAROON_38,0.7678571428571429,7.98,0.95,1.582,6.12,17,11,10.879999999999999,22.14
KOS01,25_1105_MAROON_39,0.7857142857142857,7.98,0.95,1.582,6.27,17,11,10.73,21.64
BHS01,20_1070_ANTIC-GOLD_41,0.7678571428571429,7.98,0.95,1.582,6.12,17,11,10.879999999999999,22.14
PUS01,12_1014_ANTIC-GOLD_37,0.7857142857142857,7.98,0.95,1.582,6.27,17,11,10.73,21.64
INS01,18_1056_GREY_41,0.7857142857142857,7.98,0.95,1.582,6.27,17,11,10.73,21.64
MUS01,17_1049_BLACK_38,0.7678571428571429,7.98,0.95,1.582,6.12,17,11,10.879999999999999,22.14
BES01,16_1042_TAN_41,0.7857142857142857,7.98,0.95,1.582,6.27,17,11,10.73,21.64
MUS01,33_1161_ROSE-GOLD_42,0.7678571428571429,7.98,0.95,1.582,6.12,17,11,10.879999999999999,22.14
BES01,16_1042_TAN_42,0.7857142857142857,7.98,0.95,1.582,6.27,17,11,10.73,21.64
BHS01,11_1007_BLACK_41,0.7678571428571429,7.98,0.95,1.582,6.12,17,11,10.879999999999999,22.14
INS01,18_1056_GREY_39,0.7678571428571429,7.98,0.95,1.582,6.12,17,11,10.879999999999999,22.14
AHS01,29_1133_BROWN_41,0.7857142857142857,7.98,0.95,1.582,6.27,17,11,10.73,21.64
INS01,16_1042_BLUE-NAVY_39,0.7678571428571429,7.98,0.95,1.582,6.12,17,11,10.879999999999999,22.14
KOS01,28_1126_ROSE-GOLD_40,0.7857142857142857,7.98,0.95,1.582,6.27,17,11,10.73,21.64
BHS01,28_1126_BLUE-NAVY_39,0.7857142857142857,7.98,0.95,1.582,6.27,17,11,10.73,21.64
BES01,18_1056_BLACK_42,0.7678571428571429,7.98,0.95,1.582,6.12,17,11,10.879999999999999,22.14
INS01,14_1028_ROSE-GOLD_42,0.75,7.98,0.95,1.582,5.98,16,11,10.02,21.33
CHS01,16_1042_TAN_37,0.7321428571428571,7.98,0.95,1.582,5.84,16,10,10.16,21.85
CHS01,16_1042_ANTIC-GOLD_41,0.75,7.98,0.95,1.582,5.98,16,11,10.02,21.33
BHS01,21_1077_BLUE-NAVY_43,0.7321428571428571,7.98,0.95,1.582,5.84,16,10,10.16,21.85
CHS01,18_1056_ANTIC-GOLD_41,0.75,7.98,0.95,1.582,5.98,16,11,10.02,21.33
HYS01,17_1049_MAROON_42,0.7142857142857143,7.98,0.95,1.582,5.7,16,10,10.3,22.4
BHS01,21_1077_BLUE-NAVY_41,0.7142857142857143,7.98,0.95,1.582,5.7,16,10,10.3,22.4
MUS01,25_1105_BLACK_41,0.75,7.98,0.95,1.582,5.98,16,11,10.02,21.33
CHS01,28_1126_BLUE-NAVY_43,0.75,7.98,0.95,1.582,5.98,16,11,10.02,21.33
BES01,31_1147_ANTIC-GOLD_38,0.7321428571428571,7.98,0.95,1.582,5.84,16,10,10.16,21.85
SUS01,16_1042_BLUE-NAVY_40,0.7321428571428571,7.98,0.95,1.582,5.84,16,10,10.16,21.85
AHS01,25_1105_BLACK_38,0.7321428571428571,7.98,0.95,1.582,5.84,16,10,10.16,21.85
CHS01,28_1126_TAN_37,0.7142857142857143,7.98,0.95,1.582,5.7,16,10,10.3,22.4
MAS01,12_1014_ANTIC-GOLD_38,0.7321428571428571,7.98,0.95,1.582,5.84,16,10,10.16,21.85
MUS01,23_1091_BLACK_41,0.7321428571428571,7.98,0.95,1.582,5.84,16,10,10.16,21.85
PUS01,14_1028_NAVY_42,0.7321428571428571,7.98,0.95,1.582,5.84,16,10,10.16,21.85
HYS01,17_1049_BLACK_39,0.7321428571428571,7.98,0.95,1.582,5.84,16,10,10.16,21.85
MAS01,12_1014_BROWN_38,0.7142857142857143,7.98,0.95,1.582,5.7,16,10,10.3,22.4
CHS01,27_1119_ANTIC-GOLD_43,0.7142857142857143,7.98,0.95,1.582,5.7,16,10,10.3,22.4
CHS01,27_1119_ANTIC-GOLD_41,0.7321428571428571,7.98,0.95,1.582,5.84,16,10,10.16,21.85
COS01,18_1056_GREY_39,0.7142857142857143,7.98,0.95,1.582,5.7,16,10,10.3,22.4
COS01,17_1049_MAROON_42,0.7142857142857143,7.98,0.95,1.582,5.7,16,10,10.3,22.4
COS01,17_1049_BLACK_41,0.75,7.98,0.95,1.582,5.98,16,11,10.02,21.33
BES01,12_1014_BROWN_37,0.7321428571428571,7.98,0.95,1.582,5.84,16,10,10.16,21.85
BES01,11_1007_TAN_41,0.75,7.98,0.95,1.582,5.98,16,11,10.02,21.33
CHS01,13_1021_WHITE_42,0.7142857142857143,7.98,0.95,1.582,5.7,16,10,10.3,22.4
SUS01,12_1014_ROSE-GOLD_43,0.75,7.98,0.95,1.582,5.98,16,11,10.02,21.33
BES01,14_1028_ROSE-GOLD_42,0.7142857142857143,7.98,0.95,1.582,5.7,16,10,10.3,22.4
PUS01,31_1147_ANTIC-GOLD_38,0.75,7.98,0.95,1.582,5.98,16,11,10.02,21.33
BHS01,33_1161_ROSE-GOLD_40,0.75,7.98,0.95,1.582,5.98,16,11,10.02,21.33
COS01,28_1126_TAN_39,0.7142857142857143,7.98,0.95,1.582,5.7,16,10,10.3,22.4
COS01,29_1133_BROWN_38,0.7321428571428571,7.98,0.95,1.582,5.84,16,10,10.16,21.85
MUS01,10_1000_ROSE-GOLD_42,0.7142857142857143,7.98,0.95,1.582,5.7,16,10,10.3,22.4
HYS01,11_1007_BLACK_43,0.75,7.98,0.95,1.582,5.98,16,11,10.02,21.33
BHS01,28_1126_ROSE-GOLD_38,0.75,7.98,0.95,1.582,5.98,16,11,10.02,21.33
AHS01,19_1063_MAROON_40,0.75,7.98,0.95,1.582,5.98,16,11,10.02,21.33
MAS01,14_1028_NAVY_41,0.75,7.98,0.95,1.582,5.98,16,11,10.02,21.33
BES01,26_1112_WHITE_37,0.7142857142857143,7.98,0.95,1.582,5.7,16,10,10.3,22.4
MAS01,27_1119_WHITE_39,0.75,7.98,0.95,1.582,5.98,16,11,10.02,21.33
SUS01,33_1161_ROSE-GOLD_42,0.7321428571428571,7.98,0.95,1.582,5.84,16,10,10.16,21.85
MUS01,23_1091_BLACK_38,0.7321428571428571,7.98,0.95,1.582,5.84,16,10,10.16,21.85
BHS01,27_1119_ANTIC-GOLD_40,0.7321428571428571,7.98,0.95,1.582,5.84,16,10,10.16,21.85
CHS01,22_1084_NAVY_39,0.7321428571428571,7.98,0.95,1.582,5.84,16,10,10.16,21.85
MAS01,18_1056_ANTIC-GOLD_39,0.75,7.98,0.95,1.582,5.98,16,11,10.02,21.33
MAS01,18_1056_BLACK_38,0.7321428571428571,7.98,0.95,1.582,5.84,16,10,10.16,21.85
AHS01,17_1049_MAROON_39,0.7142857142857143,7.98,0.95,1.582,5.7,16,10,10.3,22.4
HYS01,19_1063_MAROON_38,0.7142857142857143,7.98,0.95,1.582,5.7,16,10,10.3,22.4
HYS01,33_1161_ROSE-GOLD_39,0.7142857142857143,7.98,0.95,1.582,5.7,16,10,10.3,22.4
PUS01,17_1049_BLACK_39,0.7142857142857143,7.98,0.95,1.582,5.7,16,10,10.3,22.4
MAS01,12_1014_ROSE-GOLD_41,0.7321428571428571,7.98,0.95,1.582,5.84,16,10,10.16,21.85
BHS01,22_1084_NAVY_39,0.7142857142857143,7.98,0.95,1.582,5.7,16,10,10.3,22.4
HYS01,17_1049_BROWN_42,0.75,7.98,0.95,1.582,5.98,16,11,10.02,21.33
HYS01,17_1049_MAROON_43,0.7142857142857143,7.98,0.95,1.582,5.7,16,10,10.3,22.4
CHS01,17_1049_MAROON_43,0.75,7.98,0.95,1.582,5.98,16,11,10.02,21.33
MUS01,24_1098_MAROON_39,0.7142857142857143,7.98,0.95,1.582,5.7,16,10,10.3,22.4
BHS01,23_1091_BLACK_39,0.7321428571428571,7.98,0.95,1.582,5.84,16,10,10.16,21.85
PUS01,14_1028_NAVY_40,0.75,7.98,0.95,1.582,5.98,16,11,10.02,21.33
MAS01,18_1056_ANTIC-GOLD_40,0.7142857142857143,7.98,0.95,1.582,5.7,16,10,10.3,22.4
SUS01,24_1098_WHITE_39,0.75,7.98,0.95,1.582,5.98,16,11,10.02,21.33
CHS01,24_1098_MAROON_41,0.7321428571428571,7.98,0.95,1.582,5.84,16,10,10.16,21.85
AHS01,17_1049_BLACK_40,0.7321428571428571,7.98,0.95,1.582,5.84,16,10,10.16,21.85
AHS01,16_1042_TAN_40,0.7321428571428571,7.98,0.95,1.582,5.84,16,10,10.16,21.85
CHS01,23_1091_BLACK_39,0.7321428571428571,7.98,0.95,1.582,5.84,16,10,10.16,21.85
AHS01,14_1028_ROSE-GOLD_42,0.7321428571428571,7.98,0.95,1.582,5.84,16,10,10.16,21.85
AHS01,13_1021_BROWN_39,0.7142857142857143,7.98,0.95,1.582,5.7,16,10,10.3,22.4
SUS01,33_1161_BLUE-NAVY_39,0.7142857142857143,7.98,0.95,1.582,5.7,16,10,10.3,22.4
COS01,17_1049_MAROON_41,0.7142857142857143,7.98,0.95,1.582,5.7,16,10,10.3,22.4
MUS01,33_1161_ROSE-GOLD_39,0.75,7.98,0.95,1.582,5.98,16,11,10.02,21.33
COS01,17_1049_BROWN_42,0.75,7.98,0.95,1.582,5.98,16,11,10.02,21.33
MUS01,14_1028_WHITE_38,0.75,7.98,0.95,1.582,5.98,16,11,10.02,21.33
CHS01,11_1007_TAN_42,0.7321428571428571,7.98,0.95,1.582,5.84,16,10,10.16,21.85
KOS01,17_1049_BROWN_42,0.7142857142857143,7.98,0.95,1.582,5.7,16,10,10.3,22.4
MUS01,14_1028_ROSE-GOLD_38,0.7321428571428571,7.98,0.95,1.582,5.84,16,10,10.16,21.85
BES01,11_1007_TAN_39,0.7142857142857143,7.98,0.95,1.582,5.7,16,10,10.3,22.4
AHS01,31_1147_MAROON_41,0.7321428571428571,7.98,0.95,1.582,5.84,16,10,10.16,21.85
SUS01,12_1014_ROSE-GOLD_37,0.7321428571428571,7.98,0.95,1.582,5.84,16,10,10.16,21.85
INS01,25_1105_MAROON_41,0.7142857142857143,7.98,0.95,1.582,5.7,16,10,10.3,22.4
KOS01,10_1000_BROWN_40,0.7142857142857143,7.98,0.95,1.582,5.7,16,10,10.3,22.4
KOS01,14_1028_ROSE-GOLD_42,0.75,7.98,0.95,1.582,5.98,16,11,10.02,21.33
BHS01,17_1049_BROWN_40,0.75,7.98,0.95,1.582,5.98,16,11,10.02,21.33
AHS01,31_1147_ANTIC-GOLD_39,0.7321428571428571,7.98,0.95,1.582,5.84,16,10,10.16,21.85
PUS01,11_1007_BLACK_42,0.75,7.98,0.95,1.582,5.98,16,11,10.02,21.33
INS01,20_1070_ANTIC-GOLD_39,0.75,7.98,0.95,1.582,5.98,16,11,10.02,21.33
MUS01,33_1161_ROSE-GOLD_41,0.7142857142857143,7.98,0.95,1.582,5.7,16,10,10.3,22.4
BES01,16_1042_ANTIC-GOLD_40,0.75,7.98,0.95,1.582,5.98,16,11,10.02,21.33
MUS01,16_1042_BLUE-NAVY_43,0.7142857142857143,7.98,0.95,1.582,5.7,16,10,10.3,22.4
PUS01,10_1000_BROWN_40,0.7142857142857143,7.98,0.95,1.582,5.7,16,10,10.3,22.4
KOS01,31_1147_WHITE_40,0.7321428571428571,7.98,0.95,1.582,5.84,16,10,10.16,21.85
MUS01,17_1049_MAROON_39,0.7321428571428571,7.98,0.95,1.582,5.84,16,10,10.16,21.85
KOS01,28_1126_BLUE-NAVY_40,0.75,7.98,0.95,1.582,5.98,16,11,10.02,21.33
CHS01,33_1161_ROSE-GOLD_39,0.7142857142857143,7.98,0.95,1.582,5.7,16,10,10.3,22.4
INS01,18_1056_ANTIC-GOLD_40,0.7142857142857143,7.98,0.95,1.582,5.7,16,10,10.3,22.4
HYS01,11_1007_TAN_41,0.75,7.98,0.95,1.582,5.98,16,11,10.02,21.33
MUS01,24_1098_WHITE_41,0.7321428571428571,7.98,0.95,1.582,5.84,16,10,10.16,21.85
INS01,18_1056_ANTIC-GOLD_42,0.75,7.98,0.95,1.582,5.98,16,11,10.02,21.33
INS01,25_1105_BROWN_39,0.7142857142857143,7.98,0.95,1.582,5.7,16,10,10.3,22.4
INS01,31_1147_ANTIC-GOLD_42,0.75,7.98,0.95,1.582,5.98,16,11,10.02,21.33
CHS01,21_1077_BLUE-NAVY_40,0.6785714285714286,7.98,0.95,1.582,5.41,15,10,9.59,22.11
CHS01,19_1063_MAROON_43,0.6964285714285714,7.98,0.95,1.582,5.55,15,10,9.45,21.54
MAS01,28_1126_TAN_43,0.6785714285714286,7.98,0.95,1.582,5.41,15,10,9.59,22.11
AHS01,10_1000_ROSE-GOLD_38,0.6964285714285714,7.98,0.95,1.582,5.55,15,10,9.45,21.54
HYS01,28_1126_TAN_43,0.6607142857142857,7.98,0.95,1.582,5.27,15,10,9.73,22.7
AHS01,10_1000_ROSE-GOLD_42,0.6607142857142857,7.98,0.95,1.582,5.27,15,10,9.73,22.7
HYS01,31_1147_MAROON_38,0.6964285714285714,7.98,0.95,1.582,5.55,15,10,9.45,21.54
PUS01,16_1042_TAN_37,0.6607142857142857,7.98,0.95,1.582,5.27,15,10,9.73,22.7
AHS01,18_1056_ANTIC-GOLD_43,0.6964285714285714,7.98,0.95,1.582,5.55,15,10,9.45,21.54
MAS01,17_1049_BLACK_39,0.6607142857142857,7.98,0.95,1.582,5.27,15,10,9.73,22.7
CHS01,22_1084_NAVY_42,0.6964285714285714,7.98,0.95,1.582,5.55,15,10,9.45,21.54
MAS01,28_1126_TAN_41,0.6607142857142857,7.98,0.95,1.582,5.27,15,10,9.73,22.7
PUS01,18_1056_ANTIC-GOLD_37,0.6964285714285714,7.98,0.95,1.582,5.55,15,10,9.45,21.54
SUS01,17_1049_BLACK_39,0.6607142857142857,7.98,0.95,1.582,5.27,15,10,9.73,22.7
MUS01,25_1105_BLACK_43,0.6785714285714286,7.98,0.95,1.582,5.41,15,10,9.59,22.11
SUS01,17_1049_MAROON_42,0.6607142857142857,7.98,0.95,1.582,5.27,15,10,9.73,22.7
CHS01,27_1119_WHITE_38,0.6785714285714286,7.98,0.95,1.582,5.41,15,10,9.59,22.11
MAS01,31_1147_WHITE_40,0.6964285714285714,7.98,0.95,1.582,5.55,15,10,9.45,21.54
BES01,31_1147_MAROON_38,0.6964285714285714,7.98,0.95,1.582,5.55,15,10,9.45,21.54
INS01,10_1000_BROWN_39,0.6607142857142857,7.98,0.95,1.582,5.27,15,10,9.73,22.7
HYS01,17_1049_MAROON_38,0.6964285714285714,7.98,0.95,1.582,5.55,15,10,9.45,21.54
PUS01,17_1049_BLACK_43,0.6607142857142857,7.98,0.95,1.582,5.27,15,10,9.73,22.7
MUS01,21_1077_BLUE-NAVY_41,0.6964285714285714,7.98,0.95,1.582,5.55,15,10,9.45,21.54
BHS01,22_1084_NAVY_40,0.6964285714285714,7.98,0.95,1.582,5.55,15,10,9.45,21.54
MUS01,23_1091_BLUE-NAVY_43,0.6607142857142857,7.98,0.95,1.582,5.27,15,10,9.73,22.7
BES01,23_1091_BLUE-NAVY_40,0.6785714285714286,7.98,0.95,1.582,5.41,15,10,9.59,22.11
SUS01,17_1049_MAROON_40,0.6607142857142857,7.98,0.95,1.582,5.27,15,10,9.73,22.7
CHS01,23_1091_BROWN_42,0.6785714285714286,7.98,0.95,1.582,5.41,15,10,9.59,22.11
MAS01,17_1049_BLACK_41,0.6785714285714286,7.98,0.95,1.582,5.41,15,10,9.59,22.11
MAS01,17_1049_BLACK_40,0.6964285714285714,7.98,0.95,1.582,5.55,15,10,9.45,21.54
AHS01,18_1056_GREY_38,0.6964285714285714,7.98,0.95,1.582,5.55,15,10,9.45,21.54
HYS01,11_1007_BLACK_40,0.6964285714285714,7.98,0.95,1.582,5.55,15,10,9.45,21.54
SUS01,14_1028_WHITE_38,0.6607142857142857,7.98,0.95,1.582,5.27,15,10,9.73,22.7
INS01,14_1028_WHITE_39,0.6964285714285714,7.98,0.95,1.582,5.55,15,10,9.45,21.54
HYS01,13_1021_BROWN_42,0.6964285714285714,7.98,0.95,1.582,5.55,15,10,9.45,21.54
INS01,14_1028_NAVY_42,0.6785714285714286,7.98,0.95,1.582,5.41,15,10,9.59,22.11
AHS01,25_1105_BROWN_41,0.6785714285714286,7.98,0.95,1.582,5.41,15,10,9.59,22.11
SUS01,14_1028_WHITE_40,0.6785714285714286,7.98,0.95,1.582,5.41,15,10,9.59,22.11
SUS01,14_1028_WHITE_39,0.6964285714285714,7.98,0.95,1.582,5.55,15,10,9.45,21.54
CHS01,30_1140_WHITE_40,0.6607142857142857,7.98,0.95,1.582,5.27,15,10,9.73,22.7
HYS01,14_1028_ROSE-GOLD_40,0.6607142857142857,7.98,0.95,1.582,5.27,15,10,9.73,22.7
BHS01,21_1077_MAROON_42,0.6785714285714286,7.98,0.95,1.582,5.41,15,10,9.59,22.11
BES01,19_1063_MAROON_41,0.6607142857142857,7.98,0.95,1.582,5.27,15,10,9.73,22.7
CHS01,18_1056_GREY_43,0.6607142857142857,7.98,0.95,1.582,5.27,15,10,9.73,22.7
INS01,16_1042_ANTIC-GOLD_39,0.6785714285714286,7.98,0.95,1.582,5.41,15,10,9.59,22.11
BES01,17_1049_BROWN_38,0.6964285714285714,7.98,0.95,1.582,5.55,15,10,9.45,21.54
INS01,22_1084_NAVY_39,0.6607142857142857,7.98,0.95,1.582,5.27,15,10,9.73,22.7
BES01,33_1161_ROSE-GOLD_38,0.6607142857142857,7.98,0.95,1.582,5.27,15,10,9.73,22.7
PUS01,12_1014_ANTIC-GOLD_44,0.6607142857142857,7.98,0.95,1.582,5.27,15,10,9.73,22.7
KOS01,31_1147_WHITE_39,0.6607142857142857,7.98,0.95,1.582,5.27,15,10,9.73,22.7
MUS01,10_1000_ROSE-GOLD_38,0.6964285714285714,7.98,0.95,1.582,5.55,15,10,9.45,21.54
KOS01,31_1147_ANTIC-GOLD_41,0.6607142857142857,7.98,0.95,1.582,5.27,15,10,9.73,22.7
MUS01,25_1105_MAROON_38,0.6607142857142857,7.98,0.95,1.582,5.27,15,10,9.73,22.7
KOS01,30_1140_WHITE_40,0.6785714285714286,7.98,0.95,1.582,5.41,15,10,9.59,22.11
KOS01,31_1147_ANTIC-GOLD_38,0.6607142857142857,7.98,0.95,1.582,5.27,15,10,9.73,22.7
MUS01,25_1105_BROWN_43,0.6964285714285714,7.98,0.95,1.582,5.55,15,10,9.45,21.54
KOS01,28_1126_ROSE-GOLD_39,0.6785714285714286,7.98,0.95,1.582,5.41,15,10,9.59,22.11
AHS01,27_1119_WHITE_44,0.6964285714285714,7.98,0.95,1.582,5.55,15,10,9.45,21.54
HYS01,10_1000_WHITE_39,0.6964285714285714,7.98,0.95,1.582,5.55,15,10,9.45,21.54
BHS01,17_1049_MAROON_42,0.6785714285714286,7.98,0.95,1.582,5.41,15,10,9.59,22.11
KOS01,28_1126_BLUE-NAVY_39,0.6964285714285714,7.98,0.95,1.582,5.55,15,10,9.45,21.54
KOS01,28_1126_ROSE-GOLD_42,0.6607142857142857,7.98,0.95,1.582,5.27,15,10,9.73,22.7
MUS01,25_1105_MAROON_39,0.6785714285714286,7.98,0.95,1.582,5.41,15,10,9.59,22.11
PUS01,10_1000_BROWN_38,0.6607142857142857,7.98,0.95,1.582,5.27,15,10,9.73,22.7
MUS01,16_1042_BLUE-NAVY_41,0.6785714285714286,7.98,0.95,1.582,5.41,15,10,9.59,22.11
COS01,12_1014_ANTIC-GOLD_37,0.6785714285714286,7.98,0.95,1.582,5.41,15,10,9.59,22.11
PUS01,23_1091_BROWN_39,0.6785714285714286,7.98,0.95,1.582,5.41,15,10,9.59,22.11
INS01,18_1056_BLACK_43,0.6785714285714286,7.98,0.95,1.582,5.41,15,10,9.59,22.11
INS01,18_1056_BLACK_42,0.6964285714285714,7.98,0.95,1.582,5.55,15,10,9.45,21.54
INS01,18_1056_GREY_43,0.6785714285714286,7.98,0.95,1.582,5.41,15,10,9.59,22.11
BHS01,18_1056_GREY_42,0.6607142857142857,7.98,0.95,1.582,5.27,15,10,9.73,22.7
PUS01,11_1007_TAN_42,0.6785714285714286,7.98,0.95,1.582,5.41,15,10,9.59,22.11
BHS01,12_1014_ANTIC-GOLD_38,0.6607142857142857,7.98,0.95,1.582,5.27,15,10,9.73,22.7
COS01,13_1021_BROWN_41,0.6964285714285714,7.98,0.95,1.582,5.55,15,10,9.45,21.54
INS01,25_1105_MAROON_39,0.6785714285714286,7.98,0.95,1.582,5.41,15,10,9.59,22.11
INS01,25_1105_MAROON_42,0.6964285714285714,7.98,0.95,1.582,5.55,15,10,9.45,21.54
COS01,14_1028_WHITE_38,0.6964285714285714,7.98,0.95,1.582,5.55,15,10,9.45,21.54
INS01,28_1126_BLUE-NAVY_42,0.6785714285714286,7.98,0.95,1.582,5.41,15,10,9.59,22.11
AHS01,31_1147_ANTIC-GOLD_38,0.6785714285714286,7.98,0.95,1.582,5.41,15,10,9.59,22.11
BHS01,16_1042_TAN_39,0.6964285714285714,7.98,0.95,1.582,5.55,15,10,9.45,21.54
KOS01,13_1021_WHITE_41,0.6785714285714286,7.98,0.95,1.582,5.41,15,10,9.59,22.11
KOS01,12_1014_ROSE-GOLD_44,0.6785714285714286,7.98,0.95,1.582,5.41,15,10,9.59,22.11
COS01,14_1028_ROSE-GOLD_41,0.6607142857142857,7.98,0.95,1.582,5.27,15,10,9.73,22.7
KOS01,23_1091_BROWN_40,0.6964285714285714,7.98,0.95,1.582,5.55,15,10,9.45,21.54
COS01,18_1056_ANTIC-GOLD_38,0.6964285714285714,7.98,0.95,1.582,5.55,15,10,9.45,21.54
PUS01,28_1126_ROSE-GOLD_43,0.6964285714285714,7.98,0.95,1.582,5.55,15,10,9.45,21.54
BHS01,17_1049_BROWN_41,0.6964285714285714,7.98,0.95,1.582,5.55,15,10,9.45,21.54
COS01,16_1042_ANTIC-GOLD_39,0.6964285714285714,7.98,0.95,1.582,5.55,15,10,9.45,21.54
KOS01,16_1042_ANTIC-GOLD_40,0.6964285714285714,7.98,0.95,1.582,5.55,15,10,9.45,21.54
KOS01,16_1042_ANTIC-GOLD_42,0.6785714285714286,7.98,0.95,1.582,5.41,15,10,9.59,22.11
MUS01,30_1140_WHITE_42,0.6607142857142857,7.98,0.95,1.582,5.27,15,10,9.73,22.7
BHS01,14_1028_WHITE_41,0.6607142857142857,7.98,0.95,1.582,5.27,15,10,9.73,22.7
SUS01,25_1105_MAROON_42,0.6607142857142857,7.98,0.95,1.582,5.27,15,10,9.73,22.7
BHS01,23_1091_BLACK_40,0.6607142857142857,7.98,0.95,1.582,5.27,15,10,9.73,22.7
AHS01,14_1028_NAVY_43,0.6964285714285714,7.98,0.95,1.582,5.55,15,10,9.45,21.54
HYS01,23_1091_BROWN_41,0.625,7.98,0.95,1.582,4.99,14,9,9.01,22.4
HYS01,30_1140_WHITE_41,0.6428571428571429,7.98,0.95,1.582,5.13,14,9,8.870000000000001,21.78
SUS01,25_1105_BROWN_40,0.6071428571428571,7.98,0.95,1.582,4.84,14,9,9.16,23.06
AHS01,16_1042_ANTIC-GOLD_41,0.625,7.98,0.95,1.582,4.99,14,9,9.01,22.4
KOS01,16_1042_TAN_41,0.6428571428571429,7.98,0.95,1.582,5.13,14,9,8.870000000000001,21.78
BHS01,14_1028_ROSE-GOLD_41,0.6428571428571429,7.98,0.95,1.582,5.13,14,9,8.870000000000001,21.78
BHS01,14_1028_ROSE-GOLD_42,0.6428571428571429,7.98,0.95,1.582,5.13,14,9,8.870000000000001,21.78
BHS01,14_1028_WHITE_39,0.6428571428571429,7.98,0.95,1.582,5.13,14,9,8.870000000000001,21.78
CHS01,11_1007_TAN_41,0.6071428571428571,7.98,0.95,1.582,4.84,14,9,9.16,23.06
KOS01,18_1056_GREY_39,0.6071428571428571,7.98,0.95,1.582,4.84,14,9,9.16,23.06
COS01,17_1049_BLACK_40,0.625,7.98,0.95,1.582,4.99,14,9,9.01,22.4
AHS01,18_1056_GREY_43,0.625,7.98,0.95,1.582,4.99,14,9,9.01,22.4
SUS01,23_1091_BROWN_41,0.6428571428571429,7.98,0.95,1.582,5.13,14,9,8.870000000000001,21.78
BES01,28_1126_ROSE-GOLD_38,0.6428571428571429,7.98,0.95,1.582,5.13,14,9,8.870000000000001,21.78
KOS01,18_1056_GREY_41,0.6071428571428571,7.98,0.95,1.582,4.84,14,9,9.16,23.06
MUS01,32_1154_MAROON_41,0.6071428571428571,7.98,0.95,1.582,4.84,14,9,9.16,23.06
COS01,17_1049_MAROON_39,0.625,7.98,0.95,1.582,4.99,14,9,9.01,22.4
SUS01,18_1056_ANTIC-GOLD_41,0.625,7.98,0.95,1.582,4.99,14,9,9.01,22.4
COS01,23_1091_BROWN_41,0.625,7.98,0.95,1.582,4.99,14,9,9.01,22.4
MUS01,25_1105_BLACK_42,0.6428571428571429,7.98,0.95,1.582,5.13,14,9,8.870000000000001,21.78
MAS01,12_1014_BROWN_39,0.6071428571428571,7.98,0.95,1.582,4.84,14,9,9.16,23.06
KOS01,10_1000_WHITE_38,0.6071428571428571,7.98,0.95,1.582,4.84,14,9,9.16,23.06
PUS01,31_1147_MAROON_39,0.625,7.98,0.95,1.582,4.99,14,9,9.01,22.4
KOS01,10_1000_WHITE_41,0.6428571428571429,7.98,0.95,1.582,5.13,14,9,8.870000000000001,21.78
KOS01,10_1000_WHITE_40,0.625,7.98,0.95,1.582,4.99,14,9,9.01,22.4
CHS01,10_1000_WHITE_41,0.6428571428571429,7.98,0.95,1.582,5.13,14,9,8.870000000000001,21.78
INS01,11_1007_TAN_42,0.6428571428571429,7.98,0.95,1.582,5.13,14,9,8.870000000000001,21.78
CHS01,25_1105_MAROON_39,0.6071428571428571,7.98,0.95,1.582,4.84,14,9,9.16,23.06
MAS01,29_1133_BROWN_39,0.6071428571428571,7.98,0.95,1.582,4.84,14,9,9.16,23.06
COS01,18_1056_ANTIC-GOLD_39,0.6428571428571429,7.98,0.95,1.582,5.13,14,9,8.870000000000001,21.78
CHS01,10_1000_WHITE_43,0.625,7.98,0.95,1.582,4.99,14,9,9.01,22.4
CHS01,12_1014_ANTIC-GOLD_44,0.6071428571428571,7.98,0.95,1.582,4.84,14,9,9.16,23.06
MAS01,27_1119_WHITE_42,0.6071428571428571,7.98,0.95,1.582,4.84,14,9,9.16,23.06
MUS01,30_1140_WHITE_40,0.6428571428571429,7.98,0.95,1.582,5.13,14,9,8.870000000000001,21.78
INS01,11_1007_TAN_39,0.6071428571428571,7.98,0.95,1.582,4.84,14,9,9.16,23.06
BES01,18_1056_BLACK_44,0.625,7.98,0.95,1.582,4.99,14,9,9.01,22.4
KOS01,33_1161_BLUE-NAVY_38,0.6428571428571429,7.98,0.95,1.582,5.13,14,9,8.870000000000001,21.78
CHS01,30_1140_WHITE_42,0.6071428571428571,7.98,0.95,1.582,4.84,14,9,9.16,23.06
CHS01,30_1140_WHITE_43,0.6428571428571429,7.98,0.95,1.582,5.13,14,9,8.870000000000001,21.78
BHS01,21_1077_MAROON_39,0.625,7.98,0.95,1.582,4.99,14,9,9.01,22.4
CHS01,16_1042_ANTIC-GOLD_42,0.625,7.98,0.95,1.582,4.99,14,9,9.01,22.4
INS01,25_1105_BROWN_41,0.6428571428571429,7.98,0.95,1.582,5.13,14,9,8.870000000000001,21.78
BES01,18_1056_ANTIC-GOLD_43,0.6428571428571429,7.98,0.95,1.582,5.13,14,9,8.870000000000001,21.78
AHS01,31_1147_MAROON_42,0.625,7.98,0.95,1.582,4.99,14,9,9.01,22.4
INS01,22_1084_NAVY_40,0.6071428571428571,7.98,0.95,1.582,4.84,14,9,9.16,23.06
INS01,24_1098_MAROON_40,0.6071428571428571,7.98,0.95,1.582,4.84,14,9,9.16,23.06
CHS01,13_1021_WHITE_41,0.6428571428571429,7.98,0.95,1.582,5.13,14,9,8.870000000000001,21.78
COS01,28_1126_ROSE-GOLD_39,0.6071428571428571,7.98,0.95,1.582,4.84,14,9,9.16,23.06
PUS01,25_1105_MAROON_39,0.6071428571428571,7.98,0.95,1.582,4.84,14,9,9.16,23.06
KOS01,21_1077_BLUE-NAVY_40,0.625,7.98,0.95,1.582,4.99,14,9,9.01,22.4
KOS01,21_1077_BLUE-NAVY_39,0.625,7.98,0.95,1.582,4.99,14,9,9.01,22.4
INS01,29_1133_BROWN_38,0.6428571428571429,7.98,0.95,1.582,5.13,14,9,8.870000000000001,21.78
INS01,27_1119_ANTIC-GOLD_41,0.625,7.98,0.95,1.582,4.99,14,9,9.01,22.4
COS01,12_1014_ROSE-GOLD_37,0.6071428571428571,7.98,0.95,1.582,4.84,14,9,9.16,23.06
CHS01,13_1021_WHITE_38,0.6428571428571429,7.98,0.95,1.582,5.13,14,9,8.870000000000001,21.78
KOS01,21_1077_MAROON_42,0.6428571428571429,7.98,0.95,1.582,5.13,14,9,8.870000000000001,21.78
KOS01,21_1077_MAROON_39,0.6071428571428571,7.98,0.95,1.582,4.84,14,9,9.16,23.06
CHS01,28_1126_ROSE-GOLD_42,0.625,7.98,0.95,1.582,4.99,14,9,9.01,22.4
COS01,14_1028_ROSE-GOLD_39,0.6071428571428571,7.98,0.95,1.582,4.84,14,9,9.16,23.06
KOS01,24_1098_MAROON_39,0.6428571428571429,7.98,0.95,1.582,5.13,14,9,8.870000000000001,21.78
COS01,14_1028_WHITE_39,0.625,7.98,0.95,1.582,4.99,14,9,9.01,22.4
KOS01,21_1077_MAROON_41,0.625,7.98,0.95,1.582,4.99,14,9,9.01,22.4
SUS01,17_1049_MAROON_39,0.625,7.98,0.95,1.582,4.99,14,9,9.01,22.4
BHS01,18_1056_GREY_39,0.6071428571428571,7.98,0.95,1.582,4.84,14,9,9.16,23.06
HYS01,14_1028_WHITE_43,0.6428571428571429,7.98,0.95,1.582,5.13,14,9,8.870000000000001,21.78
BHS01,23_1091_BROWN_41,0.625,7.98,0.95,1.582,4.99,14,9,9.01,22.4
BHS01,23_1091_BLACK_41,0.625,7.98,0.95,1.582,4.99,14,9,9.01,22.4
HYS01,23_1091_BLACK_42,0.6071428571428571,7.98,0.95,1.582,4.84,14,9,9.16,23.06
MUS01,20_1070_ANTIC-GOLD_39,0.625,7.98,0.95,1.582,4.99,14,9,9.01,22.4
HYS01,11_1007_TAN_39,0.625,7.98,0.95,1.582,4.99,14,9,9.01,22.4
INS01,17_1049_BLACK_42,0.6428571428571429,7.98,0.95,1.582,5.13,14,9,8.870000000000001,21.78
HYS01,10_1000_BROWN_38,0.6071428571428571,7.98,0.95,1.582,4.84,14,9,9.16,23.06
KOS01,28_1126_ROSE-GOLD_38,0.6071428571428571,7.98,0.95,1.582,4.84,14,9,9.16,23.06
BES01,18_1056_BLACK_37,0.6071428571428571,7.98,0.95,1.582,4.84,14,9,9.16,23.06
SUS01,28_1126_ROSE-GOLD_42,0.6428571428571429,7.98,0.95,1.582,5.13,14,9,8.870000000000001,21.78
CHS01,19_1063_MAROON_39,0.6071428571428571,7.98,0.95,1.582,4.84,14,9,9.16,23.06
SUS01,33_1161_ROSE-GOLD_40,0.625,7.98,0.95,1.582,4.99,14,9,9.01,22.4
BES01,29_1133_BROWN_43,0.6071428571428571,7.98,0.95,1.582,4.84,14,9,9.16,23.06
SUS01,13_1021_BROWN_39,0.6071428571428571,7.98,0.95,1.582,4.84,14,9,9.16,23.06
SUS01,13_1021_BROWN_42,0.6071428571428571,7.98,0.95,1.582,4.84,14,9,9.16,23.06
AHS01,28_1126_TAN_38,0.6071428571428571,7.98,0.95,1.582,4.84,14,9,9.16,23.06
AHS01,27_1119_ANTIC-GOLD_44,0.6428571428571429,7.98,0.95,1.582,5.13,14,9,8.870000000000001,21.78
SUS01,16_1042_BLUE-NAVY_39,0.625,7.98,0.95,1.582,4.99,14,9,9.01,22.4
SUS01,16_1042_ANTIC-GOLD_38,0.6071428571428571,7.98,0.95,1.582,4.84,14,9,9.16,23.06
AHS01,25_1105_BROWN_42,0.6071428571428571,7.98,0.95,1.582,4.84,14,9,9.16,23.06
SUS01,14_1028_WHITE_42,0.6071428571428571,7.98,0.95,1.582,4.84,14,9,9.16,23.06
BHS01,25_1105_BROWN_40,0.625,7.98,0.95,1.582,4.99,14,9,9.01,22.4
CHS01,14_1028_NAVY_42,0.6428571428571429,7.98,0.95,1.582,5.13,14,9,8.870000000000001,21.78
HYS01,10_1000_WHITE_41,0.6071428571428571,7.98,0.95,1.582,4.84,14,9,9.16,23.06
COS01,10_1000_ROSE-GOLD_41,0.6428571428571429,7.98,0.95,1.582,5.13,14,9,8.870000000000001,21.78
BHS01,18_1056_GREY_41,0.6071428571428571,7.98,0.95,1.582,4.84,14,9,9.16,23.06
MUS01,25_1105_BROWN_40,0.6428571428571429,7.98,0.95,1.582,5.13,14,9,8.870000000000001,21.78
MUS01,18_1056_BLACK_37,0.6071428571428571,7.98,0.95,1.582,4.84,14,9,9.16,23.06
COS01,10_1000_WHITE_39,0.6071428571428571,7.98,0.95,1.582,4.84,14,9,9.16,23.06
COS01,31_1147_WHITE_41,0.6071428571428571,7.98,0.95,1.582,4.84,14,9,9.16,23.06
BES01,19_1063_MAROON_39,0.6071428571428571,7.98,0.95,1.582,4.84,14,9,9.16,23.06
KOS01,25_1105_BROWN_40,0.625,7.98,0.95,1.582,4.99,14,9,9.01,22.4
BES01,16_1042_ANTIC-GOLD_39,0.6428571428571429,7.98,0.95,1.582,5.13,14,9,8.870000000000001,21.78
BES01,16_1042_ANTIC-GOLD_41,0.625,7.98,0.95,1.582,4.99,14,9,9.01,22.4
MUS01,16_1042_TAN_38,0.6428571428571429,7.98,0.95,1.582,5.13,14,9,8.870000000000001,21.78
INS01,27_1119_ANTIC-GOLD_43,0.6071428571428571,7.98,0.95,1.582,4.84,14,9,9.16,23.06
BHS01,33_1161_BLUE-NAVY_41,0.6071428571428571,7.98,0.95,1.582,4.84,14,9,9.16,23.06
INS01,22_1084_NAVY_41,0.625,7.98,0.95,1.582,4.99,14,9,9.01,22.4
INS01,25_1105_BLACK_40,0.6071428571428571,7.98,0.95,1.582,4.84,14,9,9.16,23.06
COS01,29_1133_BROWN_40,0.6071428571428571,7.98,0.95,1.582,4.84,14,9,9.16,23.06
BHS01,23_1091_BROWN_40,0.6071428571428571,7.98,0.95,1.582,4.84,14,9,9.16,23.06
AHS01,17_1049_MAROON_43,0.625,7.98,0.95,1.582,4.99,14,9,9.01,22.4
MUS01,16_1042_ANTIC-GOLD_43,0.6071428571428571,7.98,0.95,1.582,4.84,14,9,9.16,23.06
MUS01,16_1042_BLUE-NAVY_39,0.6071428571428571,7.98,0.95,1.582,4.84,14,9,9.16,23.06
PUS01,14_1028_ROSE-GOLD_37,0.5714285714285714,7.98,0.95,1.582,4.56,13,9,8.440000000000001,22.75
CHS01,18_1056_BLACK_42,0.5714285714285714,7.98,0.95,1.582,4.56,13,9,8.440000000000001,22.75
BES01,23_1091_BROWN_38,0.5892857142857143,7.98,0.95,1.582,4.7,13,9,8.3,22.06
CHS01,11_1007_TAN_43,0.5714285714285714,7.98,0.95,1.582,4.56,13,9,8.440000000000001,22.75
KOS01,17_1049_BLACK_43,0.5892857142857143,7.98,0.95,1.582,4.7,13,9,8.3,22.06
KOS01,17_1049_BROWN_38,0.5892857142857143,7.98,0.95,1.582,4.7,13,9,8.3,22.06
AHS01,16_1042_ANTIC-GOLD_39,0.5892857142857143,7.98,0.95,1.582,4.7,13,9,8.3,22.06
MAS01,28_1126_BLUE-NAVY_40,0.5714285714285714,7.98,0.95,1.582,4.56,13,9,8.440000000000001,22.75
SUS01,33_1161_BLUE-NAVY_42,0.5892857142857143,7.98,0.95,1.582,4.7,13,9,8.3,22.06
HYS01,21_1077_BLUE-NAVY_43,0.5892857142857143,7.98,0.95,1.582,4.7,13,9,8.3,22.06
MUS01,23_1091_BLACK_39,0.5714285714285714,7.98,0.95,1.582,4.56,13,9,8.440000000000001,22.75
AHS01,14_1028_WHITE_38,0.5714285714285714,7.98,0.95,1.582,4.56,13,9,8.440000000000001,22.75
KOS01,16_1042_TAN_38,0.5714285714285714,7.98,0.95,1.582,4.56,13,9,8.440000000000001,22.75
KOS01,18_1056_GREY_42,0.5892857142857143,7.98,0.95,1.582,4.7,13,9,8.3,22.06
BES01,13_1021_BROWN_40,0.5714285714285714,7.98,0.95,1.582,4.56,13,9,8.440000000000001,22.75
BES01,13_1021_WHITE_43,0.5892857142857143,7.98,0.95,1.582,4.7,13,9,8.3,22.06
COS01,17_1049_BLACK_43,0.5714285714285714,7.98,0.95,1.582,4.56,13,9,8.440000000000001,22.75
BES01,13_1021_BROWN_38,0.5892857142857143,7.98,0.95,1.582,4.7,13,9,8.3,22.06
CHS01,10_1000_WHITE_38,0.5714285714285714,7.98,0.95,1.582,4.56,13,9,8.440000000000001,22.75
SUS01,23_1091_BLUE-NAVY_38,0.5892857142857143,7.98,0.95,1.582,4.7,13,9,8.3,22.06
AHS01,33_1161_ROSE-GOLD_42,0.5892857142857143,7.98,0.95,1.582,4.7,13,9,8.3,22.06
KOS01,12_1014_ROSE-GOLD_43,0.5892857142857143,7.98,0.95,1.582,4.7,13,9,8.3,22.06
KOS01,11_1007_TAN_42,0.5892857142857143,7.98,0.95,1.582,4.7,13,9,8.3,22.06
BES01,26_1112_WHITE_42,0.5714285714285714,7.98,0.95,1.582,4.56,13,9,8.440000000000001,22.75
BES01,26_1112_WHITE_43,0.5892857142857143,7.98,0.95,1.582,4.7,13,9,8.3,22.06
HYS01,16_1042_TAN_41,0.5714285714285714,7.98,0.95,1.582,4.56,13,9,8.440000000000001,22.75
HYS01,17_1049_BLACK_38,0.5714285714285714,7.98,0.95,1.582,4.56,13,9,8.440000000000001,22.75
MAS01,12_1014_ROSE-GOLD_42,0.5892857142857143,7.98,0.95,1.582,4.7,13,9,8.3,22.06
CHS01,10_1000_WHITE_42,0.5714285714285714,7.98,0.95,1.582,4.56,13,9,8.440000000000001,22.75
MUS01,29_1133_BROWN_44,0.5892857142857143,7.98,0.95,1.582,4.7,13,9,8.3,22.06
KOS01,27_1119_ANTIC-GOLD_40,0.5892857142857143,7.98,0.95,1.582,4.7,13,9,8.3,22.06
COS01,31_1147_MAROON_41,0.5714285714285714,7.98,0.95,1.582,4.56,13,9,8.440000000000001,22.75
INS01,25_1105_BLACK_39,0.5714285714285714,7.98,0.95,1.582,4.56,13,9,8.440000000000001,22.75
INS01,25_1105_BLACK_42,0.5892857142857143,7.98,0.95,1.582,4.7,13,9,8.3,22.06
BHS01,21_1077_BLUE-NAVY_40,0.5892857142857143,7.98,0.95,1.582,4.7,13,9,8.3,22.06
BHS01,28_1126_BLUE-NAVY_42,0.5892857142857143,7.98,0.95,1.582,4.7,13,9,8.3,22.06
KOS01,24_1098_MAROON_41,0.5714285714285714,7.98,0.95,1.582,4.56,13,9,8.440000000000001,22.75
SUS01,10_1000_WHITE_41,0.5892857142857143,7.98,0.95,1.582,4.7,13,9,8.3,22.06
KOS01,13_1021_WHITE_40,0.5714285714285714,7.98,0.95,1.582,4.56,13,9,8.440000000000001,22.75
PUS01,13_1021_BROWN_38,0.5892857142857143,7.98,0.95,1.582,4.7,13,9,8.3,22.06
BES01,23_1091_BLACK_38,0.5714285714285714,7.98,0.95,1.582,4.56,13,9,8.440000000000001,22.75
BES01,22_1084_NAVY_40,0.5714285714285714,7.98,0.95,1.582,4.56,13,9,8.440000000000001,22.75
CHS01,28_1126_TAN_43,0.5714285714285714,7.98,0.95,1.582,4.56,13,9,8.440000000000001,22.75
AHS01,23_1091_BLUE-NAVY_41,0.5892857142857143,7.98,0.95,1.582,4.7,13,9,8.3,22.06
PUS01,21_1077_BLUE-NAVY_39,0.5714285714285714,7.98,0.95,1.582,4.56,13,9,8.440000000000001,22.75
MUS01,10_1000_WHITE_40,0.5892857142857143,7.98,0.95,1.582,4.7,13,9,8.3,22.06
PUS01,21_1077_BLUE-NAVY_40,0.5714285714285714,7.98,0.95,1.582,4.56,13,9,8.440000000000001,22.75
INS01,31_1147_ANTIC-GOLD_41,0.5892857142857143,7.98,0.95,1.582,4.7,13,9,8.3,22.06
INS01,27_1119_ANTIC-GOLD_38,0.5714285714285714,7.98,0.95,1.582,4.56,13,9,8.440000000000001,22.75
PUS01,10_1000_ROSE-GOLD_39,0.5892857142857143,7.98,0.95,1.582,4.7,13,9,8.3,22.06
PUS01,10_1000_ROSE-GOLD_38,0.5892857142857143,7.98,0.95,1.582,4.7,13,9,8.3,22.06
KOS01,10_1000_BROWN_38,0.5892857142857143,7.98,0.95,1.582,4.7,13,9,8.3,22.06
PUS01,10_1000_BROWN_39,0.5892857142857143,7.98,0.95,1.582,4.7,13,9,8.3,22.06
COS01,12_1014_BROWN_37,0.5714285714285714,7.98,0.95,1.582,4.56,13,9,8.440000000000001,22.75
COS01,10_1000_ROSE-GOLD_40,0.5892857142857143,7.98,0.95,1.582,4.7,13,9,8.3,22.06
BHS01,27_1119_ANTIC-GOLD_38,0.5892857142857143,7.98,0.95,1.582,4.7,13,9,8.3,22.06
PUS01,23_1091_BLUE-NAVY_43,0.5714285714285714,7.98,0.95,1.582,4.56,13,9,8.440000000000001,22.75
SUS01,14_1028_ROSE-GOLD_38,0.5714285714285714,7.98,0.95,1.582,4.56,13,9,8.440000000000001,22.75
BHS01,18_1056_BLACK_38,0.5892857142857143,7.98,0.95,1.582,4.7,13,9,8.3,22.06
MUS01,16_1042_BLUE-NAVY_42,0.5892857142857143,7.98,0.95,1.582,4.7,13,9,8.3,22.06
PUS01,11_1007_BLACK_43,0.5714285714285714,7.98,0.95,1.582,4.56,13,9,8.440000000000001,22.75
BHS01,12_1014_ANTIC-GOLD_43,0.5714285714285714,7.98,0.95,1.582,4.56,13,9,8.440000000000001,22.75
INS01,18_1056_GREY_38,0.5714285714285714,7.98,0.95,1.582,4.56,13,9,8.440000000000001,22.75
BES01,14_1028_ROSE-GOLD_39,0.5892857142857143,7.98,0.95,1.582,4.7,13,9,8.3,22.06
MUS01,25_1105_MAROON_43,0.5714285714285714,7.98,0.95,1.582,4.56,13,9,8.440000000000001,22.75
KOS01,27_1119_WHITE_42,0.5892857142857143,7.98,0.95,1.582,4.7,13,9,8.3,22.06
BHS01,31_1147_WHITE_39,0.5892857142857143,7.98,0.95,1.582,4.7,13,9,8.3,22.06
MUS01,20_1070_ANTIC-GOLD_42,0.5892857142857143,7.98,0.95,1.582,4.7,13,9,8.3,22.06
HYS01,22_1084_NAVY_37,0.5892857142857143,7.98,0.95,1.582,4.7,13,9,8.3,22.06
AHS01,14_1028_ROSE-GOLD_40,0.5892857142857143,7.98,0.95,1.582,4.7,13,9,8.3,22.06
MUS01,28_1126_TAN_37,0.5714285714285714,7.98,0.95,1.582,4.56,13,9,8.440000000000001,22.75
SUS01,33_1161_BLUE-NAVY_40,0.5714285714285714,7.98,0.95,1.582,4.56,13,9,8.440000000000001,22.75
PUS01,22_1084_NAVY_42,0.5892857142857143,7.98,0.95,1.582,4.7,13,9,8.3,22.06
INS01,21_1077_BLUE-NAVY_41,0.5714285714285714,7.98,0.95,1.582,4.56,13,9,8.440000000000001,22.75
INS01,17_1049_BLACK_39,0.5714285714285714,7.98,0.95,1.582,4.56,13,9,8.440000000000001,22.75
MUS01,22_1084_NAVY_38,0.5714285714285714,7.98,0.95,1.582,4.56,13,9,8.440000000000001,22.75
SUS01,25_1105_BLACK_38,0.5892857142857143,7.98,0.95,1.582,4.7,13,9,8.3,22.06
HYS01,25_1105_BLACK_42,0.5714285714285714,7.98,0.95,1.582,4.56,13,9,8.440000000000001,22.75
MUS01,22_1084_NAVY_41,0.5714285714285714,7.98,0.95,1.582,4.56,13,9,8.440000000000001,22.75
HYS01,18_1056_BLACK_38,0.5892857142857143,7.98,0.95,1.582,4.7,13,9,8.3,22.06
HYS01,20_1070_ANTIC-GOLD_38,0.5714285714285714,7.98,0.95,1.582,4.56,13,9,8.440000000000001,22.75
CHS01,19_1063_MAROON_42,0.5892857142857143,7.98,0.95,1.582,4.7,13,9,8.3,22.06
AHS01,13_1021_BROWN_40,0.5714285714285714,7.98,0.95,1.582,4.56,13,9,8.440000000000001,22.75
AHS01,13_1021_BROWN_42,0.5892857142857143,7.98,0.95,1.582,4.7,13,9,8.3,22.06
SUS01,31_1147_WHITE_41,0.5357142857142857,7.98,0.95,1.582,4.27,12,8,7.73,22.4
HYS01,30_1140_WHITE_42,0.5357142857142857,7.98,0.95,1.582,4.27,12,8,7.73,22.4
HYS01,31_1147_MAROON_42,0.5178571428571429,7.98,0.95,1.582,4.13,12,8,7.87,23.17
AHS01,18_1056_ANTIC-GOLD_37,0.5535714285714286,7.98,0.95,1.582,4.42,12,8,7.58,21.68
AHS01,18_1056_ANTIC-GOLD_38,0.5357142857142857,7.98,0.95,1.582,4.27,12,8,7.73,22.4
MAS01,18_1056_BLACK_41,0.5178571428571429,7.98,0.95,1.582,4.13,12,8,7.87,23.17
MAS01,28_1126_TAN_38,0.5178571428571429,7.98,0.95,1.582,4.13,12,8,7.87,23.17
MAS01,28_1126_TAN_39,0.5178571428571429,7.98,0.95,1.582,4.13,12,8,7.87,23.17
HYS01,21_1077_BLUE-NAVY_39,0.5178571428571429,7.98,0.95,1.582,4.13,12,8,7.87,23.17
HYS01,21_1077_BLUE-NAVY_42,0.5357142857142857,7.98,0.95,1.582,4.27,12,8,7.73,22.4
BHS01,25_1105_BLACK_38,0.5357142857142857,7.98,0.95,1.582,4.27,12,8,7.73,22.4
BHS01,18_1056_BLACK_42,0.5178571428571429,7.98,0.95,1.582,4.13,12,8,7.87,23.17
KOS01,31_1147_ANTIC-GOLD_42,0.5178571428571429,7.98,0.95,1.582,4.13,12,8,7.87,23.17
KOS01,31_1147_WHITE_37,0.5357142857142857,7.98,0.95,1.582,4.27,12,8,7.73,22.4
PUS01,12_1014_BROWN_37,0.5357142857142857,7.98,0.95,1.582,4.27,12,8,7.73,22.4
MUS01,20_1070_ANTIC-GOLD_40,0.5535714285714286,7.98,0.95,1.582,4.42,12,8,7.58,21.68
INS01,16_1042_BLUE-NAVY_38,0.5535714285714286,7.98,0.95,1.582,4.42,12,8,7.58,21.68
INS01,17_1049_BLACK_40,0.5535714285714286,7.98,0.95,1.582,4.42,12,8,7.58,21.68
INS01,21_1077_BLUE-NAVY_39,0.5357142857142857,7.98,0.95,1.582,4.27,12,8,7.73,22.4
CHS01,14_1028_NAVY_43,0.5178571428571429,7.98,0.95,1.582,4.13,12,8,7.87,23.17
KOS01,28_1126_BLUE-NAVY_41,0.5535714285714286,7.98,0.95,1.582,4.42,12,8,7.58,21.68
KOS01,28_1126_ROSE-GOLD_43,0.5357142857142857,7.98,0.95,1.582,4.27,12,8,7.73,22.4
CHS01,33_1161_ROSE-GOLD_42,0.5178571428571429,7.98,0.95,1.582,4.13,12,8,7.87,23.17
CHS01,33_1161_ROSE-GOLD_43,0.5535714285714286,7.98,0.95,1.582,4.42,12,8,7.58,21.68
COS01,10_1000_ROSE-GOLD_39,0.5357142857142857,7.98,0.95,1.582,4.27,12,8,7.73,22.4
MUS01,21_1077_BLUE-NAVY_37,0.5357142857142857,7.98,0.95,1.582,4.27,12,8,7.73,22.4
AHS01,25_1105_MAROON_39,0.5357142857142857,7.98,0.95,1.582,4.27,12,8,7.73,22.4
AHS01,25_1105_MAROON_43,0.5535714285714286,7.98,0.95,1.582,4.42,12,8,7.58,21.68
HYS01,11_1007_BLACK_37,0.5178571428571429,7.98,0.95,1.582,4.13,12,8,7.87,23.17
BHS01,31_1147_WHITE_40,0.5178571428571429,7.98,0.95,1.582,4.13,12,8,7.87,23.17
MUS01,18_1056_ANTIC-GOLD_37,0.5535714285714286,7.98,0.95,1.582,4.42,12,8,7.58,21.68
PUS01,23_1091_BROWN_38,0.5178571428571429,7.98,0.95,1.582,4.13,12,8,7.87,23.17
KOS01,27_1119_WHITE_43,0.5357142857142857,7.98,0.95,1.582,4.27,12,8,7.73,22.4
BHS01,11_1007_BLACK_38,0.5535714285714286,7.98,0.95,1.582,4.42,12,8,7.58,21.68
PUS01,11_1007_TAN_39,0.5535714285714286,7.98,0.95,1.582,4.42,12,8,7.58,21.68
COS01,33_1161_BLUE-NAVY_41,0.5178571428571429,7.98,0.95,1.582,4.13,12,8,7.87,23.17
KOS01,25_1105_BROWN_42,0.5178571428571429,7.98,0.95,1.582,4.13,12,8,7.87,23.17
PUS01,24_1098_WHITE_39,0.5178571428571429,7.98,0.95,1.582,4.13,12,8,7.87,23.17
BES01,16_1042_ANTIC-GOLD_38,0.5357142857142857,7.98,0.95,1.582,4.27,12,8,7.73,22.4
BES01,16_1042_TAN_38,0.5178571428571429,7.98,0.95,1.582,4.13,12,8,7.87,23.17
BHS01,33_1161_ROSE-GOLD_39,0.5357142857142857,7.98,0.95,1.582,4.27,12,8,7.73,22.4
AHS01,32_1154_MAROON_40,0.5535714285714286,7.98,0.95,1.582,4.42,12,8,7.58,21.68
COS01,28_1126_TAN_43,0.5178571428571429,7.98,0.95,1.582,4.13,12,8,7.87,23.17
COS01,29_1133_BROWN_43,0.5357142857142857,7.98,0.95,1.582,4.27,12,8,7.73,22.4
INS01,25_1105_BROWN_40,0.5535714285714286,7.98,0.95,1.582,4.42,12,8,7.58,21.68
AHS01,31_1147_ANTIC-GOLD_42,0.5178571428571429,7.98,0.95,1.582,4.13,12,8,7.87,23.17
BHS01,21_1077_BLUE-NAVY_42,0.5357142857142857,7.98,0.95,1.582,4.27,12,8,7.73,22.4
CHS01,16_1042_TAN_42,0.5535714285714286,7.98,0.95,1.582,4.42,12,8,7.58,21.68
BES01,21_1077_BLUE-NAVY_42,0.5178571428571429,7.98,0.95,1.582,4.13,12,8,7.87,23.17
PUS01,11_1007_BLACK_41,0.5535714285714286,7.98,0.95,1.582,4.42,12,8,7.58,21.68
COS01,28_1126_ROSE-GOLD_38,0.5357142857142857,7.98,0.95,1.582,4.27,12,8,7.73,22.4
COS01,28_1126_ROSE-GOLD_43,0.5178571428571429,7.98,0.95,1.582,4.13,12,8,7.87,23.17
PUS01,32_1154_MAROON_39,0.5178571428571429,7.98,0.95,1.582,4.13,12,8,7.87,23.17
KOS01,13_1021_BROWN_38,0.5535714285714286,7.98,0.95,1.582,4.42,12,8,7.58,21.68
INS01,28_1126_BLUE-NAVY_38,0.5357142857142857,7.98,0.95,1.582,4.27,12,8,7.73,22.4
KOS01,18_1056_GREY_43,0.5178571428571429,7.98,0.95,1.582,4.13,12,8,7.87,23.17
COS01,14_1028_ROSE-GOLD_42,0.5357142857142857,7.98,0.95,1.582,4.27,12,8,7.73,22.4
SUS01,17_1049_BROWN_43,0.5178571428571429,7.98,0.95,1.582,4.13,12,8,7.87,23.17
SUS01,17_1049_MAROON_37,0.5178571428571429,7.98,0.95,1.582,4.13,12,8,7.87,23.17
BES01,23_1091_BLACK_42,0.5535714285714286,7.98,0.95,1.582,4.42,12,8,7.58,21.68
BES01,33_1161_BLUE-NAVY_38,0.5178571428571429,7.98,0.95,1.582,4.13,12,8,7.87,23.17
BES01,33_1161_BLUE-NAVY_39,0.5178571428571429,7.98,0.95,1.582,4.13,12,8,7.87,23.17
INS01,12_1014_BROWN_37,0.5535714285714286,7.98,0.95,1.582,4.42,12,8,7.58,21.68
INS01,13_1021_BROWN_39,0.5178571428571429,7.98,0.95,1.582,4.13,12,8,7.87,23.17
MUS01,14_1028_ROSE-GOLD_43,0.5535714285714286,7.98,0.95,1.582,4.42,12,8,7.58,21.68
PUS01,30_1140_WHITE_40,0.5535714285714286,7.98,0.95,1.582,4.42,12,8,7.58,21.68
PUS01,30_1140_WHITE_41,0.5535714285714286,7.98,0.95,1.582,4.42,12,8,7.58,21.68
PUS01,30_1140_WHITE_42,0.5357142857142857,7.98,0.95,1.582,4.27,12,8,7.73,22.4
AHS01,33_1161_BLUE-NAVY_38,0.5178571428571429,7.98,0.95,1.582,4.13,12,8,7.87,23.17
KOS01,10_1000_WHITE_43,0.5535714285714286,7.98,0.95,1.582,4.42,12,8,7.58,21.68
COS01,23_1091_BLUE-NAVY_39,0.5357142857142857,7.98,0.95,1.582,4.27,12,8,7.73,22.4
INS01,13_1021_BROWN_40,0.5357142857142857,7.98,0.95,1.582,4.27,12,8,7.73,22.4
BES01,23_1091_BROWN_39,0.5535714285714286,7.98,0.95,1.582,4.42,12,8,7.58,21.68
PUS01,18_1056_GREY_37,0.5357142857142857,7.98,0.95,1.582,4.27,12,8,7.73,22.4
CHS01,26_1112_WHITE_44,0.5357142857142857,7.98,0.95,1.582,4.27,12,8,7.73,22.4
CHS01,27_1119_ANTIC-GOLD_37,0.5357142857142857,7.98,0.95,1.582,4.27,12,8,7.73,22.4
INS01,11_1007_BLACK_41,0.5357142857142857,7.98,0.95,1.582,4.27,12,8,7.73,22.4
INS01,11_1007_BLACK_42,0.5535714285714286,7.98,0.95,1.582,4.42,12,8,7.58,21.68
HYS01,16_1042_TAN_42,0.5535714285714286,7.98,0.95,1.582,4.42,12,8,7.58,21.68
HYS01,16_1042_TAN_43,0.5178571428571429,7.98,0.95,1.582,4.13,12,8,7.87,23.17
SUS01,17_1049_BROWN_41,0.5178571428571429,7.98,0.95,1.582,4.13,12,8,7.87,23.17
HYS01,33_1161_ROSE-GOLD_44,0.5357142857142857,7.98,0.95,1.582,4.27,12,8,7.73,22.4
BHS01,27_1119_ANTIC-GOLD_43,0.5535714285714286,7.98,0.95,1.582,4.42,12,8,7.58,21.68
CHS01,25_1105_MAROON_44,0.5357142857142857,7.98,0.95,1.582,4.27,12,8,7.73,22.4
MAS01,13_1021_BROWN_40,0.5535714285714286,7.98,0.95,1.582,4.42,12,8,7.58,21.68
PUS01,14_1028_NAVY_38,0.5357142857142857,7.98,0.95,1.582,4.27,12,8,7.73,22.4
MUS01,23_1091_BLACK_42,0.5535714285714286,7.98,0.95,1.582,4.42,12,8,7.58,21.68
MUS01,23_1091_BLUE-NAVY_39,0.5476190476190477,7.98,0.95,1.582,4.37,12,8,7.63,21.91
MUS01,24_1098_MAROON_42,0.5178571428571429,7.98,0.95,1.582,4.13,12,8,7.87,23.17
INS01,10_1000_BROWN_42,0.5178571428571429,7.98,0.95,1.582,4.13,12,8,7.87,23.17
CHS01,10_1000_BROWN_42,0.5535714285714286,7.98,0.95,1.582,4.42,12,8,7.58,21.68
COS01,18_1056_GREY_41,0.5178571428571429,7.98,0.95,1.582,4.13,12,8,7.87,23.17
MUS01,16_1042_ANTIC-GOLD_38,0.5178571428571429,7.98,0.95,1.582,4.13,12,8,7.87,23.17
BHS01,16_1042_TAN_42,0.5535714285714286,7.98,0.95,1.582,4.42,12,8,7.58,21.68
MUS01,16_1042_ANTIC-GOLD_42,0.5357142857142857,7.98,0.95,1.582,4.27,12,8,7.73,22.4
BES01,11_1007_TAN_40,0.5357142857142857,7.98,0.95,1.582,4.27,12,8,7.73,22.4
COS01,18_1056_BLACK_42,0.5178571428571429,7.98,0.95,1.582,4.13,12,8,7.87,23.17
BES01,12_1014_BROWN_44,0.5535714285714286,7.98,0.95,1.582,4.42,12,8,7.58,21.68
BES01,31_1147_ANTIC-GOLD_39,0.5535714285714286,7.98,0.95,1.582,4.42,12,8,7.58,21.68
CHS01,18_1056_BLACK_44,0.5357142857142857,7.98,0.95,1.582,4.27,12,8,7.73,22.4
BES01,27_1119_ANTIC-GOLD_43,0.5357142857142857,7.98,0.95,1.582,4.27,12,8,7.73,22.4
BES01,28_1126_ROSE-GOLD_43,0.5178571428571429,7.98,0.95,1.582,4.13,12,8,7.87,23.17
BES01,24_1098_WHITE_39,0.5357142857142857,7.98,0.95,1.582,4.27,12,8,7.73,22.4
MAS01,13_1021_WHITE_40,0.5357142857142857,7.98,0.95,1.582,4.27,12,8,7.73,22.4
CHS01,23_1091_BROWN_38,0.5535714285714286,7.98,0.95,1.582,4.42,12,8,7.58,21.68
SUS01,18_1056_ANTIC-GOLD_42,0.5535714285714286,7.98,0.95,1.582,4.42,12,8,7.58,21.68
SUS01,24_1098_MAROON_41,0.5178571428571429,7.98,0.95,1.582,4.13,12,8,7.87,23.17
SUS01,27_1119_WHITE_43,0.5178571428571429,7.98,0.95,1.582,4.13,12,8,7.87,23.17
SUS01,28_1126_ROSE-GOLD_37,0.5178571428571429,7.98,0.95,1.582,4.13,12,8,7.87,23.17
COS01,16_1042_ANTIC-GOLD_38,0.5535714285714286,7.98,0.95,1.582,4.42,12,8,7.58,21.68
BES01,11_1007_BLACK_43,0.5535714285714286,7.98,0.95,1.582,4.42,12,8,7.58,21.68
MUS01,33_1161_BLUE-NAVY_38,0.5535714285714286,7.98,0.95,1.582,4.42,12,8,7.58,21.68
CHS01,10_1000_BROWN_38,0.5357142857142857,7.98,0.95,1.582,4.27,12,8,7.73,22.4
CHS01,10_1000_BROWN_39,0.5357142857142857,7.98,0.95,1.582,4.27,12,8,7.73,22.4
MAS01,21_1077_MAROON_41,0.5178571428571429,7.98,0.95,1.582,4.13,12,8,7.87,23.17
MAS01,25_1105_BROWN_40,0.5357142857142857,7.98,0.95,1.582,4.27,12,8,7.73,22.4
COS01,17_1049_MAROON_38,0.5535714285714286,7.98,0.95,1.582,4.42,12,8,7.58,21.68
KOS01,16_1042_TAN_39,0.5357142857142857,7.98,0.95,1.582,4.27,12,8,7.73,22.4
KOS01,16_1042_TAN_42,0.5357142857142857,7.98,0.95,1.582,4.27,12,8,7.73,22.4
SUS01,24_1098_MAROON_42,0.5357142857142857,7.98,0.95,1.582,4.27,12,8,7.73,22.4
HYS01,33_1161_ROSE-GOLD_43,0.5178571428571429,7.98,0.95,1.582,4.13,12,8,7.87,23.17
HYS01,24_1098_MAROON_41,0.5178571428571429,7.98,0.95,1.582,4.13,12,8,7.87,23.17
SUS01,31_1147_ANTIC-GOLD_43,0.5178571428571429,7.98,0.95,1.582,4.13,12,8,7.87,23.17
SUS01,25_1105_MAROON_41,0.5178571428571429,7.98,0.95,1.582,4.13,12,8,7.87,23.17
MUS01,22_1084_NAVY_43,0.5178571428571429,7.98,0.95,1.582,4.13,12,8,7.87,23.17
HYS01,21_1077_MAROON_41,0.5178571428571429,7.98,0.95,1.582,4.13,12,8,7.87,23.17
SUS01,25_1105_BLACK_42,0.5178571428571429,7.98,0.95,1.582,4.13,12,8,7.87,23.17
SUS01,25_1105_BROWN_41,0.5357142857142857,7.98,0.95,1.582,4.27,12,8,7.73,22.4
CHS01,23_1091_BLACK_38,0.5178571428571429,7.98,0.95,1.582,4.13,12,8,7.87,23.17
AHS01,14_1028_NAVY_38,0.5357142857142857,7.98,0.95,1.582,4.27,12,8,7.73,22.4
AHS01,10_1000_WHITE_39,0.5178571428571429,7.98,0.95,1.582,4.13,12,8,7.87,23.17
CHS01,17_1049_MAROON_37,0.48214285714285715,7.98,0.95,1.582,3.85,11,8,7.15,22.81
CHS01,18_1056_ANTIC-GOLD_44,0.5,7.98,0.95,1.582,3.99,11,8,7.01,22.0
MAS01,30_1140_WHITE_40,0.48214285714285715,7.98,0.95,1.582,3.85,11,8,7.15,22.81
MAS01,30_1140_WHITE_41,0.5,7.98,0.95,1.582,3.99,11,8,7.01,22.0
CHS01,16_1042_ANTIC-GOLD_43,0.4642857142857143,7.98,0.95,1.582,3.7,11,7,7.3,23.69
HYS01,21_1077_MAROON_43,0.4642857142857143,7.98,0.95,1.582,3.7,11,7,7.3,23.69
HYS01,23_1091_BROWN_38,0.4642857142857143,7.98,0.95,1.582,3.7,11,7,7.3,23.69
CHS01,16_1042_TAN_44,0.5,7.98,0.95,1.582,3.99,11,8,7.01,22.0
CHS01,14_1028_ROSE-GOLD_43,0.4642857142857143,7.98,0.95,1.582,3.7,11,7,7.3,23.69
MAS01,29_1133_BROWN_41,0.4642857142857143,7.98,0.95,1.582,3.7,11,7,7.3,23.69
MUS01,13_1021_BROWN_43,0.4642857142857143,7.98,0.95,1.582,3.7,11,7,7.3,23.69
CHS01,13_1021_WHITE_39,0.5,7.98,0.95,1.582,3.99,11,8,7.01,22.0
MUS01,14_1028_ROSE-GOLD_39,0.5,7.98,0.95,1.582,3.99,11,8,7.01,22.0
MAS01,27_1119_WHITE_41,0.4642857142857143,7.98,0.95,1.582,3.7,11,7,7.3,23.69
MUS01,14_1028_WHITE_43,0.4642857142857143,7.98,0.95,1.582,3.7,11,7,7.3,23.69
MUS01,16_1042_ANTIC-GOLD_37,0.4642857142857143,7.98,0.95,1.582,3.7,11,7,7.3,23.69
MUS01,16_1042_TAN_43,0.5,7.98,0.95,1.582,3.99,11,8,7.01,22.0
MUS01,17_1049_BLACK_43,0.4642857142857143,7.98,0.95,1.582,3.7,11,7,7.3,23.69
BHS01,32_1154_MAROON_40,0.4642857142857143,7.98,0.95,1.582,3.7,11,7,7.3,23.69
MAS01,18_1056_BLACK_42,0.5,7.98,0.95,1.582,3.99,11,8,7.01,22.0
HYS01,28_1126_TAN_42,0.4642857142857143,7.98,0.95,1.582,3.7,11,7,7.3,23.69
HYS01,30_1140_WHITE_39,0.5,7.98,0.95,1.582,3.99,11,8,7.01,22.0
HYS01,19_1063_MAROON_43,0.5,7.98,0.95,1.582,3.99,11,8,7.01,22.0
HYS01,20_1070_ANTIC-GOLD_39,0.4642857142857143,7.98,0.95,1.582,3.7,11,7,7.3,23.69
SUS01,26_1112_WHITE_40,0.4642857142857143,7.98,0.95,1.582,3.7,11,7,7.3,23.69
BHS01,27_1119_WHITE_42,0.48214285714285715,7.98,0.95,1.582,3.85,11,8,7.15,22.81
BHS01,28_1126_BLUE-NAVY_43,0.5,7.98,0.95,1.582,3.99,11,8,7.01,22.0
MAS01,17_1049_MAROON_41,0.5,7.98,0.95,1.582,3.99,11,8,7.01,22.0
MUS01,18_1056_BLACK_43,0.4642857142857143,7.98,0.95,1.582,3.7,11,7,7.3,23.69
MUS01,20_1070_ANTIC-GOLD_41,0.48214285714285715,7.98,0.95,1.582,3.85,11,8,7.15,22.81
MAS01,16_1042_ANTIC-GOLD_40,0.4642857142857143,7.98,0.95,1.582,3.7,11,7,7.3,23.69
MAS01,16_1042_ANTIC-GOLD_41,0.5,7.98,0.95,1.582,3.99,11,8,7.01,22.0
BHS01,25_1105_BLACK_41,0.5,7.98,0.95,1.582,3.99,11,8,7.01,22.0
HYS01,18_1056_ANTIC-GOLD_43,0.4642857142857143,7.98,0.95,1.582,3.7,11,7,7.3,23.69
AHS01,17_1049_BLACK_43,0.48214285714285715,7.98,0.95,1.582,3.85,11,8,7.15,22.81
SUS01,26_1112_WHITE_37,0.48214285714285715,7.98,0.95,1.582,3.85,11,8,7.15,22.81
MUS01,23_1091_BLACK_43,0.48214285714285715,7.98,0.95,1.582,3.85,11,8,7.15,22.81
MUS01,24_1098_MAROON_41,0.48214285714285715,7.98,0.95,1.582,3.85,11,8,7.15,22.81
MAS01,14_1028_ROSE-GOLD_41,0.4642857142857143,7.98,0.95,1.582,3.7,11,7,7.3,23.69
MAS01,14_1028_WHITE_39,0.5,7.98,0.95,1.582,3.99,11,8,7.01,22.0
BHS01,22_1084_NAVY_41,0.4642857142857143,7.98,0.95,1.582,3.7,11,7,7.3,23.69
MAS01,13_1021_WHITE_41,0.5,7.98,0.95,1.582,3.99,11,8,7.01,22.0
MAS01,13_1021_WHITE_43,0.5,7.98,0.95,1.582,3.99,11,8,7.01,22.0
BHS01,21_1077_MAROON_40,0.5,7.98,0.95,1.582,3.99,11,8,7.01,22.0
BHS01,21_1077_MAROON_41,0.48214285714285715,7.98,0.95,1.582,3.85,11,8,7.15,22.81
CHS01,25_1105_BROWN_37,0.5,7.98,0.95,1.582,3.99,11,8,7.01,22.0
CHS01,25_1105_MAROON_38,0.48214285714285715,7.98,0.95,1.582,3.85,11,8,7.15,22.81
CHS01,25_1105_MAROON_42,0.4642857142857143,7.98,0.95,1.582,3.7,11,7,7.3,23.69
MAS01,13_1021_BROWN_41,0.48214285714285715,7.98,0.95,1.582,3.85,11,8,7.15,22.81
MAS01,12_1014_ANTIC-GOLD_43,0.5,7.98,0.95,1.582,3.99,11,8,7.01,22.0
HYS01,17_1049_BROWN_38,0.4642857142857143,7.98,0.95,1.582,3.7,11,7,7.3,23.69
HYS01,17_1049_BROWN_43,0.48214285714285715,7.98,0.95,1.582,3.85,11,8,7.15,22.81
INS01,10_1000_WHITE_38,0.48214285714285715,7.98,0.95,1.582,3.85,11,8,7.15,22.81
CHS01,27_1119_WHITE_43,0.5,7.98,0.95,1.582,3.99,11,8,7.01,22.0
BHS01,20_1070_ANTIC-GOLD_40,0.48214285714285715,7.98,0.95,1.582,3.85,11,8,7.15,22.81
BHS01,20_1070_ANTIC-GOLD_42,0.48214285714285715,7.98,0.95,1.582,3.85,11,8,7.15,22.81
BHS01,17_1049_MAROON_39,0.4642857142857143,7.98,0.95,1.582,3.7,11,7,7.3,23.69
BHS01,17_1049_MAROON_43,0.4642857142857143,7.98,0.95,1.582,3.7,11,7,7.3,23.69
MAS01,10_1000_ROSE-GOLD_40,0.4642857142857143,7.98,0.95,1.582,3.7,11,7,7.3,23.69
MAS01,11_1007_BLACK_40,0.48214285714285715,7.98,0.95,1.582,3.85,11,8,7.15,22.81
MUS01,27_1119_WHITE_44,0.5,7.98,0.95,1.582,3.99,11,8,7.01,22.0
MUS01,29_1133_BROWN_37,0.4642857142857143,7.98,0.95,1.582,3.7,11,7,7.3,23.69
BHS01,17_1049_BROWN_42,0.5,7.98,0.95,1.582,3.99,11,8,7.01,22.0
MUS01,33_1161_ROSE-GOLD_37,0.48214285714285715,7.98,0.95,1.582,3.85,11,8,7.15,22.81
KOS01,31_1147_ANTIC-GOLD_40,0.5,7.98,0.95,1.582,3.99,11,8,7.01,22.0
MUS01,33_1161_ROSE-GOLD_43,0.5,7.98,0.95,1.582,3.99,11,8,7.01,22.0
INS01,11_1007_BLACK_39,0.5,7.98,0.95,1.582,3.99,11,8,7.01,22.0
INS01,11_1007_TAN_40,0.4642857142857143,7.98,0.95,1.582,3.7,11,7,7.3,23.69
SUS01,24_1098_WHITE_40,0.4642857142857143,7.98,0.95,1.582,3.7,11,7,7.3,23.69
AHS01,17_1049_MAROON_38,0.4642857142857143,7.98,0.95,1.582,3.7,11,7,7.3,23.69
SUS01,25_1105_BLACK_39,0.4642857142857143,7.98,0.95,1.582,3.7,11,7,7.3,23.69
SUS01,25_1105_BLACK_43,0.4642857142857143,7.98,0.95,1.582,3.7,11,7,7.3,23.69
KOS01,29_1133_BROWN_38,0.48214285714285715,7.98,0.95,1.582,3.85,11,8,7.15,22.81
KOS01,29_1133_BROWN_44,0.48214285714285715,7.98,0.95,1.582,3.85,11,8,7.15,22.81
BHS01,14_1028_WHITE_42,0.4642857142857143,7.98,0.95,1.582,3.7,11,7,7.3,23.69
COS01,11_1007_BLACK_42,0.5,7.98,0.95,1.582,3.99,11,8,7.01,22.0
PUS01,10_1000_ROSE-GOLD_42,0.5,7.98,0.95,1.582,3.99,11,8,7.01,22.0
BHS01,11_1007_BLACK_39,0.4642857142857143,7.98,0.95,1.582,3.7,11,7,7.3,23.69
COS01,12_1014_ROSE-GOLD_44,0.5,7.98,0.95,1.582,3.99,11,8,7.01,22.0
KOS01,27_1119_ANTIC-GOLD_38,0.5,7.98,0.95,1.582,3.99,11,8,7.01,22.0
KOS01,27_1119_ANTIC-GOLD_43,0.4642857142857143,7.98,0.95,1.582,3.7,11,7,7.3,23.69
BHS01,10_1000_BROWN_40,0.5,7.98,0.95,1.582,3.99,11,8,7.01,22.0
HYS01,14_1028_WHITE_37,0.4642857142857143,7.98,0.95,1.582,3.7,11,7,7.3,23.69
AHS01,18_1056_ANTIC-GOLD_44,0.5,7.98,0.95,1.582,3.99,11,8,7.01,22.0
AHS01,19_1063_MAROON_39,0.48214285714285715,7.98,0.95,1.582,3.85,11,8,7.15,22.81
PUS01,12_1014_BROWN_44,0.48214285714285715,7.98,0.95,1.582,3.85,11,8,7.15,22.81
PUS01,13_1021_BROWN_37,0.4642857142857143,7.98,0.95,1.582,3.7,11,7,7.3,23.69
COS01,13_1021_WHITE_42,0.48214285714285715,7.98,0.95,1.582,3.85,11,8,7.15,22.81
BES01,31_1147_ANTIC-GOLD_42,0.48214285714285715,7.98,0.95,1.582,3.85,11,8,7.15,22.81
COS01,14_1028_WHITE_41,0.5,7.98,0.95,1.582,3.99,11,8,7.01,22.0
PUS01,14_1028_ROSE-GOLD_44,0.5,7.98,0.95,1.582,3.99,11,8,7.01,22.0
BES01,28_1126_TAN_43,0.48214285714285715,7.98,0.95,1.582,3.85,11,8,7.15,22.81
PUS01,15_1035_GREY_39,0.4642857142857143,7.98,0.95,1.582,3.7,11,7,7.3,23.69
PUS01,16_1042_TAN_43,0.48214285714285715,7.98,0.95,1.582,3.85,11,8,7.15,22.81
PUS01,17_1049_BLACK_37,0.4642857142857143,7.98,0.95,1.582,3.7,11,7,7.3,23.69
BES01,24_1098_WHITE_41,0.5,7.98,0.95,1.582,3.99,11,8,7.01,22.0
COS01,16_1042_ANTIC-GOLD_44,0.48214285714285715,7.98,0.95,1.582,3.85,11,8,7.15,22.81
COS01,17_1049_BLACK_38,0.4642857142857143,7.98,0.95,1.582,3.7,11,7,7.3,23.69
COS01,17_1049_BLACK_39,0.4642857142857143,7.98,0.95,1.582,3.7,11,7,7.3,23.69
KOS01,20_1070_ANTIC-GOLD_40,0.48214285714285715,7.98,0.95,1.582,3.85,11,8,7.15,22.81
BES01,24_1098_WHITE_42,0.48214285714285715,7.98,0.95,1.582,3.85,11,8,7.15,22.81
HYS01,14_1028_ROSE-GOLD_44,0.48214285714285715,7.98,0.95,1.582,3.85,11,8,7.15,22.81
INS01,14_1028_NAVY_38,0.5,7.98,0.95,1.582,3.99,11,8,7.01,22.0
INS01,14_1028_NAVY_39,0.48214285714285715,7.98,0.95,1.582,3.85,11,8,7.15,22.81
SUS01,23_1091_BLUE-NAVY_40,0.48214285714285715,7.98,0.95,1.582,3.85,11,8,7.15,22.81
SUS01,23_1091_BLUE-NAVY_41,0.48214285714285715,7.98,0.95,1.582,3.85,11,8,7.15,22.81
SUS01,23_1091_BROWN_40,0.5,7.98,0.95,1.582,3.99,11,8,7.01,22.0
PUS01,17_1049_BROWN_38,0.5,7.98,0.95,1.582,3.99,11,8,7.01,22.0
KOS01,16_1042_BLUE-NAVY_42,0.4642857142857143,7.98,0.95,1.582,3.7,11,7,7.3,23.69
BES01,21_1077_BLUE-NAVY_44,0.48214285714285715,7.98,0.95,1.582,3.85,11,8,7.15,22.81
BES01,22_1084_NAVY_43,0.5,7.98,0.95,1.582,3.99,11,8,7.01,22.0
PUS01,20_1070_ANTIC-GOLD_39,0.4642857142857143,7.98,0.95,1.582,3.7,11,7,7.3,23.69
BES01,18_1056_ANTIC-GOLD_37,0.48214285714285715,7.98,0.95,1.582,3.85,11,8,7.15,22.81
BES01,18_1056_BLACK_43,0.4642857142857143,7.98,0.95,1.582,3.7,11,7,7.3,23.69
KOS01,14_1028_ROSE-GOLD_38,0.5,7.98,0.95,1.582,3.99,11,8,7.01,22.0
KOS01,13_1021_WHITE_38,0.4642857142857143,7.98,0.95,1.582,3.7,11,7,7.3,23.69
INS01,14_1028_ROSE-GOLD_40,0.4642857142857143,7.98,0.95,1.582,3.7,11,7,7.3,23.69
HYS01,12_1014_BROWN_44,0.5,7.98,0.95,1.582,3.99,11,8,7.01,22.0
HYS01,13_1021_BROWN_43,0.5,7.98,0.95,1.582,3.99,11,8,7.01,22.0
KOS01,13_1021_WHITE_39,0.4642857142857143,7.98,0.95,1.582,3.7,11,7,7.3,23.69
COS01,18_1056_GREY_43,0.4642857142857143,7.98,0.95,1.582,3.7,11,7,7.3,23.69
PUS01,22_1084_NAVY_43,0.5,7.98,0.95,1.582,3.99,11,8,7.01,22.0
PUS01,23_1091_BLUE-NAVY_38,0.4642857142857143,7.98,0.95,1.582,3.7,11,7,7.3,23.69
PUS01,23_1091_BLUE-NAVY_41,0.5,7.98,0.95,1.582,3.99,11,8,7.01,22.0
KOS01,13_1021_BROWN_42,0.48214285714285715,7.98,0.95,1.582,3.85,11,8,7.15,22.81
PUS01,25_1105_BLACK_37,0.5,7.98,0.95,1.582,3.99,11,8,7.01,22.0
PUS01,25_1105_BLACK_38,0.5,7.98,0.95,1.582,3.99,11,8,7.01,22.0
KOS01,11_1007_TAN_38,0.4642857142857143,7.98,0.95,1.582,3.7,11,7,7.3,23.69
KOS01,11_1007_TAN_41,0.5,7.98,0.95,1.582,3.99,11,8,7.01,22.0
AHS01,22_1084_NAVY_42,0.5,7.98,0.95,1.582,3.99,11,8,7.01,22.0
PUS01,27_1119_WHITE_37,0.5,7.98,0.95,1.582,3.99,11,8,7.01,22.0
PUS01,27_1119_WHITE_43,0.48214285714285715,7.98,0.95,1.582,3.85,11,8,7.15,22.81
PUS01,28_1126_ROSE-GOLD_37,0.4642857142857143,7.98,0.95,1.582,3.7,11,7,7.3,23.69
BES01,13_1021_BROWN_43,0.48214285714285715,7.98,0.95,1.582,3.85,11,8,7.15,22.81
BES01,11_1007_BLACK_38,0.5,7.98,0.95,1.582,3.99,11,8,7.01,22.0
BES01,11_1007_BLACK_41,0.5,7.98,0.95,1.582,3.99,11,8,7.01,22.0
KOS01,10_1000_BROWN_41,0.4642857142857143,7.98,0.95,1.582,3.7,11,7,7.3,23.69
INS01,31_1147_ANTIC-GOLD_39,0.5,7.98,0.95,1.582,3.99,11,8,7.01,22.0
BES01,11_1007_TAN_38,0.48214285714285715,7.98,0.95,1.582,3.85,11,8,7.15,22.81
INS01,25_1105_MAROON_38,0.4642857142857143,7.98,0.95,1.582,3.7,11,7,7.3,23.69
COS01,28_1126_BLUE-NAVY_41,0.48214285714285715,7.98,0.95,1.582,3.85,11,8,7.15,22.81
AHS01,33_1161_ROSE-GOLD_38,0.48214285714285715,7.98,0.95,1.582,3.85,11,8,7.15,22.81
PUS01,31_1147_MAROON_38,0.5,7.98,0.95,1.582,3.99,11,8,7.01,22.0
COS01,28_1126_TAN_40,0.4642857142857143,7.98,0.95,1.582,3.7,11,7,7.3,23.69
PUS01,32_1154_MAROON_42,0.48214285714285715,7.98,0.95,1.582,3.85,11,8,7.15,22.81
SUS01,10_1000_WHITE_40,0.4642857142857143,7.98,0.95,1.582,3.7,11,7,7.3,23.69
INS01,16_1042_ANTIC-GOLD_42,0.5,7.98,0.95,1.582,3.99,11,8,7.01,22.0
INS01,17_1049_MAROON_39,0.5,7.98,0.95,1.582,3.99,11,8,7.01,22.0
SUS01,17_1049_MAROON_38,0.5,7.98,0.95,1.582,3.99,11,8,7.01,22.0
SUS01,11_1007_BLACK_39,0.48214285714285715,7.98,0.95,1.582,3.85,11,8,7.15,22.81
INS01,24_1098_WHITE_38,0.48214285714285715,7.98,0.95,1.582,3.85,11,8,7.15,22.81
AHS01,31_1147_ANTIC-GOLD_41,0.5,7.98,0.95,1.582,3.99,11,8,7.01,22.0
AHS01,28_1126_TAN_44,0.48214285714285715,7.98,0.95,1.582,3.85,11,8,7.15,22.81
AHS01,29_1133_BROWN_43,0.48214285714285715,7.98,0.95,1.582,3.85,11,8,7.15,22.81
SUS01,13_1021_BROWN_38,0.5,7.98,0.95,1.582,3.99,11,8,7.01,22.0
INS01,21_1077_BLUE-NAVY_38,0.4642857142857143,7.98,0.95,1.582,3.7,11,7,7.3,23.69
INS01,22_1084_NAVY_42,0.4642857142857143,7.98,0.95,1.582,3.7,11,7,7.3,23.69
AHS01,27_1119_ANTIC-GOLD_37,0.48214285714285715,7.98,0.95,1.582,3.85,11,8,7.15,22.81
SUS01,14_1028_WHITE_41,0.48214285714285715,7.98,0.95,1.582,3.85,11,8,7.15,22.81
COS01,31_1147_WHITE_39,0.5,7.98,0.95,1.582,3.99,11,8,7.01,22.0
COS01,31_1147_WHITE_40,0.4642857142857143,7.98,0.95,1.582,3.7,11,7,7.3,23.69
AHS01,25_1105_MAROON_38,0.4642857142857143,7.98,0.95,1.582,3.7,11,7,7.3,23.69
HYS01,10_1000_WHITE_43,0.4642857142857143,7.98,0.95,1.582,3.7,11,7,7.3,23.69
AHS01,10_1000_ROSE-GOLD_40,0.48214285714285715,7.98,0.95,1.582,3.85,11,8,7.15,22.81
MAS01,31_1147_WHITE_39,0.5,7.98,0.95,1.582,3.99,11,8,7.01,22.0
MAS01,31_1147_WHITE_41,0.4642857142857143,7.98,0.95,1.582,3.7,11,7,7.3,23.69
AHS01,14_1028_ROSE-GOLD_43,0.4642857142857143,7.98,0.95,1.582,3.7,11,7,7.3,23.69
AHS01,10_1000_ROSE-GOLD_44,0.42857142857142855,7.98,0.95,1.582,3.42,10,7,6.58,23.33
SUS01,33_1161_BLUE-NAVY_38,0.42857142857142855,7.98,0.95,1.582,3.42,10,7,6.58,23.33
AHS01,13_1021_BROWN_43,0.4107142857142857,7.98,0.95,1.582,3.28,10,7,6.720000000000001,24.35
AHS01,14_1028_WHITE_43,0.4107142857142857,7.98,0.95,1.582,3.28,10,7,6.720000000000001,24.35
CHS01,14_1028_NAVY_44,0.44642857142857145,7.98,0.95,1.582,3.56,10,7,6.4399999999999995,22.4
CHS01,19_1063_MAROON_44,0.4107142857142857,7.98,0.95,1.582,3.28,10,7,6.720000000000001,24.35
CHS01,21_1077_BLUE-NAVY_38,0.42857142857142855,7.98,0.95,1.582,3.42,10,7,6.58,23.33
CHS01,21_1077_BLUE-NAVY_42,0.42857142857142855,7.98,0.95,1.582,3.42,10,7,6.58,23.33
MAS01,29_1133_BROWN_42,0.42857142857142855,7.98,0.95,1.582,3.42,10,7,6.58,23.33
SUS01,16_1042_BLUE-NAVY_38,0.4107142857142857,7.98,0.95,1.582,3.28,10,7,6.720000000000001,24.35
SUS01,16_1042_BLUE-NAVY_41,0.44642857142857145,7.98,0.95,1.582,3.56,10,7,6.4399999999999995,22.4
SUS01,16_1042_BLUE-NAVY_42,0.44642857142857145,7.98,0.95,1.582,3.56,10,7,6.4399999999999995,22.4
SUS01,31_1147_ANTIC-GOLD_40,0.44642857142857145,7.98,0.95,1.582,3.56,10,7,6.4399999999999995,22.4
SUS01,31_1147_WHITE_39,0.42857142857142855,7.98,0.95,1.582,3.42,10,7,6.58,23.33
SUS01,33_1161_ROSE-GOLD_39,0.44642857142857145,7.98,0.95,1.582,3.56,10,7,6.4399999999999995,22.4
CHS01,23_1091_BLACK_42,0.4107142857142857,7.98,0.95,1.582,3.28,10,7,6.720000000000001,24.35
MAS01,28_1126_TAN_37,0.4107142857142857,7.98,0.95,1.582,3.28,10,7,6.720000000000001,24.35
CHS01,13_1021_WHITE_37,0.4107142857142857,7.98,0.95,1.582,3.28,10,7,6.720000000000001,24.35
CHS01,11_1007_TAN_38,0.42857142857142855,7.98,0.95,1.582,3.42,10,7,6.58,23.33
MAS01,25_1105_BROWN_39,0.44642857142857145,7.98,0.95,1.582,3.56,10,7,6.4399999999999995,22.4
MAS01,25_1105_BROWN_41,0.42857142857142855,7.98,0.95,1.582,3.42,10,7,6.58,23.33
AHS01,25_1105_BROWN_38,0.42857142857142855,7.98,0.95,1.582,3.42,10,7,6.58,23.33
SUS01,16_1042_ANTIC-GOLD_42,0.42857142857142855,7.98,0.95,1.582,3.42,10,7,6.58,23.33
HYS01,10_1000_BROWN_43,0.44642857142857145,7.98,0.95,1.582,3.56,10,7,6.4399999999999995,22.4
MAS01,21_1077_MAROON_40,0.42857142857142855,7.98,0.95,1.582,3.42,10,7,6.58,23.33
MAS01,24_1098_MAROON_39,0.42857142857142855,7.98,0.95,1.582,3.42,10,7,6.58,23.33
BHS01,33_1161_ROSE-GOLD_38,0.4107142857142857,7.98,0.95,1.582,3.28,10,7,6.720000000000001,24.35
MUS01,16_1042_TAN_42,0.4107142857142857,7.98,0.95,1.582,3.28,10,7,6.720000000000001,24.35
MAS01,18_1056_BLACK_39,0.44642857142857145,7.98,0.95,1.582,3.56,10,7,6.4399999999999995,22.4
CHS01,24_1098_MAROON_39,0.44642857142857145,7.98,0.95,1.582,3.56,10,7,6.4399999999999995,22.4
HYS01,30_1140_WHITE_38,0.4107142857142857,7.98,0.95,1.582,3.28,10,7,6.720000000000001,24.35
SUS01,26_1112_WHITE_43,0.44642857142857145,7.98,0.95,1.582,3.56,10,7,6.4399999999999995,22.4
BHS01,29_1133_BROWN_43,0.4107142857142857,7.98,0.95,1.582,3.28,10,7,6.720000000000001,24.35
MUS01,17_1049_MAROON_43,0.4107142857142857,7.98,0.95,1.582,3.28,10,7,6.720000000000001,24.35
BHS01,27_1119_WHITE_38,0.42857142857142855,7.98,0.95,1.582,3.42,10,7,6.58,23.33
BHS01,27_1119_WHITE_43,0.44642857142857145,7.98,0.95,1.582,3.56,10,7,6.4399999999999995,22.4
BHS01,25_1105_BROWN_42,0.4107142857142857,7.98,0.95,1.582,3.28,10,7,6.720000000000001,24.35
AHS01,29_1133_BROWN_37,0.42857142857142855,7.98,0.95,1.582,3.42,10,7,6.58,23.33
SUS01,13_1021_BROWN_40,0.4107142857142857,7.98,0.95,1.582,3.28,10,7,6.720000000000001,24.35
AHS01,27_1119_WHITE_43,0.42857142857142855,7.98,0.95,1.582,3.42,10,7,6.58,23.33
BHS01,23_1091_BROWN_42,0.42857142857142855,7.98,0.95,1.582,3.42,10,7,6.58,23.33
HYS01,18_1056_ANTIC-GOLD_37,0.4107142857142857,7.98,0.95,1.582,3.28,10,7,6.720000000000001,24.35
HYS01,18_1056_BLACK_43,0.44642857142857145,7.98,0.95,1.582,3.56,10,7,6.4399999999999995,22.4
HYS01,33_1161_ROSE-GOLD_37,0.44642857142857145,7.98,0.95,1.582,3.56,10,7,6.4399999999999995,22.4
SUS01,25_1105_BROWN_42,0.44642857142857145,7.98,0.95,1.582,3.56,10,7,6.4399999999999995,22.4
SUS01,25_1105_BROWN_43,0.44642857142857145,7.98,0.95,1.582,3.56,10,7,6.4399999999999995,22.4
AHS01,16_1042_TAN_43,0.44642857142857145,7.98,0.95,1.582,3.56,10,7,6.4399999999999995,22.4
SUS01,25_1105_MAROON_43,0.4107142857142857,7.98,0.95,1.582,3.28,10,7,6.720000000000001,24.35
MAS01,14_1028_ROSE-GOLD_38,0.44642857142857145,7.98,0.95,1.582,3.56,10,7,6.4399999999999995,22.4
MAS01,14_1028_WHITE_41,0.42857142857142855,7.98,0.95,1.582,3.42,10,7,6.58,23.33
BHS01,23_1091_BLACK_42,0.42857142857142855,7.98,0.95,1.582,3.42,10,7,6.58,23.33
MAS01,13_1021_WHITE_39,0.4107142857142857,7.98,0.95,1.582,3.28,10,7,6.720000000000001,24.35
MAS01,14_1028_NAVY_42,0.44642857142857145,7.98,0.95,1.582,3.56,10,7,6.4399999999999995,22.4
BHS01,20_1070_ANTIC-GOLD_39,0.42857142857142855,7.98,0.95,1.582,3.42,10,7,6.58,23.33
AHS01,31_1147_WHITE_43,0.4107142857142857,7.98,0.95,1.582,3.28,10,7,6.720000000000001,24.35
AHS01,32_1154_MAROON_41,0.44642857142857145,7.98,0.95,1.582,3.56,10,7,6.4399999999999995,22.4
INS01,23_1091_BLUE-NAVY_42,0.42857142857142855,7.98,0.95,1.582,3.42,10,7,6.58,23.33
INS01,24_1098_MAROON_42,0.4107142857142857,7.98,0.95,1.582,3.28,10,7,6.720000000000001,24.35
CHS01,25_1105_MAROON_37,0.4107142857142857,7.98,0.95,1.582,3.28,10,7,6.720000000000001,24.35
CHS01,25_1105_MAROON_43,0.4107142857142857,7.98,0.95,1.582,3.28,10,7,6.720000000000001,24.35
MAS01,13_1021_BROWN_39,0.44642857142857145,7.98,0.95,1.582,3.56,10,7,6.4399999999999995,22.4
INS01,10_1000_BROWN_40,0.44642857142857145,7.98,0.95,1.582,3.56,10,7,6.4399999999999995,22.4
INS01,10_1000_BROWN_43,0.42857142857142855,7.98,0.95,1.582,3.42,10,7,6.58,23.33
INS01,10_1000_WHITE_40,0.4222222222222222,7.98,0.95,1.582,3.37,10,7,6.63,23.68
MAS01,12_1014_ROSE-GOLD_37,0.42857142857142855,7.98,0.95,1.582,3.42,10,7,6.58,23.33
CHS01,28_1126_ROSE-GOLD_43,0.4107142857142857,7.98,0.95,1.582,3.28,10,7,6.720000000000001,24.35
BHS01,18_1056_BLACK_44,0.42857142857142855,7.98,0.95,1.582,3.42,10,7,6.58,23.33
BHS01,17_1049_BROWN_38,0.42857142857142855,7.98,0.95,1.582,3.42,10,7,6.58,23.33
CHS01,32_1154_MAROON_38,0.4107142857142857,7.98,0.95,1.582,3.28,10,7,6.720000000000001,24.35
MUS01,32_1154_MAROON_42,0.4107142857142857,7.98,0.95,1.582,3.28,10,7,6.720000000000001,24.35
INS01,17_1049_BLACK_41,0.44642857142857145,7.98,0.95,1.582,3.56,10,7,6.4399999999999995,22.4
SUS01,11_1007_BLACK_41,0.4107142857142857,7.98,0.95,1.582,3.28,10,7,6.720000000000001,24.35
BHS01,16_1042_BLUE-NAVY_41,0.42857142857142855,7.98,0.95,1.582,3.42,10,7,6.58,23.33
SUS01,24_1098_WHITE_42,0.44642857142857145,7.98,0.95,1.582,3.56,10,7,6.4399999999999995,22.4
KOS01,29_1133_BROWN_43,0.4107142857142857,7.98,0.95,1.582,3.28,10,7,6.720000000000001,24.35
BHS01,12_1014_BROWN_37,0.42857142857142855,7.98,0.95,1.582,3.42,10,7,6.58,23.33
BHS01,12_1014_ROSE-GOLD_43,0.44642857142857145,7.98,0.95,1.582,3.56,10,7,6.4399999999999995,22.4
COS01,10_1000_WHITE_38,0.4107142857142857,7.98,0.95,1.582,3.28,10,7,6.720000000000001,24.35
COS01,11_1007_BLACK_38,0.42857142857142855,7.98,0.95,1.582,3.42,10,7,6.58,23.33
BHS01,11_1007_BLACK_40,0.44642857142857145,7.98,0.95,1.582,3.56,10,7,6.4399999999999995,22.4
PUS01,11_1007_TAN_38,0.42857142857142855,7.98,0.95,1.582,3.42,10,7,6.58,23.33
COS01,12_1014_ANTIC-GOLD_44,0.44642857142857145,7.98,0.95,1.582,3.56,10,7,6.4399999999999995,22.4
BES01,33_1161_ROSE-GOLD_43,0.42857142857142855,7.98,0.95,1.582,3.42,10,7,6.58,23.33
INS01,12_1014_BROWN_43,0.44642857142857145,7.98,0.95,1.582,3.56,10,7,6.4399999999999995,22.4
INS01,12_1014_BROWN_44,0.42857142857142855,7.98,0.95,1.582,3.42,10,7,6.58,23.33
HYS01,14_1028_WHITE_38,0.42857142857142855,7.98,0.95,1.582,3.42,10,7,6.58,23.33
COS01,29_1133_BROWN_42,0.44642857142857145,7.98,0.95,1.582,3.56,10,7,6.4399999999999995,22.4
PUS01,32_1154_MAROON_41,0.4107142857142857,7.98,0.95,1.582,3.28,10,7,6.720000000000001,24.35
AHS01,25_1105_BLACK_40,0.42857142857142855,7.98,0.95,1.582,3.42,10,7,6.58,23.33
AHS01,18_1056_GREY_44,0.4107142857142857,7.98,0.95,1.582,3.28,10,7,6.720000000000001,24.35
BES01,32_1154_MAROON_41,0.42857142857142855,7.98,0.95,1.582,3.42,10,7,6.58,23.33
KOS01,23_1091_BROWN_41,0.42857142857142855,7.98,0.95,1.582,3.42,10,7,6.58,23.33
BES01,31_1147_MAROON_39,0.42857142857142855,7.98,0.95,1.582,3.42,10,7,6.58,23.33
PUS01,14_1028_NAVY_44,0.44642857142857145,7.98,0.95,1.582,3.56,10,7,6.4399999999999995,22.4
PUS01,14_1028_ROSE-GOLD_43,0.4107142857142857,7.98,0.95,1.582,3.28,10,7,6.720000000000001,24.35
BES01,28_1126_TAN_37,0.44642857142857145,7.98,0.95,1.582,3.56,10,7,6.4399999999999995,22.4
BES01,29_1133_BROWN_37,0.44642857142857145,7.98,0.95,1.582,3.56,10,7,6.4399999999999995,22.4
KOS01,21_1077_MAROON_38,0.4107142857142857,7.98,0.95,1.582,3.28,10,7,6.720000000000001,24.35
KOS01,21_1077_MAROON_43,0.42857142857142855,7.98,0.95,1.582,3.42,10,7,6.58,23.33
PUS01,16_1042_TAN_42,0.42857142857142855,7.98,0.95,1.582,3.42,10,7,6.58,23.33
BES01,28_1126_ROSE-GOLD_37,0.44642857142857145,7.98,0.95,1.582,3.56,10,7,6.4399999999999995,22.4
COS01,28_1126_BLUE-NAVY_38,0.44642857142857145,7.98,0.95,1.582,3.56,10,7,6.4399999999999995,22.4
AHS01,33_1161_ROSE-GOLD_40,0.44642857142857145,7.98,0.95,1.582,3.56,10,7,6.4399999999999995,22.4
AHS01,33_1161_ROSE-GOLD_41,0.42857142857142855,7.98,0.95,1.582,3.42,10,7,6.58,23.33
SUS01,20_1070_ANTIC-GOLD_41,0.4107142857142857,7.98,0.95,1.582,3.28,10,7,6.720000000000001,24.35
PUS01,17_1049_BROWN_43,0.44642857142857145,7.98,0.95,1.582,3.56,10,7,6.4399999999999995,22.4
BES01,23_1091_BLUE-NAVY_38,0.4107142857142857,7.98,0.95,1.582,3.28,10,7,6.720000000000001,24.35
BES01,23_1091_BLUE-NAVY_43,0.44642857142857145,7.98,0.95,1.582,3.56,10,7,6.4399999999999995,22.4
KOS01,16_1042_BLUE-NAVY_38,0.4107142857142857,7.98,0.95,1.582,3.28,10,7,6.720000000000001,24.35
COS01,18_1056_ANTIC-GOLD_44,0.42857142857142855,7.98,0.95,1.582,3.42,10,7,6.58,23.33
COS01,18_1056_BLACK_38,0.42857142857142855,7.98,0.95,1.582,3.42,10,7,6.58,23.33
PUS01,18_1056_GREY_44,0.44642857142857145,7.98,0.95,1.582,3.56,10,7,6.4399999999999995,22.4
BES01,22_1084_NAVY_42,0.44642857142857145,7.98,0.95,1.582,3.56,10,7,6.4399999999999995,22.4
BES01,23_1091_BLACK_43,0.4107142857142857,7.98,0.95,1.582,3.28,10,7,6.720000000000001,24.35
PUS01,20_1070_ANTIC-GOLD_38,0.4107142857142857,7.98,0.95,1.582,3.28,10,7,6.720000000000001,24.35
PUS01,21_1077_BLUE-NAVY_37,0.42857142857142855,7.98,0.95,1.582,3.42,10,7,6.58,23.33
PUS01,21_1077_BLUE-NAVY_38,0.42857142857142855,7.98,0.95,1.582,3.42,10,7,6.58,23.33
BES01,19_1063_MAROON_38,0.44642857142857145,7.98,0.95,1.582,3.56,10,7,6.4399999999999995,22.4
KOS01,10_1000_BROWN_42,0.44642857142857145,7.98,0.95,1.582,3.56,10,7,6.4399999999999995,22.4
INS01,28_1126_BLUE-NAVY_43,0.4107142857142857,7.98,0.95,1.582,3.28,10,7,6.720000000000001,24.35
COS01,24_1098_MAROON_39,0.4107142857142857,7.98,0.95,1.582,3.28,10,7,6.720000000000001,24.35
BES01,11_1007_TAN_43,0.4107142857142857,7.98,0.95,1.582,3.28,10,7,6.720000000000001,24.35
PUS01,28_1126_TAN_37,0.4107142857142857,7.98,0.95,1.582,3.28,10,7,6.720000000000001,24.35
BES01,21_1077_BLUE-NAVY_43,0.4107142857142857,7.98,0.95,1.582,3.28,10,7,6.720000000000001,24.35
BES01,18_1056_ANTIC-GOLD_44,0.42857142857142855,7.98,0.95,1.582,3.42,10,7,6.58,23.33
BES01,18_1056_BLACK_38,0.44642857142857145,7.98,0.95,1.582,3.56,10,7,6.4399999999999995,22.4
INS01,14_1028_ROSE-GOLD_43,0.42857142857142855,7.98,0.95,1.582,3.42,10,7,6.58,23.33
INS01,13_1021_BROWN_38,0.44642857142857145,7.98,0.95,1.582,3.56,10,7,6.4399999999999995,22.4
PUS01,23_1091_BROWN_43,0.44642857142857145,7.98,0.95,1.582,3.56,10,7,6.4399999999999995,22.4
COS01,23_1091_BROWN_40,0.42857142857142855,7.98,0.95,1.582,3.42,10,7,6.58,23.33
COS01,23_1091_BROWN_42,0.4107142857142857,7.98,0.95,1.582,3.28,10,7,6.720000000000001,24.35
KOS01,13_1021_BROWN_40,0.44642857142857145,7.98,0.95,1.582,3.56,10,7,6.4399999999999995,22.4
PUS01,24_1098_WHITE_38,0.42857142857142855,7.98,0.95,1.582,3.42,10,7,6.58,23.33
PUS01,24_1098_WHITE_40,0.44642857142857145,7.98,0.95,1.582,3.56,10,7,6.4399999999999995,22.4
BES01,16_1042_TAN_37,0.42857142857142855,7.98,0.95,1.582,3.42,10,7,6.58,23.33
PUS01,25_1105_BLACK_43,0.42857142857142855,7.98,0.95,1.582,3.42,10,7,6.58,23.33
HYS01,11_1007_BLACK_38,0.44642857142857145,7.98,0.95,1.582,3.56,10,7,6.4399999999999995,22.4
HYS01,11_1007_TAN_42,0.42857142857142855,7.98,0.95,1.582,3.42,10,7,6.58,23.33
INS01,16_1042_ANTIC-GOLD_37,0.4107142857142857,7.98,0.95,1.582,3.28,10,7,6.720000000000001,24.35
INS01,14_1028_ROSE-GOLD_38,0.42857142857142855,7.98,0.95,1.582,3.42,10,7,6.58,23.33
INS01,14_1028_ROSE-GOLD_39,0.4107142857142857,7.98,0.95,1.582,3.28,10,7,6.720000000000001,24.35
BES01,13_1021_WHITE_42,0.44642857142857145,7.98,0.95,1.582,3.56,10,7,6.4399999999999995,22.4
COS01,24_1098_WHITE_41,0.42857142857142855,7.98,0.95,1.582,3.42,10,7,6.58,23.33
KOS01,10_1000_WHITE_42,0.44642857142857145,7.98,0.95,1.582,3.56,10,7,6.4399999999999995,22.4
KOS01,11_1007_TAN_39,0.42857142857142855,7.98,0.95,1.582,3.42,10,7,6.58,23.33
PUS01,25_1105_BROWN_38,0.44642857142857145,7.98,0.95,1.582,3.56,10,7,6.4399999999999995,22.4
PUS01,25_1105_MAROON_38,0.44642857142857145,7.98,0.95,1.582,3.56,10,7,6.4399999999999995,22.4
SUS01,17_1049_MAROON_44,0.4107142857142857,7.98,0.95,1.582,3.28,10,7,6.720000000000001,24.35
AHS01,20_1070_ANTIC-GOLD_40,0.4107142857142857,7.98,0.95,1.582,3.28,10,7,6.720000000000001,24.35
AHS01,22_1084_NAVY_39,0.44642857142857145,7.98,0.95,1.582,3.56,10,7,6.4399999999999995,22.4
CHS01,16_1042_ANTIC-GOLD_38,0.42857142857142855,7.98,0.95,1.582,3.42,10,7,6.58,23.33
AHS01,16_1042_ANTIC-GOLD_43,0.44642857142857145,7.98,0.95,1.582,3.56,10,7,6.4399999999999995,22.4
HYS01,26_1112_WHITE_44,0.4107142857142857,7.98,0.95,1.582,3.28,10,7,6.720000000000001,24.35
HYS01,22_1084_NAVY_38,0.42857142857142855,7.98,0.95,1.582,3.42,10,7,6.58,23.33
MAS01,31_1147_WHITE_42,0.4107142857142857,7.98,0.95,1.582,3.28,10,7,6.720000000000001,24.35
CHS01,18_1056_BLACK_37,0.44642857142857145,7.98,0.95,1.582,3.56,10,7,6.4399999999999995,22.4
HYS01,24_1098_MAROON_39,0.44642857142857145,7.98,0.95,1.582,3.56,10,7,6.4399999999999995,22.4
HYS01,26_1112_WHITE_37,0.44642857142857145,7.98,0.95,1.582,3.56,10,7,6.4399999999999995,22.4
AHS01,14_1028_ROSE-GOLD_37,0.42857142857142855,7.98,0.95,1.582,3.42,10,7,6.58,23.33
INS01,18_1056_ANTIC-GOLD_37,0.375,7.98,0.95,1.582,2.99,9,6,6.01,24.0
KOS01,11_1007_TAN_40,0.375,7.98,0.95,1.582,2.99,9,6,6.01,24.0
SUS01,33_1161_ROSE-GOLD_43,0.375,7.98,0.95,1.582,2.99,9,6,6.01,24.0
INS01,18_1056_BLACK_37,0.375,7.98,0.95,1.582,2.99,9,6,6.01,24.0
MAS01,31_1147_ANTIC-GOLD_41,0.375,7.98,0.95,1.582,2.99,9,6,6.01,24.0
MUS01,10_1000_WHITE_42,0.375,7.98,0.95,1.582,2.99,9,6,6.01,24.0
COS01,23_1091_BLUE-NAVY_38,0.375,7.98,0.95,1.582,2.99,9,6,6.01,24.0
AHS01,16_1042_ANTIC-GOLD_37,0.375,7.98,0.95,1.582,2.99,9,6,6.01,24.0
MUS01,14_1028_NAVY_43,0.39285714285714285,7.98,0.95,1.582,3.13,9,7,5.87,22.91
CHS01,13_1021_WHITE_43,0.375,7.98,0.95,1.582,2.99,9,6,6.01,24.0
MUS01,16_1042_BLUE-NAVY_38,0.39285714285714285,7.98,0.95,1.582,3.13,9,7,5.87,22.91
MUS01,14_1028_ROSE-GOLD_41,0.375,7.98,0.95,1.582,2.99,9,6,6.01,24.0
BES01,11_1007_BLACK_39,0.39285714285714285,7.98,0.95,1.582,3.13,9,7,5.87,22.91
KOS01,10_1000_BROWN_39,0.375,7.98,0.95,1.582,2.99,9,6,6.01,24.0
CHS01,22_1084_NAVY_43,0.375,7.98,0.95,1.582,2.99,9,6,6.01,24.0
COS01,33_1161_BLUE-NAVY_38,0.375,7.98,0.95,1.582,2.99,9,6,6.01,24.0
AHS01,25_1105_MAROON_42,0.375,7.98,0.95,1.582,2.99,9,6,6.01,24.0
COS01,20_1070_ANTIC-GOLD_41,0.39285714285714285,7.98,0.95,1.582,3.13,9,7,5.87,22.91
COS01,20_1070_ANTIC-GOLD_40,0.39285714285714285,7.98,0.95,1.582,3.13,9,7,5.87,22.91
HYS01,13_1021_BROWN_44,0.375,7.98,0.95,1.582,2.99,9,6,6.01,24.0
BHS01,33_1161_BLUE-NAVY_38,0.39285714285714285,7.98,0.95,1.582,3.13,9,7,5.87,22.91
HYS01,30_1140_WHITE_43,0.375,7.98,0.95,1.582,2.99,9,6,6.01,24.0
MAS01,18_1056_BLACK_43,0.375,7.98,0.95,1.582,2.99,9,6,6.01,24.0
MAS01,21_1077_MAROON_42,0.375,7.98,0.95,1.582,2.99,9,6,6.01,24.0
AHS01,25_1105_BROWN_43,0.375,7.98,0.95,1.582,2.99,9,6,6.01,24.0
INS01,18_1056_GREY_44,0.375,7.98,0.95,1.582,2.99,9,6,6.01,24.0
COS01,33_1161_BLUE-NAVY_42,0.39285714285714285,7.98,0.95,1.582,3.13,9,7,5.87,22.91
INS01,13_1021_BROWN_43,0.39285714285714285,7.98,0.95,1.582,3.13,9,7,5.87,22.91
CHS01,24_1098_MAROON_42,0.39285714285714285,7.98,0.95,1.582,3.13,9,7,5.87,22.91
INS01,28_1126_BLUE-NAVY_44,0.375,7.98,0.95,1.582,2.99,9,6,6.01,24.0
PUS01,22_1084_NAVY_37,0.39285714285714285,7.98,0.95,1.582,3.13,9,7,5.87,22.91
HYS01,20_1070_ANTIC-GOLD_42,0.39285714285714285,7.98,0.95,1.582,3.13,9,7,5.87,22.91
AHS01,31_1147_MAROON_40,0.375,7.98,0.95,1.582,2.99,9,6,6.01,24.0
AHS01,31_1147_MAROON_43,0.39285714285714285,7.98,0.95,1.582,3.13,9,7,5.87,22.91
SUS01,12_1014_ANTIC-GOLD_44,0.375,7.98,0.95,1.582,2.99,9,6,6.01,24.0
SUS01,23_1091_BROWN_42,0.375,7.98,0.95,1.582,2.99,9,6,6.01,24.0
BHS01,25_1105_BROWN_43,0.375,7.98,0.95,1.582,2.99,9,6,6.01,24.0
BHS01,27_1119_ANTIC-GOLD_44,0.375,7.98,0.95,1.582,2.99,9,6,6.01,24.0
MAS01,16_1042_ANTIC-GOLD_39,0.39285714285714285,7.98,0.95,1.582,3.13,9,7,5.87,22.91
BES01,23_1091_BROWN_43,0.375,7.98,0.95,1.582,2.99,9,6,6.01,24.0
MUS01,18_1056_ANTIC-GOLD_44,0.375,7.98,0.95,1.582,2.99,9,6,6.01,24.0
INS01,20_1070_ANTIC-GOLD_42,0.39285714285714285,7.98,0.95,1.582,3.13,9,7,5.87,22.91
COS01,28_1126_ROSE-GOLD_37,0.39285714285714285,7.98,0.95,1.582,3.13,9,7,5.87,22.91
PUS01,32_1154_MAROON_40,0.375,7.98,0.95,1.582,2.99,9,6,6.01,24.0
COS01,17_1049_BLACK_42,0.375,7.98,0.95,1.582,2.99,9,6,6.01,24.0
COS01,16_1042_ANTIC-GOLD_41,0.375,7.98,0.95,1.582,2.99,9,6,6.01,24.0
COS01,14_1028_WHITE_40,0.39285714285714285,7.98,0.95,1.582,3.13,9,7,5.87,22.91
HYS01,13_1021_WHITE_44,0.39285714285714285,7.98,0.95,1.582,3.13,9,7,5.87,22.91
BHS01,29_1133_BROWN_37,0.375,7.98,0.95,1.582,2.99,9,6,6.01,24.0
MAS01,17_1049_BLACK_42,0.39285714285714285,7.98,0.95,1.582,3.13,9,7,5.87,22.91
COS01,24_1098_MAROON_40,0.39285714285714285,7.98,0.95,1.582,3.13,9,7,5.87,22.91
INS01,16_1042_BLUE-NAVY_40,0.375,7.98,0.95,1.582,2.99,9,6,6.01,24.0
AHS01,19_1063_MAROON_37,0.375,7.98,0.95,1.582,2.99,9,6,6.01,24.0
AHS01,18_1056_GREY_37,0.375,7.98,0.95,1.582,2.99,9,6,6.01,24.0
MAS01,14_1028_WHITE_40,0.375,7.98,0.95,1.582,2.99,9,6,6.01,24.0
MAS01,14_1028_ROSE-GOLD_40,0.375,7.98,0.95,1.582,2.99,9,6,6.01,24.0
BES01,31_1147_MAROON_42,0.39285714285714285,7.98,0.95,1.582,3.13,9,7,5.87,22.91
BES01,31_1147_MAROON_43,0.375,7.98,0.95,1.582,2.99,9,6,6.01,24.0
PUS01,14_1028_NAVY_43,0.39285714285714285,7.98,0.95,1.582,3.13,9,7,5.87,22.91
HYS01,18_1056_ANTIC-GOLD_44,0.375,7.98,0.95,1.582,2.99,9,6,6.01,24.0
COS01,14_1028_WHITE_43,0.39285714285714285,7.98,0.95,1.582,3.13,9,7,5.87,22.91
BES01,29_1133_BROWN_44,0.39285714285714285,7.98,0.95,1.582,3.13,9,7,5.87,22.91
MUS01,21_1077_MAROON_38,0.375,7.98,0.95,1.582,2.99,9,6,6.01,24.0
MUS01,21_1077_BLUE-NAVY_43,0.375,7.98,0.95,1.582,2.99,9,6,6.01,24.0
HYS01,17_1049_MAROON_37,0.375,7.98,0.95,1.582,2.99,9,6,6.01,24.0
INS01,10_1000_WHITE_42,0.39285714285714285,7.98,0.95,1.582,3.13,9,7,5.87,22.91
HYS01,31_1147_ANTIC-GOLD_43,0.39285714285714285,7.98,0.95,1.582,3.13,9,7,5.87,22.91
INS01,10_1000_WHITE_43,0.39285714285714285,7.98,0.95,1.582,3.13,9,7,5.87,22.91
COS01,31_1147_ANTIC-GOLD_38,0.375,7.98,0.95,1.582,2.99,9,6,6.01,24.0
BHS01,16_1042_TAN_41,0.39285714285714285,7.98,0.95,1.582,3.13,9,7,5.87,22.91
MUS01,27_1119_WHITE_37,0.39285714285714285,7.98,0.95,1.582,3.13,9,7,5.87,22.91
COS01,11_1007_BLACK_40,0.375,7.98,0.95,1.582,2.99,9,6,6.01,24.0
MAS01,14_1028_NAVY_40,0.39285714285714285,7.98,0.95,1.582,3.13,9,7,5.87,22.91
BHS01,21_1077_BLUE-NAVY_38,0.375,7.98,0.95,1.582,2.99,9,6,6.01,24.0
INS01,23_1091_BLUE-NAVY_39,0.375,7.98,0.95,1.582,2.99,9,6,6.01,24.0
BHS01,10_1000_BROWN_42,0.375,7.98,0.95,1.582,2.99,9,6,6.01,24.0
BHS01,10_1000_BROWN_39,0.39285714285714285,7.98,0.95,1.582,3.13,9,7,5.87,22.91
KOS01,27_1119_WHITE_37,0.39285714285714285,7.98,0.95,1.582,3.13,9,7,5.87,22.91
COS01,11_1007_BLACK_41,0.375,7.98,0.95,1.582,2.99,9,6,6.01,24.0
PUS01,14_1028_NAVY_37,0.375,7.98,0.95,1.582,2.99,9,6,6.01,24.0
MAS01,14_1028_WHITE_42,0.375,7.98,0.95,1.582,2.99,9,6,6.01,24.0
INS01,16_1042_ANTIC-GOLD_38,0.39285714285714285,7.98,0.95,1.582,3.13,9,7,5.87,22.91
INS01,16_1042_ANTIC-GOLD_43,0.375,7.98,0.95,1.582,2.99,9,6,6.01,24.0
SUS01,17_1049_BROWN_38,0.39285714285714285,7.98,0.95,1.582,3.13,9,7,5.87,22.91
SUS01,17_1049_BLACK_42,0.39285714285714285,7.98,0.95,1.582,3.13,9,7,5.87,22.91
HYS01,25_1105_BLACK_38,0.39285714285714285,7.98,0.95,1.582,3.13,9,7,5.87,22.91
HYS01,24_1098_MAROON_38,0.39285714285714285,7.98,0.95,1.582,3.13,9,7,5.87,22.91
HYS01,22_1084_NAVY_43,0.39285714285714285,7.98,0.95,1.582,3.13,9,7,5.87,22.91
SUS01,32_1154_MAROON_40,0.375,7.98,0.95,1.582,2.99,9,6,6.01,24.0
HYS01,21_1077_BLUE-NAVY_44,0.39285714285714285,7.98,0.95,1.582,3.13,9,7,5.87,22.91
AHS01,10_1000_WHITE_38,0.39285714285714285,7.98,0.95,1.582,3.13,9,7,5.87,22.91
MUS01,29_1133_BROWN_43,0.375,7.98,0.95,1.582,2.99,9,6,6.01,24.0
CHS01,30_1140_WHITE_38,0.375,7.98,0.95,1.582,2.99,9,6,6.01,24.0
KOS01,30_1140_WHITE_38,0.375,7.98,0.95,1.582,2.99,9,6,6.01,24.0
AHS01,22_1084_NAVY_43,0.3392857142857143,7.98,0.95,1.582,2.71,8,6,5.29,23.58
MUS01,10_1000_WHITE_43,0.32142857142857145,7.98,0.95,1.582,2.56,8,6,5.4399999999999995,24.89
HYS01,20_1070_ANTIC-GOLD_40,0.3392857142857143,7.98,0.95,1.582,2.71,8,6,5.29,23.58
HYS01,28_1126_TAN_37,0.3392857142857143,7.98,0.95,1.582,2.71,8,6,5.29,23.58
INS01,14_1028_WHITE_42,0.35714285714285715,7.98,0.95,1.582,2.85,8,6,5.15,22.4
INS01,13_1021_BROWN_41,0.3392857142857143,7.98,0.95,1.582,2.71,8,6,5.29,23.58
INS01,14_1028_WHITE_38,0.3392857142857143,7.98,0.95,1.582,2.71,8,6,5.29,23.58
BES01,21_1077_BLUE-NAVY_38,0.32142857142857145,7.98,0.95,1.582,2.56,8,6,5.4399999999999995,24.89
INS01,14_1028_ROSE-GOLD_44,0.3392857142857143,7.98,0.95,1.582,2.71,8,6,5.29,23.58
HYS01,13_1021_BROWN_37,0.35714285714285715,7.98,0.95,1.582,2.85,8,6,5.15,22.4
MUS01,16_1042_TAN_44,0.32142857142857145,7.98,0.95,1.582,2.56,8,6,5.4399999999999995,24.89
BHS01,33_1161_BLUE-NAVY_43,0.3392857142857143,7.98,0.95,1.582,2.71,8,6,5.29,23.58
BHS01,33_1161_BLUE-NAVY_42,0.3392857142857143,7.98,0.95,1.582,2.71,8,6,5.29,23.58
MUS01,17_1049_MAROON_37,0.32142857142857145,7.98,0.95,1.582,2.56,8,6,5.4399999999999995,24.89
INS01,17_1049_MAROON_40,0.35714285714285715,7.98,0.95,1.582,2.85,8,6,5.15,22.4
INS01,17_1049_MAROON_42,0.3392857142857143,7.98,0.95,1.582,2.71,8,6,5.29,23.58
HYS01,10_1000_BROWN_37,0.3392857142857143,7.98,0.95,1.582,2.71,8,6,5.29,23.58
HYS01,10_1000_WHITE_38,0.3392857142857143,7.98,0.95,1.582,2.71,8,6,5.29,23.58
BES01,17_1049_BLACK_42,0.32142857142857145,7.98,0.95,1.582,2.56,8,6,5.4399999999999995,24.89
BES01,17_1049_BROWN_43,0.35714285714285715,7.98,0.95,1.582,2.85,8,6,5.15,22.4
KOS01,13_1021_WHITE_42,0.3392857142857143,7.98,0.95,1.582,2.71,8,6,5.29,23.58
MUS01,16_1042_BLUE-NAVY_37,0.3392857142857143,7.98,0.95,1.582,2.71,8,6,5.29,23.58
BES01,16_1042_TAN_43,0.32142857142857145,7.98,0.95,1.582,2.56,8,6,5.4399999999999995,24.89
BES01,16_1042_ANTIC-GOLD_43,0.35714285714285715,7.98,0.95,1.582,2.85,8,6,5.15,22.4
PUS01,24_1098_WHITE_43,0.35714285714285715,7.98,0.95,1.582,2.85,8,6,5.15,22.4
HYS01,11_1007_TAN_38,0.32142857142857145,7.98,0.95,1.582,2.56,8,6,5.4399999999999995,24.89
AHS01,23_1091_BLUE-NAVY_43,0.32142857142857145,7.98,0.95,1.582,2.56,8,6,5.4399999999999995,24.89
CHS01,12_1014_ANTIC-GOLD_37,0.32142857142857145,7.98,0.95,1.582,2.56,8,6,5.4399999999999995,24.89
MAS01,28_1126_BLUE-NAVY_38,0.32142857142857145,7.98,0.95,1.582,2.56,8,6,5.4399999999999995,24.89
CHS01,11_1007_TAN_37,0.3392857142857143,7.98,0.95,1.582,2.71,8,6,5.29,23.58
AHS01,15_1035_GREY_40,0.32142857142857145,7.98,0.95,1.582,2.56,8,6,5.4399999999999995,24.89
CHS01,16_1042_TAN_43,0.3392857142857143,7.98,0.95,1.582,2.71,8,6,5.29,23.58
CHS01,16_1042_ANTIC-GOLD_37,0.32142857142857145,7.98,0.95,1.582,2.56,8,6,5.4399999999999995,24.89
INS01,18_1056_ANTIC-GOLD_43,0.32142857142857145,7.98,0.95,1.582,2.56,8,6,5.4399999999999995,24.89
MUS01,21_1077_BLUE-NAVY_38,0.35714285714285715,7.98,0.95,1.582,2.85,8,6,5.15,22.4
AHS01,27_1119_WHITE_37,0.3392857142857143,7.98,0.95,1.582,2.71,8,6,5.29,23.58
SUS01,14_1028_ROSE-GOLD_44,0.32142857142857145,7.98,0.95,1.582,2.56,8,6,5.4399999999999995,24.89
COS01,28_1126_BLUE-NAVY_43,0.3392857142857143,7.98,0.95,1.582,2.71,8,6,5.29,23.58
COS01,16_1042_ANTIC-GOLD_42,0.3392857142857143,7.98,0.95,1.582,2.71,8,6,5.29,23.58
COS01,16_1042_ANTIC-GOLD_43,0.32142857142857145,7.98,0.95,1.582,2.56,8,6,5.4399999999999995,24.89
PUS01,15_1035_GREY_40,0.35714285714285715,7.98,0.95,1.582,2.85,8,6,5.15,22.4
BES01,24_1098_WHITE_38,0.32142857142857145,7.98,0.95,1.582,2.56,8,6,5.4399999999999995,24.89
HYS01,13_1021_WHITE_43,0.3392857142857143,7.98,0.95,1.582,2.71,8,6,5.29,23.58
KOS01,21_1077_MAROON_40,0.35714285714285715,7.98,0.95,1.582,2.85,8,6,5.15,22.4
INS01,14_1028_NAVY_43,0.35714285714285715,7.98,0.95,1.582,2.85,8,6,5.15,22.4
INS01,25_1105_BLACK_43,0.35714285714285715,7.98,0.95,1.582,2.85,8,6,5.15,22.4
KOS01,18_1056_GREY_37,0.32142857142857145,7.98,0.95,1.582,2.56,8,6,5.4399999999999995,24.89
KOS01,20_1070_ANTIC-GOLD_38,0.32142857142857145,7.98,0.95,1.582,2.56,8,6,5.4399999999999995,24.89
KOS01,20_1070_ANTIC-GOLD_39,0.32142857142857145,7.98,0.95,1.582,2.56,8,6,5.4399999999999995,24.89
PUS01,17_1049_BLACK_44,0.32142857142857145,7.98,0.95,1.582,2.56,8,6,5.4399999999999995,24.89
AHS01,31_1147_MAROON_39,0.32142857142857145,7.98,0.95,1.582,2.56,8,6,5.4399999999999995,24.89
AHS01,28_1126_TAN_37,0.35714285714285715,7.98,0.95,1.582,2.85,8,6,5.15,22.4
SUS01,13_1021_BROWN_41,0.32142857142857145,7.98,0.95,1.582,2.56,8,6,5.4399999999999995,24.89
AHS01,33_1161_ROSE-GOLD_43,0.3392857142857143,7.98,0.95,1.582,2.71,8,6,5.29,23.58
AHS01,33_1161_ROSE-GOLD_39,0.35714285714285715,7.98,0.95,1.582,2.85,8,6,5.15,22.4
PUS01,31_1147_MAROON_43,0.32142857142857145,7.98,0.95,1.582,2.56,8,6,5.4399999999999995,24.89
PUS01,21_1077_BLUE-NAVY_44,0.32142857142857145,7.98,0.95,1.582,2.56,8,6,5.4399999999999995,24.89
MAS01,16_1042_TAN_40,0.35714285714285715,7.98,0.95,1.582,2.85,8,6,5.15,22.4
SUS01,23_1091_BROWN_39,0.3392857142857143,7.98,0.95,1.582,2.71,8,6,5.29,23.58
SUS01,23_1091_BROWN_38,0.32142857142857145,7.98,0.95,1.582,2.56,8,6,5.4399999999999995,24.89
SUS01,23_1091_BLUE-NAVY_42,0.3392857142857143,7.98,0.95,1.582,2.71,8,6,5.29,23.58
MAS01,16_1042_TAN_41,0.35714285714285715,7.98,0.95,1.582,2.85,8,6,5.15,22.4
KOS01,16_1042_BLUE-NAVY_43,0.32142857142857145,7.98,0.95,1.582,2.56,8,6,5.4399999999999995,24.89
BES01,23_1091_BROWN_37,0.3392857142857143,7.98,0.95,1.582,2.71,8,6,5.29,23.58
PUS01,17_1049_BROWN_37,0.32142857142857145,7.98,0.95,1.582,2.56,8,6,5.4399999999999995,24.89
MUS01,20_1070_ANTIC-GOLD_38,0.35714285714285715,7.98,0.95,1.582,2.85,8,6,5.15,22.4
COS01,18_1056_ANTIC-GOLD_43,0.35714285714285715,7.98,0.95,1.582,2.85,8,6,5.15,22.4
PUS01,20_1070_ANTIC-GOLD_42,0.32142857142857145,7.98,0.95,1.582,2.56,8,6,5.4399999999999995,24.89
INS01,29_1133_BROWN_43,0.35714285714285715,7.98,0.95,1.582,2.85,8,6,5.15,22.4
INS01,31_1147_ANTIC-GOLD_44,0.35714285714285715,7.98,0.95,1.582,2.85,8,6,5.15,22.4
INS01,31_1147_ANTIC-GOLD_37,0.32142857142857145,7.98,0.95,1.582,2.56,8,6,5.4399999999999995,24.89
CHS01,24_1098_MAROON_43,0.32142857142857145,7.98,0.95,1.582,2.56,8,6,5.4399999999999995,24.89
MAS01,18_1056_ANTIC-GOLD_41,0.35714285714285715,7.98,0.95,1.582,2.85,8,6,5.15,22.4
BHS01,29_1133_BROWN_38,0.35714285714285715,7.98,0.95,1.582,2.85,8,6,5.15,22.4
PUS01,18_1056_ANTIC-GOLD_44,0.3392857142857143,7.98,0.95,1.582,2.71,8,6,5.29,23.58
MAS01,28_1126_TAN_42,0.3392857142857143,7.98,0.95,1.582,2.71,8,6,5.29,23.58
MAS01,29_1133_BROWN_43,0.35714285714285715,7.98,0.95,1.582,2.85,8,6,5.15,22.4
BHS01,18_1056_GREY_38,0.32142857142857145,7.98,0.95,1.582,2.56,8,6,5.4399999999999995,24.89
HYS01,15_1035_GREY_40,0.3392857142857143,7.98,0.95,1.582,2.71,8,6,5.29,23.58
BHS01,21_1077_MAROON_43,0.32142857142857145,7.98,0.95,1.582,2.56,8,6,5.4399999999999995,24.89
BES01,33_1161_ROSE-GOLD_42,0.32142857142857145,7.98,0.95,1.582,2.56,8,6,5.4399999999999995,24.89
INS01,23_1091_BLUE-NAVY_40,0.32142857142857145,7.98,0.95,1.582,2.56,8,6,5.4399999999999995,24.89
MAS01,14_1028_NAVY_39,0.35714285714285715,7.98,0.95,1.582,2.85,8,6,5.15,22.4
COS01,13_1021_WHITE_38,0.32142857142857145,7.98,0.95,1.582,2.56,8,6,5.4399999999999995,24.89
KOS01,24_1098_MAROON_38,0.3392857142857143,7.98,0.95,1.582,2.71,8,6,5.29,23.58
BHS01,10_1000_BROWN_43,0.35714285714285715,7.98,0.95,1.582,2.85,8,6,5.15,22.4
AHS01,19_1063_MAROON_42,0.32142857142857145,7.98,0.95,1.582,2.56,8,6,5.4399999999999995,24.89
SUS01,24_1098_MAROON_39,0.3392857142857143,7.98,0.95,1.582,2.71,8,6,5.29,23.58
AHS01,19_1063_MAROON_38,0.3392857142857143,7.98,0.95,1.582,2.71,8,6,5.29,23.58
INS01,17_1049_BLACK_38,0.32142857142857145,7.98,0.95,1.582,2.56,8,6,5.4399999999999995,24.89
INS01,24_1098_WHITE_41,0.32142857142857145,7.98,0.95,1.582,2.56,8,6,5.4399999999999995,24.89
HYS01,18_1056_BLACK_37,0.32142857142857145,7.98,0.95,1.582,2.56,8,6,5.4399999999999995,24.89
MAS01,14_1028_WHITE_38,0.35714285714285715,7.98,0.95,1.582,2.85,8,6,5.15,22.4
COS01,14_1028_WHITE_42,0.35714285714285715,7.98,0.95,1.582,2.85,8,6,5.15,22.4
BHS01,25_1105_BLACK_42,0.35714285714285715,7.98,0.95,1.582,2.85,8,6,5.15,22.4
BES01,31_1147_ANTIC-GOLD_37,0.35714285714285715,7.98,0.95,1.582,2.85,8,6,5.15,22.4
BES01,31_1147_ANTIC-GOLD_43,0.35714285714285715,7.98,0.95,1.582,2.85,8,6,5.15,22.4
BHS01,22_1084_NAVY_42,0.3392857142857143,7.98,0.95,1.582,2.71,8,6,5.29,23.58
CHS01,25_1105_BROWN_43,0.32142857142857145,7.98,0.95,1.582,2.56,8,6,5.4399999999999995,24.89
CHS01,25_1105_BROWN_38,0.32142857142857145,7.98,0.95,1.582,2.56,8,6,5.4399999999999995,24.89
MAS01,12_1014_ROSE-GOLD_44,0.32142857142857145,7.98,0.95,1.582,2.56,8,6,5.4399999999999995,24.89
INS01,24_1098_MAROON_43,0.32142857142857145,7.98,0.95,1.582,2.56,8,6,5.4399999999999995,24.89
INS01,24_1098_MAROON_41,0.35714285714285715,7.98,0.95,1.582,2.85,8,6,5.15,22.4
INS01,23_1091_BLUE-NAVY_41,0.32142857142857145,7.98,0.95,1.582,2.56,8,6,5.4399999999999995,24.89
KOS01,25_1105_MAROON_43,0.32142857142857145,7.98,0.95,1.582,2.56,8,6,5.4399999999999995,24.89
KOS01,28_1126_BLUE-NAVY_38,0.35714285714285715,7.98,0.95,1.582,2.85,8,6,5.15,22.4
COS01,10_1000_WHITE_42,0.3392857142857143,7.98,0.95,1.582,2.71,8,6,5.29,23.58
BHS01,14_1028_ROSE-GOLD_39,0.3392857142857143,7.98,0.95,1.582,2.71,8,6,5.29,23.58
BHS01,14_1028_WHITE_43,0.32142857142857145,7.98,0.95,1.582,2.56,8,6,5.4399999999999995,24.89
BHS01,12_1014_ANTIC-GOLD_44,0.32142857142857145,7.98,0.95,1.582,2.56,8,6,5.4399999999999995,24.89
SUS01,10_1000_WHITE_38,0.35714285714285715,7.98,0.95,1.582,2.85,8,6,5.15,22.4
INS01,12_1014_ROSE-GOLD_37,0.32142857142857145,7.98,0.95,1.582,2.56,8,6,5.4399999999999995,24.89
COS01,28_1126_TAN_38,0.35714285714285715,7.98,0.95,1.582,2.85,8,6,5.15,22.4
INS01,25_1105_BROWN_38,0.3392857142857143,7.98,0.95,1.582,2.71,8,6,5.29,23.58
BHS01,21_1077_BLUE-NAVY_39,0.35714285714285715,7.98,0.95,1.582,2.85,8,6,5.15,22.4
BHS01,21_1077_MAROON_38,0.3392857142857143,7.98,0.95,1.582,2.71,8,6,5.29,23.58
CHS01,27_1119_ANTIC-GOLD_44,0.32142857142857145,7.98,0.95,1.582,2.56,8,6,5.4399999999999995,24.89
MAS01,12_1014_BROWN_43,0.3392857142857143,7.98,0.95,1.582,2.71,8,6,5.29,23.58
MUS01,25_1105_BROWN_39,0.32142857142857145,7.98,0.95,1.582,2.56,8,6,5.4399999999999995,24.89
CHS01,28_1126_BLUE-NAVY_44,0.32142857142857145,7.98,0.95,1.582,2.56,8,6,5.4399999999999995,24.89
HYS01,20_1070_ANTIC-GOLD_43,0.35714285714285715,7.98,0.95,1.582,2.85,8,6,5.15,22.4
SUS01,24_1098_WHITE_38,0.35714285714285715,7.98,0.95,1.582,2.85,8,6,5.15,22.4
CHS01,33_1161_ROSE-GOLD_44,0.32142857142857145,7.98,0.95,1.582,2.56,8,6,5.4399999999999995,24.89
KOS01,28_1126_ROSE-GOLD_37,0.3392857142857143,7.98,0.95,1.582,2.71,8,6,5.29,23.58
COS01,10_1000_ROSE-GOLD_42,0.3392857142857143,7.98,0.95,1.582,2.71,8,6,5.29,23.58
COS01,10_1000_ROSE-GOLD_38,0.35714285714285715,7.98,0.95,1.582,2.85,8,6,5.15,22.4
BHS01,12_1014_ROSE-GOLD_44,0.3392857142857143,7.98,0.95,1.582,2.71,8,6,5.29,23.58
PUS01,10_1000_BROWN_43,0.3392857142857143,7.98,0.95,1.582,2.71,8,6,5.29,23.58
INS01,11_1007_BLACK_40,0.3392857142857143,7.98,0.95,1.582,2.71,8,6,5.29,23.58
HYS01,16_1042_TAN_37,0.32142857142857145,7.98,0.95,1.582,2.56,8,6,5.4399999999999995,24.89
MUS01,27_1119_WHITE_43,0.35714285714285715,7.98,0.95,1.582,2.85,8,6,5.15,22.4
MAS01,11_1007_BLACK_41,0.3392857142857143,7.98,0.95,1.582,2.71,8,6,5.29,23.58
MAS01,11_1007_BLACK_39,0.32142857142857145,7.98,0.95,1.582,2.56,8,6,5.4399999999999995,24.89
MAS01,10_1000_ROSE-GOLD_39,0.3392857142857143,7.98,0.95,1.582,2.71,8,6,5.29,23.58
KOS01,31_1147_WHITE_42,0.32142857142857145,7.98,0.95,1.582,2.56,8,6,5.4399999999999995,24.89
SUS01,24_1098_MAROON_40,0.35714285714285715,7.98,0.95,1.582,2.85,8,6,5.15,22.4
KOS01,31_1147_ANTIC-GOLD_37,0.32142857142857145,7.98,0.95,1.582,2.56,8,6,5.4399999999999995,24.89
COS01,31_1147_MAROON_40,0.35714285714285715,7.98,0.95,1.582,2.85,8,6,5.15,22.4
MAS01,12_1014_BROWN_37,0.32142857142857145,7.98,0.95,1.582,2.56,8,6,5.4399999999999995,24.89
COS01,31_1147_MAROON_38,0.32142857142857145,7.98,0.95,1.582,2.56,8,6,5.4399999999999995,24.89
SUS01,11_1007_BLACK_42,0.3392857142857143,7.98,0.95,1.582,2.71,8,6,5.29,23.58
MUS01,32_1154_MAROON_43,0.32142857142857145,7.98,0.95,1.582,2.56,8,6,5.4399999999999995,24.89
INS01,17_1049_MAROON_38,0.35714285714285715,7.98,0.95,1.582,2.85,8,6,5.15,22.4
KOS01,30_1140_WHITE_39,0.3392857142857143,7.98,0.95,1.582,2.71,8,6,5.29,23.58
MUS01,30_1140_WHITE_43,0.3392857142857143,7.98,0.95,1.582,2.71,8,6,5.29,23.58
MUS01,30_1140_WHITE_39,0.35714285714285715,7.98,0.95,1.582,2.85,8,6,5.15,22.4
AHS01,10_1000_WHITE_43,0.35714285714285715,7.98,0.95,1.582,2.85,8,6,5.15,22.4
SUS01,31_1147_ANTIC-GOLD_38,0.35714285714285715,7.98,0.95,1.582,2.85,8,6,5.15,22.4
SUS01,11_1007_BLACK_40,0.3392857142857143,7.98,0.95,1.582,2.71,8,6,5.29,23.58
SUS01,10_1000_WHITE_42,0.3392857142857143,7.98,0.95,1.582,2.71,8,6,5.29,23.58
SUS01,17_1049_BLACK_43,0.32142857142857145,7.98,0.95,1.582,2.56,8,6,5.4399999999999995,24.89
MAS01,31_1147_ANTIC-GOLD_39,0.35714285714285715,7.98,0.95,1.582,2.85,8,6,5.15,22.4
MAS01,31_1147_ANTIC-GOLD_40,0.3392857142857143,7.98,0.95,1.582,2.71,8,6,5.29,23.58
CHS01,18_1056_ANTIC-GOLD_37,0.3392857142857143,7.98,0.95,1.582,2.71,8,6,5.29,23.58
CHS01,14_1028_NAVY_37,0.32142857142857145,7.98,0.95,1.582,2.56,8,6,5.4399999999999995,24.89
HYS01,23_1091_BROWN_43,0.35714285714285715,7.98,0.95,1.582,2.85,8,6,5.15,22.4
HYS01,23_1091_BLACK_43,0.32142857142857145,7.98,0.95,1.582,2.56,8,6,5.4399999999999995,24.89
HYS01,23_1091_BLACK_38,0.3392857142857143,7.98,0.95,1.582,2.71,8,6,5.29,23.58
MAS01,33_1161_BLUE-NAVY_42,0.3392857142857143,7.98,0.95,1.582,2.71,8,6,5.29,23.58
MUS01,10_1000_ROSE-GOLD_37,0.32142857142857145,7.98,0.95,1.582,2.56,8,6,5.4399999999999995,24.89
HYS01,24_1098_MAROON_42,0.3392857142857143,7.98,0.95,1.582,2.71,8,6,5.29,23.58
HYS01,25_1105_BLACK_44,0.3392857142857143,7.98,0.95,1.582,2.71,8,6,5.29,23.58
AHS01,14_1028_ROSE-GOLD_44,0.2857142857142857,7.98,0.95,1.582,2.28,7,5,4.720000000000001,24.5
AHS01,14_1028_NAVY_44,0.26785714285714285,7.98,0.95,1.582,2.14,7,5,4.859999999999999,26.13
SUS01,31_1147_ANTIC-GOLD_37,0.2857142857142857,7.98,0.95,1.582,2.28,7,5,4.720000000000001,24.5
SUS01,27_1119_WHITE_42,0.2857142857142857,7.98,0.95,1.582,2.28,7,5,4.720000000000001,24.5
HYS01,25_1105_BLACK_43,0.30357142857142855,7.98,0.95,1.582,2.42,7,5,4.58,23.06
MAS01,33_1161_BLUE-NAVY_41,0.26785714285714285,7.98,0.95,1.582,2.14,7,5,4.859999999999999,26.13
HYS01,23_1091_BLACK_44,0.26785714285714285,7.98,0.95,1.582,2.14,7,5,4.859999999999999,26.13
HYS01,26_1112_WHITE_43,0.3076923076923077,7.98,0.95,1.582,2.45,7,6,4.55,22.75
HYS01,21_1077_MAROON_40,0.2857142857142857,7.98,0.95,1.582,2.28,7,5,4.720000000000001,24.5
CHS01,18_1056_GREY_44,0.26785714285714285,7.98,0.95,1.582,2.14,7,5,4.859999999999999,26.13
CHS01,18_1056_GREY_37,0.30357142857142855,7.98,0.95,1.582,2.42,7,5,4.58,23.06
AHS01,14_1028_WHITE_37,0.30357142857142855,7.98,0.95,1.582,2.42,7,5,4.58,23.06
SUS01,32_1154_MAROON_42,0.30357142857142855,7.98,0.95,1.582,2.42,7,5,4.58,23.06
INS01,17_1049_MAROON_37,0.2857142857142857,7.98,0.95,1.582,2.28,7,5,4.720000000000001,24.5
KOS01,30_1140_WHITE_41,0.26785714285714285,7.98,0.95,1.582,2.14,7,5,4.859999999999999,26.13
MUS01,33_1161_BLUE-NAVY_44,0.30357142857142855,7.98,0.95,1.582,2.42,7,5,4.58,23.06
MUS01,32_1154_MAROON_39,0.30357142857142855,7.98,0.95,1.582,2.42,7,5,4.58,23.06
KOS01,33_1161_BLUE-NAVY_43,0.26785714285714285,7.98,0.95,1.582,2.14,7,5,4.859999999999999,26.13
KOS01,33_1161_BLUE-NAVY_42,0.2857142857142857,7.98,0.95,1.582,2.28,7,5,4.720000000000001,24.5
CHS01,32_1154_MAROON_41,0.30357142857142855,7.98,0.95,1.582,2.42,7,5,4.58,23.06
BHS01,17_1049_BROWN_43,0.30357142857142855,7.98,0.95,1.582,2.42,7,5,4.58,23.06
BHS01,17_1049_BROWN_37,0.30357142857142855,7.98,0.95,1.582,2.42,7,5,4.58,23.06
MUS01,28_1126_TAN_44,0.26785714285714285,7.98,0.95,1.582,2.14,7,5,4.859999999999999,26.13
BHS01,18_1056_BLACK_43,0.26785714285714285,7.98,0.95,1.582,2.14,7,5,4.859999999999999,26.13
CHS01,28_1126_TAN_44,0.26785714285714285,7.98,0.95,1.582,2.14,7,5,4.859999999999999,26.13
CHS01,28_1126_ROSE-GOLD_37,0.30357142857142855,7.98,0.95,1.582,2.42,7,5,4.58,23.06
BHS01,17_1049_MAROON_40,0.30357142857142855,7.98,0.95,1.582,2.42,7,5,4.58,23.06
PUS01,10_1000_BROWN_37,0.30357142857142855,7.98,0.95,1.582,2.42,7,5,4.58,23.06
MUS01,33_1161_ROSE-GOLD_38,0.30357142857142855,7.98,0.95,1.582,2.42,7,5,4.58,23.06
BHS01,16_1042_BLUE-NAVY_43,0.30357142857142855,7.98,0.95,1.582,2.42,7,5,4.58,23.06
KOS01,31_1147_ANTIC-GOLD_43,0.2857142857142857,7.98,0.95,1.582,2.28,7,5,4.720000000000001,24.5
KOS01,31_1147_ANTIC-GOLD_39,0.30357142857142855,7.98,0.95,1.582,2.42,7,5,4.58,23.06
KOS01,30_1140_WHITE_43,0.26785714285714285,7.98,0.95,1.582,2.14,7,5,4.859999999999999,26.13
COS01,31_1147_ANTIC-GOLD_43,0.26785714285714285,7.98,0.95,1.582,2.14,7,5,4.859999999999999,26.13
COS01,31_1147_ANTIC-GOLD_42,0.30357142857142855,7.98,0.95,1.582,2.42,7,5,4.58,23.06
COS01,31_1147_ANTIC-GOLD_39,0.2857142857142857,7.98,0.95,1.582,2.28,7,5,4.720000000000001,24.5
BHS01,17_1049_MAROON_38,0.30357142857142855,7.98,0.95,1.582,2.42,7,5,4.58,23.06
MUS01,25_1105_MAROON_37,0.2857142857142857,7.98,0.95,1.582,2.28,7,5,4.720000000000001,24.5
BHS01,20_1070_ANTIC-GOLD_43,0.2857142857142857,7.98,0.95,1.582,2.28,7,5,4.720000000000001,24.5
CHS01,26_1112_WHITE_37,0.2857142857142857,7.98,0.95,1.582,2.28,7,5,4.720000000000001,24.5
CHS01,28_1126_BLUE-NAVY_37,0.26785714285714285,7.98,0.95,1.582,2.14,7,5,4.859999999999999,26.13
HYS01,31_1147_MAROON_43,0.2857142857142857,7.98,0.95,1.582,2.28,7,5,4.720000000000001,24.5
HYS01,31_1147_MAROON_37,0.26785714285714285,7.98,0.95,1.582,2.14,7,5,4.859999999999999,26.13
KOS01,29_1133_BROWN_37,0.26785714285714285,7.98,0.95,1.582,2.14,7,5,4.859999999999999,26.13
KOS01,28_1126_BLUE-NAVY_43,0.30357142857142855,7.98,0.95,1.582,2.42,7,5,4.58,23.06
AHS01,17_1049_MAROON_37,0.30357142857142855,7.98,0.95,1.582,2.42,7,5,4.58,23.06
SUS01,25_1105_BLACK_37,0.26785714285714285,7.98,0.95,1.582,2.14,7,5,4.859999999999999,26.13
SUS01,24_1098_WHITE_41,0.2857142857142857,7.98,0.95,1.582,2.28,7,5,4.720000000000001,24.5
INS01,11_1007_TAN_43,0.30357142857142855,7.98,0.95,1.582,2.42,7,5,4.58,23.06
HYS01,16_1042_TAN_44,0.30357142857142855,7.98,0.95,1.582,2.42,7,5,4.58,23.06
INS01,10_1000_WHITE_39,0.30357142857142855,7.98,0.95,1.582,2.42,7,5,4.58,23.06
HYS01,17_1049_MAROON_44,0.26785714285714285,7.98,0.95,1.582,2.14,7,5,4.859999999999999,26.13
HYS01,17_1049_BROWN_44,0.30357142857142855,7.98,0.95,1.582,2.42,7,5,4.58,23.06
CHS01,27_1119_WHITE_37,0.30357142857142855,7.98,0.95,1.582,2.42,7,5,4.58,23.06
MAS01,12_1014_ANTIC-GOLD_44,0.30357142857142855,7.98,0.95,1.582,2.42,7,5,4.58,23.06
CHS01,25_1105_BROWN_44,0.2857142857142857,7.98,0.95,1.582,2.28,7,5,4.720000000000001,24.5
AHS01,31_1147_MAROON_38,0.30357142857142855,7.98,0.95,1.582,2.42,7,5,4.58,23.06
INS01,24_1098_MAROON_38,0.26785714285714285,7.98,0.95,1.582,2.14,7,5,4.859999999999999,26.13
KOS01,25_1105_MAROON_44,0.30357142857142855,7.98,0.95,1.582,2.42,7,5,4.58,23.06
PUS01,11_1007_BLACK_37,0.2857142857142857,7.98,0.95,1.582,2.28,7,5,4.720000000000001,24.5
KOS01,27_1119_WHITE_44,0.30357142857142855,7.98,0.95,1.582,2.42,7,5,4.58,23.06
BHS01,12_1014_BROWN_44,0.30357142857142855,7.98,0.95,1.582,2.42,7,5,4.58,23.06
BHS01,14_1028_WHITE_38,0.2857142857142857,7.98,0.95,1.582,2.28,7,5,4.720000000000001,24.5
BHS01,14_1028_ROSE-GOLD_38,0.30357142857142855,7.98,0.95,1.582,2.42,7,5,4.58,23.06
BHS01,14_1028_ROSE-GOLD_37,0.30357142857142855,7.98,0.95,1.582,2.42,7,5,4.58,23.06
PUS01,32_1154_MAROON_43,0.2857142857142857,7.98,0.95,1.582,2.28,7,5,4.720000000000001,24.5
INS01,25_1105_BROWN_42,0.2857142857142857,7.98,0.95,1.582,2.28,7,5,4.720000000000001,24.5
INS01,25_1105_BROWN_37,0.30357142857142855,7.98,0.95,1.582,2.42,7,5,4.58,23.06
COS01,28_1126_TAN_37,0.2857142857142857,7.98,0.95,1.582,2.28,7,5,4.720000000000001,24.5
INS01,12_1014_ROSE-GOLD_44,0.26785714285714285,7.98,0.95,1.582,2.14,7,5,4.859999999999999,26.13
HYS01,15_1035_GREY_39,0.26785714285714285,7.98,0.95,1.582,2.14,7,5,4.859999999999999,26.13
KOS01,27_1119_ANTIC-GOLD_44,0.26785714285714285,7.98,0.95,1.582,2.14,7,5,4.859999999999999,26.13
COS01,13_1021_BROWN_43,0.2857142857142857,7.98,0.95,1.582,2.28,7,5,4.720000000000001,24.5
AHS01,32_1154_MAROON_42,0.26785714285714285,7.98,0.95,1.582,2.14,7,5,4.859999999999999,26.13
AHS01,31_1147_WHITE_44,0.2857142857142857,7.98,0.95,1.582,2.28,7,5,4.720000000000001,24.5
AHS01,31_1147_WHITE_37,0.30357142857142855,7.98,0.95,1.582,2.42,7,5,4.58,23.06
INS01,24_1098_WHITE_42,0.26785714285714285,7.98,0.95,1.582,2.14,7,5,4.859999999999999,26.13
MAS01,12_1014_ROSE-GOLD_43,0.30357142857142855,7.98,0.95,1.582,2.42,7,5,4.58,23.06
BHS01,18_1056_GREY_37,0.30357142857142855,7.98,0.95,1.582,2.42,7,5,4.58,23.06
COS01,13_1021_WHITE_43,0.2857142857142857,7.98,0.95,1.582,2.28,7,5,4.720000000000001,24.5
INS01,16_1042_BLUE-NAVY_43,0.30357142857142855,7.98,0.95,1.582,2.42,7,5,4.58,23.06
AHS01,25_1105_BLACK_37,0.26785714285714285,7.98,0.95,1.582,2.14,7,5,4.859999999999999,26.13
MUS01,24_1098_WHITE_43,0.2857142857142857,7.98,0.95,1.582,2.28,7,5,4.720000000000001,24.5
MUS01,24_1098_WHITE_38,0.2857142857142857,7.98,0.95,1.582,2.28,7,5,4.720000000000001,24.5
MUS01,23_1091_BLUE-NAVY_38,0.30357142857142855,7.98,0.95,1.582,2.42,7,5,4.58,23.06
MUS01,23_1091_BLUE-NAVY_37,0.2857142857142857,7.98,0.95,1.582,2.28,7,5,4.720000000000001,24.5
BHS01,25_1105_BLACK_44,0.30357142857142855,7.98,0.95,1.582,2.42,7,5,4.58,23.06
SUS01,25_1105_MAROON_38,0.2857142857142857,7.98,0.95,1.582,2.28,7,5,4.720000000000001,24.5
AHS01,16_1042_TAN_42,0.2857142857142857,7.98,0.95,1.582,2.28,7,5,4.720000000000001,24.5
HYS01,18_1056_BLACK_44,0.30357142857142855,7.98,0.95,1.582,2.42,7,5,4.58,23.06
HYS01,31_1147_MAROON_44,0.30357142857142855,7.98,0.95,1.582,2.42,7,5,4.58,23.06
PUS01,15_1035_GREY_38,0.2857142857142857,7.98,0.95,1.582,2.28,7,5,4.720000000000001,24.5
KOS01,23_1091_BROWN_43,0.30357142857142855,7.98,0.95,1.582,2.42,7,5,4.58,23.06
COS01,14_1028_WHITE_44,0.26785714285714285,7.98,0.95,1.582,2.14,7,5,4.859999999999999,26.13
BES01,32_1154_MAROON_40,0.2857142857142857,7.98,0.95,1.582,2.28,7,5,4.720000000000001,24.5
BES01,32_1154_MAROON_39,0.26785714285714285,7.98,0.95,1.582,2.14,7,5,4.859999999999999,26.13
COS01,14_1028_ROSE-GOLD_43,0.2857142857142857,7.98,0.95,1.582,2.28,7,5,4.720000000000001,24.5
COS01,14_1028_ROSE-GOLD_38,0.2857142857142857,7.98,0.95,1.582,2.28,7,5,4.720000000000001,24.5
COS01,14_1028_ROSE-GOLD_37,0.30357142857142855,7.98,0.95,1.582,2.42,7,5,4.58,23.06
BHS01,23_1091_BROWN_43,0.26785714285714285,7.98,0.95,1.582,2.14,7,5,4.859999999999999,26.13
BHS01,23_1091_BROWN_37,0.26785714285714285,7.98,0.95,1.582,2.14,7,5,4.859999999999999,26.13
MUS01,21_1077_MAROON_44,0.26785714285714285,7.98,0.95,1.582,2.14,7,5,4.859999999999999,26.13
MUS01,21_1077_MAROON_43,0.2857142857142857,7.98,0.95,1.582,2.28,7,5,4.720000000000001,24.5
MAS01,16_1042_ANTIC-GOLD_43,0.26785714285714285,7.98,0.95,1.582,2.14,7,5,4.859999999999999,26.13
COS01,31_1147_WHITE_38,0.30357142857142855,7.98,0.95,1.582,2.42,7,5,4.58,23.06
SUS01,14_1028_WHITE_43,0.26785714285714285,7.98,0.95,1.582,2.14,7,5,4.859999999999999,26.13
INS01,21_1077_BLUE-NAVY_40,0.2857142857142857,7.98,0.95,1.582,2.28,7,5,4.720000000000001,24.5
INS01,20_1070_ANTIC-GOLD_40,0.30357142857142855,7.98,0.95,1.582,2.42,7,5,4.58,23.06
COS01,28_1126_BLUE-NAVY_44,0.26785714285714285,7.98,0.95,1.582,2.14,7,5,4.859999999999999,26.13
COS01,28_1126_BLUE-NAVY_37,0.30357142857142855,7.98,0.95,1.582,2.42,7,5,4.58,23.06
INS01,25_1105_MAROON_43,0.30357142857142855,7.98,0.95,1.582,2.42,7,5,4.58,23.06
PUS01,31_1147_ANTIC-GOLD_43,0.26785714285714285,7.98,0.95,1.582,2.14,7,5,4.859999999999999,26.13
BES01,27_1119_ANTIC-GOLD_37,0.30357142857142855,7.98,0.95,1.582,2.42,7,5,4.58,23.06
PUS01,16_1042_TAN_44,0.30357142857142855,7.98,0.95,1.582,2.42,7,5,4.58,23.06
KOS01,21_1077_BLUE-NAVY_43,0.2857142857142857,7.98,0.95,1.582,2.28,7,5,4.720000000000001,24.5
KOS01,18_1056_GREY_44,0.2857142857142857,7.98,0.95,1.582,2.28,7,5,4.720000000000001,24.5
AHS01,33_1161_ROSE-GOLD_37,0.26785714285714285,7.98,0.95,1.582,2.14,7,5,4.859999999999999,26.13
INS01,27_1119_ANTIC-GOLD_37,0.26785714285714285,7.98,0.95,1.582,2.14,7,5,4.859999999999999,26.13
BHS01,27_1119_ANTIC-GOLD_37,0.2857142857142857,7.98,0.95,1.582,2.28,7,5,4.720000000000001,24.5
BHS01,25_1105_BROWN_39,0.26785714285714285,7.98,0.95,1.582,2.14,7,5,4.859999999999999,26.13
BHS01,25_1105_BROWN_38,0.26785714285714285,7.98,0.95,1.582,2.14,7,5,4.859999999999999,26.13
MUS01,18_1056_BLACK_44,0.30357142857142855,7.98,0.95,1.582,2.42,7,5,4.58,23.06
MAS01,17_1049_MAROON_40,0.26785714285714285,7.98,0.95,1.582,2.14,7,5,4.859999999999999,26.13
MAS01,17_1049_BLACK_43,0.26785714285714285,7.98,0.95,1.582,2.14,7,5,4.859999999999999,26.13
KOS01,16_1042_ANTIC-GOLD_37,0.30357142857142855,7.98,0.95,1.582,2.42,7,5,4.58,23.06
KOS01,17_1049_BROWN_43,0.2857142857142857,7.98,0.95,1.582,2.28,7,5,4.720000000000001,24.5
KOS01,17_1049_BLACK_42,0.2857142857142857,7.98,0.95,1.582,2.28,7,5,4.720000000000001,24.5
KOS01,16_1042_BLUE-NAVY_44,0.26785714285714285,7.98,0.95,1.582,2.14,7,5,4.859999999999999,26.13
COS01,17_1049_MAROON_43,0.30357142857142855,7.98,0.95,1.582,2.42,7,5,4.58,23.06
BES01,23_1091_BLUE-NAVY_41,0.3137254901960784,7.98,0.95,1.582,2.5,7,6,4.5,22.31
SUS01,23_1091_BLUE-NAVY_37,0.2857142857142857,7.98,0.95,1.582,2.28,7,5,4.720000000000001,24.5
SUS01,20_1070_ANTIC-GOLD_42,0.30357142857142855,7.98,0.95,1.582,2.42,7,5,4.58,23.06
MAS01,17_1049_BLACK_38,0.2857142857142857,7.98,0.95,1.582,2.28,7,5,4.720000000000001,24.5
MAS01,16_1042_TAN_39,0.2857142857142857,7.98,0.95,1.582,2.28,7,5,4.720000000000001,24.5
BHS01,28_1126_BLUE-NAVY_38,0.26785714285714285,7.98,0.95,1.582,2.14,7,5,4.859999999999999,26.13
MAS01,18_1056_ANTIC-GOLD_43,0.2857142857142857,7.98,0.95,1.582,2.28,7,5,4.720000000000001,24.5
MAS01,18_1056_ANTIC-GOLD_42,0.30357142857142855,7.98,0.95,1.582,2.42,7,5,4.58,23.06
CHS01,24_1098_MAROON_44,0.2857142857142857,7.98,0.95,1.582,2.28,7,5,4.720000000000001,24.5
AHS01,14_1028_WHITE_44,0.26785714285714285,7.98,0.95,1.582,2.14,7,5,4.859999999999999,26.13
COS01,24_1098_MAROON_41,0.26785714285714285,7.98,0.95,1.582,2.14,7,5,4.859999999999999,26.13
INS01,31_1147_ANTIC-GOLD_40,0.2857142857142857,7.98,0.95,1.582,2.28,7,5,4.720000000000001,24.5
PUS01,20_1070_ANTIC-GOLD_43,0.26785714285714285,7.98,0.95,1.582,2.14,7,5,4.859999999999999,26.13
COS01,17_1049_BROWN_44,0.2857142857142857,7.98,0.95,1.582,2.28,7,5,4.720000000000001,24.5
COS01,18_1056_BLACK_44,0.26785714285714285,7.98,0.95,1.582,2.14,7,5,4.859999999999999,26.13
COS01,18_1056_BLACK_43,0.2857142857142857,7.98,0.95,1.582,2.28,7,5,4.720000000000001,24.5
HYS01,19_1063_MAROON_44,0.26785714285714285,7.98,0.95,1.582,2.14,7,5,4.859999999999999,26.13
HYS01,19_1063_MAROON_42,0.30357142857142855,7.98,0.95,1.582,2.42,7,5,4.58,23.06
HYS01,19_1063_MAROON_37,0.2857142857142857,7.98,0.95,1.582,2.28,7,5,4.720000000000001,24.5
HYS01,28_1126_TAN_44,0.30357142857142855,7.98,0.95,1.582,2.42,7,5,4.58,23.06
MAS01,21_1077_BLUE-NAVY_42,0.26785714285714285,7.98,0.95,1.582,2.14,7,5,4.859999999999999,26.13
MAS01,21_1077_BLUE-NAVY_40,0.30357142857142855,7.98,0.95,1.582,2.42,7,5,4.58,23.06
BHS01,28_1126_ROSE-GOLD_43,0.30357142857142855,7.98,0.95,1.582,2.42,7,5,4.58,23.06
BHS01,28_1126_ROSE-GOLD_37,0.30357142857142855,7.98,0.95,1.582,2.42,7,5,4.58,23.06
BHS01,32_1154_MAROON_41,0.30357142857142855,7.98,0.95,1.582,2.42,7,5,4.58,23.06
BHS01,31_1147_WHITE_43,0.26785714285714285,7.98,0.95,1.582,2.14,7,5,4.859999999999999,26.13
BHS01,31_1147_WHITE_42,0.26785714285714285,7.98,0.95,1.582,2.14,7,5,4.859999999999999,26.13
INS01,14_1028_WHITE_43,0.2857142857142857,7.98,0.95,1.582,2.28,7,5,4.720000000000001,24.5
INS01,14_1028_WHITE_41,0.26785714285714285,7.98,0.95,1.582,2.14,7,5,4.859999999999999,26.13
KOS01,14_1028_WHITE_38,0.30357142857142855,7.98,0.95,1.582,2.42,7,5,4.58,23.06
KOS01,14_1028_WHITE_37,0.26785714285714285,7.98,0.95,1.582,2.14,7,5,4.859999999999999,26.13
KOS01,14_1028_ROSE-GOLD_43,0.30357142857142855,7.98,0.95,1.582,2.42,7,5,4.58,23.06
PUS01,31_1147_ANTIC-GOLD_37,0.26785714285714285,7.98,0.95,1.582,2.14,7,5,4.859999999999999,26.13
PUS01,28_1126_TAN_44,0.30357142857142855,7.98,0.95,1.582,2.42,7,5,4.58,23.06
PUS01,28_1126_ROSE-GOLD_44,0.30357142857142855,7.98,0.95,1.582,2.42,7,5,4.58,23.06
BES01,11_1007_BLACK_42,0.26785714285714285,7.98,0.95,1.582,2.14,7,5,4.859999999999999,26.13
BHS01,33_1161_BLUE-NAVY_39,0.26785714285714285,7.98,0.95,1.582,2.14,7,5,4.859999999999999,26.13
BHS01,33_1161_BLUE-NAVY_37,0.26785714285714285,7.98,0.95,1.582,2.14,7,5,4.859999999999999,26.13
MAS01,21_1077_MAROON_39,0.26785714285714285,7.98,0.95,1.582,2.14,7,5,4.859999999999999,26.13
HYS01,10_1000_WHITE_44,0.30357142857142855,7.98,0.95,1.582,2.42,7,5,4.58,23.06
SUS01,16_1042_ANTIC-GOLD_43,0.30357142857142855,7.98,0.95,1.582,2.42,7,5,4.58,23.06
COS01,23_1091_BROWN_39,0.30357142857142855,7.98,0.95,1.582,2.42,7,5,4.58,23.06
COS01,23_1091_BLUE-NAVY_43,0.2857142857142857,7.98,0.95,1.582,2.28,7,5,4.720000000000001,24.5
COS01,23_1091_BLUE-NAVY_42,0.26785714285714285,7.98,0.95,1.582,2.14,7,5,4.859999999999999,26.13
BES01,17_1049_BLACK_43,0.30357142857142855,7.98,0.95,1.582,2.42,7,5,4.58,23.06
PUS01,23_1091_BLUE-NAVY_37,0.26785714285714285,7.98,0.95,1.582,2.14,7,5,4.859999999999999,26.13
COS01,20_1070_ANTIC-GOLD_39,0.30357142857142855,7.98,0.95,1.582,2.42,7,5,4.58,23.06
COS01,18_1056_GREY_44,0.26785714285714285,7.98,0.95,1.582,2.14,7,5,4.859999999999999,26.13
COS01,18_1056_GREY_37,0.26785714285714285,7.98,0.95,1.582,2.14,7,5,4.859999999999999,26.13
HYS01,13_1021_WHITE_37,0.26785714285714285,7.98,0.95,1.582,2.14,7,5,4.859999999999999,26.13
INS01,13_1021_BROWN_42,0.30357142857142855,7.98,0.95,1.582,2.42,7,5,4.58,23.06
AHS01,25_1105_BROWN_37,0.2857142857142857,7.98,0.95,1.582,2.28,7,5,4.720000000000001,24.5
COS01,31_1147_WHITE_42,0.30357142857142855,7.98,0.95,1.582,2.42,7,5,4.58,23.06
MUS01,16_1042_TAN_37,0.30357142857142855,7.98,0.95,1.582,2.42,7,5,4.58,23.06
MUS01,16_1042_ANTIC-GOLD_44,0.26785714285714285,7.98,0.95,1.582,2.14,7,5,4.859999999999999,26.13
CHS01,10_1000_WHITE_40,0.26785714285714285,7.98,0.95,1.582,2.14,7,5,4.859999999999999,26.13
CHS01,10_1000_WHITE_37,0.2857142857142857,7.98,0.95,1.582,2.28,7,5,4.720000000000001,24.5
CHS01,10_1000_BROWN_44,0.26785714285714285,7.98,0.95,1.582,2.14,7,5,4.859999999999999,26.13
CHS01,10_1000_BROWN_37,0.2857142857142857,7.98,0.95,1.582,2.28,7,5,4.720000000000001,24.5
MUS01,14_1028_WHITE_44,0.2857142857142857,7.98,0.95,1.582,2.28,7,5,4.720000000000001,24.5
MUS01,14_1028_WHITE_37,0.26785714285714285,7.98,0.95,1.582,2.14,7,5,4.859999999999999,26.13
MUS01,14_1028_ROSE-GOLD_44,0.2857142857142857,7.98,0.95,1.582,2.28,7,5,4.720000000000001,24.5
MAS01,25_1105_BROWN_42,0.26785714285714285,7.98,0.95,1.582,2.14,7,5,4.859999999999999,26.13
MAS01,24_1098_WHITE_41,0.26785714285714285,7.98,0.95,1.582,2.14,7,5,4.859999999999999,26.13
MUS01,14_1028_NAVY_44,0.26785714285714285,7.98,0.95,1.582,2.14,7,5,4.859999999999999,26.13
MUS01,14_1028_NAVY_37,0.30357142857142855,7.98,0.95,1.582,2.42,7,5,4.58,23.06
MAS01,28_1126_BLUE-NAVY_42,0.26785714285714285,7.98,0.95,1.582,2.14,7,5,4.859999999999999,26.13
MAS01,28_1126_BLUE-NAVY_39,0.26785714285714285,7.98,0.95,1.582,2.14,7,5,4.859999999999999,26.13
CHS01,23_1091_BLACK_43,0.30357142857142855,7.98,0.95,1.582,2.42,7,5,4.58,23.06
CHS01,22_1084_NAVY_37,0.30357142857142855,7.98,0.95,1.582,2.42,7,5,4.58,23.06
COS01,24_1098_WHITE_39,0.30357142857142855,7.98,0.95,1.582,2.42,7,5,4.58,23.06
BES01,11_1007_BLACK_37,0.2857142857142857,7.98,0.95,1.582,2.28,7,5,4.720000000000001,24.5
BES01,13_1021_WHITE_37,0.30357142857142855,7.98,0.95,1.582,2.42,7,5,4.58,23.06
HYS01,11_1007_TAN_43,0.2857142857142857,7.98,0.95,1.582,2.28,7,5,4.720000000000001,24.5
SUS01,20_1070_ANTIC-GOLD_40,0.30357142857142855,7.98,0.95,1.582,2.42,7,5,4.58,23.06
SUS01,20_1070_ANTIC-GOLD_39,0.30357142857142855,7.98,0.95,1.582,2.42,7,5,4.58,23.06
BES01,16_1042_ANTIC-GOLD_37,0.2857142857142857,7.98,0.95,1.582,2.28,7,5,4.720000000000001,24.5
PUS01,24_1098_WHITE_42,0.30357142857142855,7.98,0.95,1.582,2.42,7,5,4.58,23.06
PUS01,24_1098_WHITE_37,0.26785714285714285,7.98,0.95,1.582,2.14,7,5,4.859999999999999,26.13
KOS01,13_1021_BROWN_44,0.26785714285714285,7.98,0.95,1.582,2.14,7,5,4.859999999999999,26.13
AHS01,22_1084_NAVY_38,0.26785714285714285,7.98,0.95,1.582,2.14,7,5,4.859999999999999,26.13
AHS01,20_1070_ANTIC-GOLD_42,0.2857142857142857,7.98,0.95,1.582,2.28,7,5,4.720000000000001,24.5
PUS01,25_1105_MAROON_43,0.30357142857142855,7.98,0.95,1.582,2.42,7,5,4.58,23.06
BES01,14_1028_ROSE-GOLD_37,0.26785714285714285,7.98,0.95,1.582,2.14,7,5,4.859999999999999,26.13
KOS01,12_1014_ROSE-GOLD_37,0.30357142857142855,7.98,0.95,1.582,2.42,7,5,4.58,23.06
KOS01,10_1000_WHITE_44,0.2857142857142857,7.98,0.95,1.582,2.28,7,5,4.720000000000001,24.5
MAS01,31_1147_WHITE_38,0.26785714285714285,7.98,0.95,1.582,2.14,7,5,4.859999999999999,26.13
AHS01,10_1000_ROSE-GOLD_37,0.30357142857142855,7.98,0.95,1.582,2.42,7,5,4.58,23.06
SUS01,33_1161_ROSE-GOLD_38,0.2857142857142857,7.98,0.95,1.582,2.28,7,5,4.720000000000001,24.5
SUS01,31_1147_WHITE_42,0.2857142857142857,7.98,0.95,1.582,2.28,7,5,4.720000000000001,24.5
INS01,18_1056_BLACK_44,0.26785714285714285,7.98,0.95,1.582,2.14,7,5,4.859999999999999,26.13
MAS01,29_1133_BROWN_44,0.26785714285714285,7.98,0.95,1.582,2.14,7,5,4.859999999999999,26.13
MAS01,29_1133_BROWN_38,0.26785714285714285,7.98,0.95,1.582,2.14,7,5,4.859999999999999,26.13
MAS01,29_1133_BROWN_37,0.2857142857142857,7.98,0.95,1.582,2.28,7,5,4.720000000000001,24.5
CHS01,14_1028_ROSE-GOLD_44,0.26785714285714285,7.98,0.95,1.582,2.14,7,5,4.859999999999999,26.13
AHS01,16_1042_ANTIC-GOLD_38,0.25,7.98,0.95,1.582,1.99,6,5,4.01,24.0
AHS01,14_1028_NAVY_37,0.25,7.98,0.95,1.582,1.99,6,5,4.01,24.0
HYS01,22_1084_NAVY_39,0.23214285714285715,7.98,0.95,1.582,1.85,6,5,4.15,25.85
AHS01,13_1021_BROWN_44,0.25,7.98,0.95,1.582,1.99,6,5,4.01,24.0
KOS01,21_1077_MAROON_37,0.23214285714285715,7.98,0.95,1.582,1.85,6,5,4.15,25.85
BES01,32_1154_MAROON_42,0.23214285714285715,7.98,0.95,1.582,1.85,6,5,4.15,25.85
COS01,17_1049_BLACK_37,0.23214285714285715,7.98,0.95,1.582,1.85,6,5,4.15,25.85
KOS01,16_1042_BLUE-NAVY_37,0.25,7.98,0.95,1.582,1.99,6,5,4.01,24.0
INS01,11_1007_BLACK_38,0.25,7.98,0.95,1.582,1.99,6,5,4.01,24.0
HYS01,17_1049_BLACK_37,0.23214285714285715,7.98,0.95,1.582,1.85,6,5,4.15,25.85
HYS01,17_1049_BLACK_43,0.25,7.98,0.95,1.582,1.99,6,5,4.01,24.0
SUS01,24_1098_WHITE_43,0.23214285714285715,7.98,0.95,1.582,1.85,6,5,4.15,25.85
MAS01,30_1140_WHITE_39,0.25,7.98,0.95,1.582,1.99,6,5,4.01,24.0
MAS01,31_1147_ANTIC-GOLD_43,0.25,7.98,0.95,1.582,1.99,6,5,4.01,24.0
MUS01,10_1000_WHITE_37,0.23214285714285715,7.98,0.95,1.582,1.85,6,5,4.15,25.85
CHS01,14_1028_ROSE-GOLD_37,0.23214285714285715,7.98,0.95,1.582,1.85,6,5,4.15,25.85
AHS01,17_1049_MAROON_44,0.25,7.98,0.95,1.582,1.99,6,5,4.01,24.0
INS01,10_1000_BROWN_38,0.23214285714285715,7.98,0.95,1.582,1.85,6,5,4.15,25.85
HYS01,17_1049_BROWN_37,0.25,7.98,0.95,1.582,1.99,6,5,4.01,24.0
KOS01,25_1105_BROWN_43,0.23214285714285715,7.98,0.95,1.582,1.85,6,5,4.15,25.85
COS01,13_1021_BROWN_37,0.25,7.98,0.95,1.582,1.99,6,5,4.01,24.0
COS01,13_1021_BROWN_38,0.23214285714285715,7.98,0.95,1.582,1.85,6,5,4.15,25.85
BHS01,10_1000_BROWN_38,0.25,7.98,0.95,1.582,1.99,6,5,4.01,24.0
SUS01,23_1091_BLUE-NAVY_43,0.23214285714285715,7.98,0.95,1.582,1.85,6,5,4.15,25.85
HYS01,15_1035_GREY_38,0.23214285714285715,7.98,0.95,1.582,1.85,6,5,4.15,25.85
MUS01,14_1028_ROSE-GOLD_37,0.23214285714285715,7.98,0.95,1.582,1.85,6,5,4.15,25.85
INS01,10_1000_WHITE_44,0.25,7.98,0.95,1.582,1.99,6,5,4.01,24.0
PUS01,10_1000_ROSE-GOLD_43,0.23214285714285715,7.98,0.95,1.582,1.85,6,5,4.15,25.85
PUS01,11_1007_BLACK_38,0.25,7.98,0.95,1.582,1.99,6,5,4.01,24.0
PUS01,21_1077_BLUE-NAVY_43,0.25,7.98,0.95,1.582,1.99,6,5,4.01,24.0
BES01,19_1063_MAROON_43,0.25,7.98,0.95,1.582,1.99,6,5,4.01,24.0
BES01,17_1049_BROWN_44,0.25,7.98,0.95,1.582,1.99,6,5,4.01,24.0
KOS01,14_1028_WHITE_43,0.25,7.98,0.95,1.582,1.99,6,5,4.01,24.0
KOS01,15_1035_GREY_39,0.23214285714285715,7.98,0.95,1.582,1.85,6,5,4.15,25.85
COS01,18_1056_GREY_38,0.23214285714285715,7.98,0.95,1.582,1.85,6,5,4.15,25.85
PUS01,23_1091_BROWN_37,0.25,7.98,0.95,1.582,1.99,6,5,4.01,24.0
BHS01,16_1042_BLUE-NAVY_44,0.25,7.98,0.95,1.582,1.99,6,5,4.01,24.0
BHS01,14_1028_ROSE-GOLD_43,0.23214285714285715,7.98,0.95,1.582,1.85,6,5,4.15,25.85
BHS01,14_1028_WHITE_37,0.23214285714285715,7.98,0.95,1.582,1.85,6,5,4.15,25.85
BES01,16_1042_TAN_44,0.23214285714285715,7.98,0.95,1.582,1.85,6,5,4.15,25.85
MAS01,24_1098_WHITE_40,0.25,7.98,0.95,1.582,1.99,6,5,4.01,24.0
MUS01,16_1042_BLUE-NAVY_44,0.25,7.98,0.95,1.582,1.99,6,5,4.01,24.0
HYS01,11_1007_TAN_37,0.25,7.98,0.95,1.582,1.99,6,5,4.01,24.0
HYS01,14_1028_ROSE-GOLD_37,0.23214285714285715,7.98,0.95,1.582,1.85,6,5,4.15,25.85
SUS01,23_1091_BLUE-NAVY_39,0.24528301886792453,7.98,0.95,1.582,1.96,6,5,4.04,24.46
KOS01,13_1021_WHITE_37,0.23214285714285715,7.98,0.95,1.582,1.85,6,5,4.15,25.85
MUS01,33_1161_BLUE-NAVY_43,0.23214285714285715,7.98,0.95,1.582,1.85,6,5,4.15,25.85
BHS01,14_1028_WHITE_44,0.23214285714285715,7.98,0.95,1.582,1.85,6,5,4.15,25.85
KOS01,30_1140_WHITE_42,0.23214285714285715,7.98,0.95,1.582,1.85,6,5,4.15,25.85
KOS01,31_1147_ANTIC-GOLD_44,0.23214285714285715,7.98,0.95,1.582,1.85,6,5,4.15,25.85
CHS01,30_1140_WHITE_37,0.25,7.98,0.95,1.582,1.99,6,5,4.01,24.0
CHS01,32_1154_MAROON_39,0.23214285714285715,7.98,0.95,1.582,1.85,6,5,4.15,25.85
CHS01,32_1154_MAROON_40,0.23214285714285715,7.98,0.95,1.582,1.85,6,5,4.15,25.85
AHS01,23_1091_BLUE-NAVY_44,0.23214285714285715,7.98,0.95,1.582,1.85,6,5,4.15,25.85
INS01,16_1042_BLUE-NAVY_44,0.23214285714285715,7.98,0.95,1.582,1.85,6,5,4.15,25.85
INS01,17_1049_BLACK_44,0.23214285714285715,7.98,0.95,1.582,1.85,6,5,4.15,25.85
SUS01,16_1042_TAN_42,0.23214285714285715,7.98,0.95,1.582,1.85,6,5,4.15,25.85
SUS01,18_1056_ANTIC-GOLD_37,0.23214285714285715,7.98,0.95,1.582,1.85,6,5,4.15,25.85
AHS01,20_1070_ANTIC-GOLD_43,0.23214285714285715,7.98,0.95,1.582,1.85,6,5,4.15,25.85
KOS01,10_1000_WHITE_39,0.25,7.98,0.95,1.582,1.99,6,5,4.01,24.0
KOS01,11_1007_TAN_37,0.25,7.98,0.95,1.582,1.99,6,5,4.01,24.0
KOS01,11_1007_TAN_43,0.23214285714285715,7.98,0.95,1.582,1.85,6,5,4.15,25.85
COS01,23_1091_BLUE-NAVY_37,0.25,7.98,0.95,1.582,1.99,6,5,4.01,24.0
PUS01,25_1105_BROWN_37,0.25,7.98,0.95,1.582,1.99,6,5,4.01,24.0
BES01,15_1035_GREY_42,0.25,7.98,0.95,1.582,1.99,6,5,4.01,24.0
COS01,24_1098_MAROON_42,0.23214285714285715,7.98,0.95,1.582,1.85,6,5,4.15,25.85
COS01,24_1098_MAROON_43,0.23214285714285715,7.98,0.95,1.582,1.85,6,5,4.15,25.85
CHS01,28_1126_ROSE-GOLD_44,0.23214285714285715,7.98,0.95,1.582,1.85,6,5,4.15,25.85
MAS01,11_1007_BLACK_38,0.25,7.98,0.95,1.582,1.99,6,5,4.01,24.0
COS01,24_1098_WHITE_42,0.25,7.98,0.95,1.582,1.99,6,5,4.01,24.0
MUS01,17_1049_BLACK_37,0.25,7.98,0.95,1.582,1.99,6,5,4.01,24.0
BHS01,32_1154_MAROON_39,0.25,7.98,0.95,1.582,1.99,6,5,4.01,24.0
BHS01,32_1154_MAROON_42,0.25,7.98,0.95,1.582,1.99,6,5,4.01,24.0
MAS01,18_1056_BLACK_37,0.23214285714285715,7.98,0.95,1.582,1.85,6,5,4.15,25.85
MAS01,18_1056_BLACK_40,0.25,7.98,0.95,1.582,1.99,6,5,4.01,24.0
AHS01,25_1105_BROWN_44,0.23214285714285715,7.98,0.95,1.582,1.85,6,5,4.15,25.85
SUS01,16_1042_ANTIC-GOLD_44,0.25,7.98,0.95,1.582,1.99,6,5,4.01,24.0
AHS01,22_1084_NAVY_44,0.25,7.98,0.95,1.582,1.99,6,5,4.01,24.0
PUS01,30_1140_WHITE_38,0.25,7.98,0.95,1.582,1.99,6,5,4.01,24.0
MAS01,13_1021_BROWN_42,0.23214285714285715,7.98,0.95,1.582,1.85,6,5,4.15,25.85
CHS01,27_1119_WHITE_44,0.23214285714285715,7.98,0.95,1.582,1.85,6,5,4.15,25.85
MUS01,25_1105_MAROON_44,0.23214285714285715,7.98,0.95,1.582,1.85,6,5,4.15,25.85
MUS01,25_1105_BLACK_37,0.23214285714285715,7.98,0.95,1.582,1.85,6,5,4.15,25.85
MUS01,25_1105_BROWN_37,0.25,7.98,0.95,1.582,1.99,6,5,4.01,24.0
PUS01,30_1140_WHITE_44,0.23214285714285715,7.98,0.95,1.582,1.85,6,5,4.15,25.85
PUS01,31_1147_MAROON_37,0.25,7.98,0.95,1.582,1.99,6,5,4.01,24.0
AHS01,33_1161_BLUE-NAVY_43,0.25,7.98,0.95,1.582,1.99,6,5,4.01,24.0
AHS01,33_1161_BLUE-NAVY_44,0.25,7.98,0.95,1.582,1.99,6,5,4.01,24.0
SUS01,14_1028_ROSE-GOLD_43,0.23214285714285715,7.98,0.95,1.582,1.85,6,5,4.15,25.85
SUS01,14_1028_WHITE_44,0.23214285714285715,7.98,0.95,1.582,1.85,6,5,4.15,25.85
MAS01,21_1077_BLUE-NAVY_38,0.23214285714285715,7.98,0.95,1.582,1.85,6,5,4.15,25.85
MAS01,21_1077_BLUE-NAVY_41,0.25,7.98,0.95,1.582,1.99,6,5,4.01,24.0
MAS01,18_1056_ANTIC-GOLD_38,0.25,7.98,0.95,1.582,1.99,6,5,4.01,24.0
COS01,31_1147_WHITE_43,0.23214285714285715,7.98,0.95,1.582,1.85,6,5,4.15,25.85
COS01,31_1147_WHITE_44,0.23214285714285715,7.98,0.95,1.582,1.85,6,5,4.15,25.85
MAS01,14_1028_ROSE-GOLD_42,0.23214285714285715,7.98,0.95,1.582,1.85,6,5,4.15,25.85
MAS01,14_1028_ROSE-GOLD_43,0.23214285714285715,7.98,0.95,1.582,1.85,6,5,4.15,25.85
MAS01,14_1028_WHITE_43,0.23214285714285715,7.98,0.95,1.582,1.85,6,5,4.15,25.85
BHS01,22_1084_NAVY_43,0.23214285714285715,7.98,0.95,1.582,1.85,6,5,4.15,25.85
BHS01,22_1084_NAVY_44,0.23214285714285715,7.98,0.95,1.582,1.85,6,5,4.15,25.85
BHS01,23_1091_BLACK_37,0.23214285714285715,7.98,0.95,1.582,1.85,6,5,4.15,25.85
BHS01,23_1091_BLACK_38,0.23214285714285715,7.98,0.95,1.582,1.85,6,5,4.15,25.85
BHS01,23_1091_BLACK_44,0.23214285714285715,7.98,0.95,1.582,1.85,6,5,4.15,25.85
COS01,28_1126_TAN_44,0.25,7.98,0.95,1.582,1.99,6,5,4.01,24.0
AHS01,31_1147_MAROON_37,0.25,7.98,0.95,1.582,1.99,6,5,4.01,24.0
SUS01,12_1014_ROSE-GOLD_44,0.25,7.98,0.95,1.582,1.99,6,5,4.01,24.0
SUS01,13_1021_BROWN_37,0.23214285714285715,7.98,0.95,1.582,1.85,6,5,4.15,25.85
BHS01,27_1119_WHITE_37,0.23214285714285715,7.98,0.95,1.582,1.85,6,5,4.15,25.85
BHS01,28_1126_BLUE-NAVY_37,0.25,7.98,0.95,1.582,1.99,6,5,4.01,24.0
MAS01,16_1042_TAN_42,0.23214285714285715,7.98,0.95,1.582,1.85,6,5,4.15,25.85
MAS01,17_1049_MAROON_38,0.23214285714285715,7.98,0.95,1.582,1.85,6,5,4.15,25.85
MUS01,20_1070_ANTIC-GOLD_43,0.23214285714285715,7.98,0.95,1.582,1.85,6,5,4.15,25.85
INS01,21_1077_BLUE-NAVY_42,0.25,7.98,0.95,1.582,1.99,6,5,4.01,24.0
INS01,22_1084_NAVY_43,0.25,7.98,0.95,1.582,1.99,6,5,4.01,24.0
SUS01,11_1007_BLACK_38,0.25,7.98,0.95,1.582,1.99,6,5,4.01,24.0
BHS01,23_1091_BROWN_38,0.23214285714285715,7.98,0.95,1.582,1.85,6,5,4.15,25.85
BHS01,25_1105_BLACK_43,0.25,7.98,0.95,1.582,1.99,6,5,4.01,24.0
MUS01,23_1091_BLACK_44,0.23214285714285715,7.98,0.95,1.582,1.85,6,5,4.15,25.85
BHS01,22_1084_NAVY_37,0.25,7.98,0.95,1.582,1.99,6,5,4.01,24.0
COS01,31_1147_MAROON_43,0.23214285714285715,7.98,0.95,1.582,1.85,6,5,4.15,25.85
SUS01,11_1007_BLACK_43,0.23214285714285715,7.98,0.95,1.582,1.85,6,5,4.15,25.85
AHS01,32_1154_MAROON_39,0.23214285714285715,7.98,0.95,1.582,1.85,6,5,4.15,25.85
MAS01,16_1042_ANTIC-GOLD_42,0.25,7.98,0.95,1.582,1.99,6,5,4.01,24.0
AHS01,31_1147_ANTIC-GOLD_44,0.25,7.98,0.95,1.582,1.99,6,5,4.01,24.0
AHS01,13_1021_BROWN_37,0.23214285714285715,7.98,0.95,1.582,1.85,6,5,4.15,25.85
HYS01,23_1091_BLACK_37,0.23214285714285715,7.98,0.95,1.582,1.85,6,5,4.15,25.85
HYS01,21_1077_MAROON_37,0.25,7.98,0.95,1.582,1.99,6,5,4.01,24.0
SUS01,33_1161_ROSE-GOLD_37,0.23214285714285715,7.98,0.95,1.582,1.85,6,5,4.15,25.85
HYS01,23_1091_BROWN_37,0.25,7.98,0.95,1.582,1.99,6,5,4.01,24.0
HYS01,23_1091_BROWN_44,0.25,7.98,0.95,1.582,1.99,6,5,4.01,24.0
HYS01,25_1105_BLACK_37,0.23214285714285715,7.98,0.95,1.582,1.85,6,5,4.15,25.85
KOS01,23_1091_BROWN_37,0.23214285714285715,7.98,0.95,1.582,1.85,6,5,4.15,25.85
INS01,10_1000_WHITE_37,0.25,7.98,0.95,1.582,1.99,6,5,4.01,24.0
HYS01,31_1147_ANTIC-GOLD_44,0.23214285714285715,7.98,0.95,1.582,1.85,6,5,4.15,25.85
SUS01,25_1105_BROWN_38,0.25,7.98,0.95,1.582,1.99,6,5,4.01,24.0
MAS01,32_1154_MAROON_41,0.25,7.98,0.95,1.582,1.99,6,5,4.01,24.0
MAS01,33_1161_BLUE-NAVY_40,0.25,7.98,0.95,1.582,1.99,6,5,4.01,24.0
MUS01,10_1000_ROSE-GOLD_43,0.25,7.98,0.95,1.582,1.99,6,5,4.01,24.0
SUS01,26_1112_WHITE_38,0.25,7.98,0.95,1.582,1.99,6,5,4.01,24.0
SUS01,27_1119_WHITE_44,0.25,7.98,0.95,1.582,1.99,6,5,4.01,24.0
AHS01,15_1035_GREY_43,0.17857142857142858,7.98,0.95,1.582,1.42,5,4,3.58,28.0
HYS01,30_1140_WHITE_37,0.17857142857142858,7.98,0.95,1.582,1.42,5,4,3.58,28.0
MAS01,33_1161_BLUE-NAVY_43,0.17857142857142858,7.98,0.95,1.582,1.42,5,4,3.58,28.0
MAS01,33_1161_BLUE-NAVY_38,0.19642857142857142,7.98,0.95,1.582,1.57,5,4,3.4299999999999997,25.45
MAS01,32_1154_MAROON_42,0.21428571428571427,7.98,0.95,1.582,1.71,5,4,3.29,23.33
MAS01,32_1154_MAROON_40,0.21428571428571427,7.98,0.95,1.582,1.71,5,4,3.29,23.33
MAS01,32_1154_MAROON_39,0.19642857142857142,7.98,0.95,1.582,1.57,5,4,3.4299999999999997,25.45
HYS01,31_1147_ANTIC-GOLD_37,0.17857142857142858,7.98,0.95,1.582,1.42,5,4,3.58,28.0
KOS01,21_1077_BLUE-NAVY_42,0.21428571428571427,7.98,0.95,1.582,1.71,5,4,3.29,23.33
KOS01,21_1077_BLUE-NAVY_38,0.21428571428571427,7.98,0.95,1.582,1.71,5,4,3.29,23.33
KOS01,21_1077_BLUE-NAVY_37,0.19642857142857142,7.98,0.95,1.582,1.57,5,4,3.4299999999999997,25.45
KOS01,20_1070_ANTIC-GOLD_41,0.21428571428571427,7.98,0.95,1.582,1.71,5,4,3.29,23.33
BES01,31_1147_MAROON_37,0.17857142857142858,7.98,0.95,1.582,1.42,5,4,3.58,28.0
KOS01,23_1091_BROWN_38,0.19642857142857142,7.98,0.95,1.582,1.57,5,4,3.4299999999999997,25.45
HYS01,24_1098_MAROON_44,0.17857142857142858,7.98,0.95,1.582,1.42,5,4,3.58,28.0
HYS01,24_1098_MAROON_43,0.17857142857142858,7.98,0.95,1.582,1.42,5,4,3.58,28.0
INS01,24_1098_MAROON_39,0.21428571428571427,7.98,0.95,1.582,1.71,5,4,3.29,23.33
INS01,23_1091_BLUE-NAVY_37,0.17857142857142858,7.98,0.95,1.582,1.42,5,4,3.58,28.0
AHS01,31_1147_ANTIC-GOLD_43,0.17857142857142858,7.98,0.95,1.582,1.42,5,4,3.58,28.0
MAS01,16_1042_TAN_38,0.19642857142857142,7.98,0.95,1.582,1.57,5,4,3.4299999999999997,25.45
BHS01,25_1105_BROWN_44,0.19642857142857142,7.98,0.95,1.582,1.57,5,4,3.4299999999999997,25.45
MUS01,20_1070_ANTIC-GOLD_44,0.19642857142857142,7.98,0.95,1.582,1.57,5,4,3.4299999999999997,25.45
AHS01,29_1133_BROWN_44,0.19642857142857142,7.98,0.95,1.582,1.57,5,4,3.4299999999999997,25.45
AHS01,32_1154_MAROON_43,0.19642857142857142,7.98,0.95,1.582,1.57,5,4,3.4299999999999997,25.45
AHS01,31_1147_MAROON_44,0.19642857142857142,7.98,0.95,1.582,1.57,5,4,3.4299999999999997,25.45
SUS01,11_1007_BLACK_44,0.19642857142857142,7.98,0.95,1.582,1.57,5,4,3.4299999999999997,25.45
INS01,24_1098_WHITE_40,0.19642857142857142,7.98,0.95,1.582,1.57,5,4,3.4299999999999997,25.45
INS01,24_1098_WHITE_39,0.21428571428571427,7.98,0.95,1.582,1.71,5,4,3.29,23.33
INS01,24_1098_WHITE_37,0.17857142857142858,7.98,0.95,1.582,1.42,5,4,3.58,28.0
COS01,31_1147_MAROON_37,0.19642857142857142,7.98,0.95,1.582,1.57,5,4,3.4299999999999997,25.45
COS01,31_1147_ANTIC-GOLD_44,0.17857142857142858,7.98,0.95,1.582,1.42,5,4,3.58,28.0
MUS01,24_1098_WHITE_37,0.17857142857142858,7.98,0.95,1.582,1.42,5,4,3.58,28.0
MUS01,24_1098_MAROON_38,0.17857142857142858,7.98,0.95,1.582,1.42,5,4,3.58,28.0
MUS01,24_1098_MAROON_37,0.19642857142857142,7.98,0.95,1.582,1.57,5,4,3.4299999999999997,25.45
MUS01,23_1091_BLACK_37,0.17857142857142858,7.98,0.95,1.582,1.42,5,4,3.58,28.0
MUS01,22_1084_NAVY_44,0.17857142857142858,7.98,0.95,1.582,1.42,5,4,3.58,28.0
SUS01,10_1000_WHITE_43,0.19642857142857142,7.98,0.95,1.582,1.57,5,4,3.4299999999999997,25.45
COS01,29_1133_BROWN_44,0.21428571428571427,7.98,0.95,1.582,1.71,5,4,3.29,23.33
SUS01,13_1021_BROWN_43,0.21428571428571427,7.98,0.95,1.582,1.71,5,4,3.29,23.33
INS01,22_1084_NAVY_38,0.19642857142857142,7.98,0.95,1.582,1.57,5,4,3.4299999999999997,25.45
INS01,21_1077_BLUE-NAVY_44,0.17857142857142858,7.98,0.95,1.582,1.42,5,4,3.58,28.0
MAS01,17_1049_MAROON_42,0.21428571428571427,7.98,0.95,1.582,1.71,5,4,3.29,23.33
MUS01,17_1049_MAROON_44,0.21428571428571427,7.98,0.95,1.582,1.71,5,4,3.29,23.33
INS01,20_1070_ANTIC-GOLD_41,0.19642857142857142,7.98,0.95,1.582,1.57,5,4,3.4299999999999997,25.45
COS01,29_1133_BROWN_37,0.19642857142857142,7.98,0.95,1.582,1.57,5,4,3.4299999999999997,25.45
INS01,25_1105_BLACK_44,0.21428571428571427,7.98,0.95,1.582,1.71,5,4,3.29,23.33
INS01,25_1105_BLACK_38,0.19642857142857142,7.98,0.95,1.582,1.57,5,4,3.4299999999999997,25.45
PUS01,32_1154_MAROON_38,0.21428571428571427,7.98,0.95,1.582,1.71,5,4,3.29,23.33
BHS01,23_1091_BLACK_43,0.17857142857142858,7.98,0.95,1.582,1.42,5,4,3.58,28.0
BHS01,22_1084_NAVY_38,0.21428571428571427,7.98,0.95,1.582,1.71,5,4,3.29,23.33
MAS01,14_1028_WHITE_37,0.19642857142857142,7.98,0.95,1.582,1.57,5,4,3.4299999999999997,25.45
COS01,33_1161_BLUE-NAVY_43,0.21428571428571427,7.98,0.95,1.582,1.71,5,4,3.29,23.33
COS01,31_1147_WHITE_37,0.17857142857142858,7.98,0.95,1.582,1.42,5,4,3.58,28.0
BHS01,28_1126_ROSE-GOLD_44,0.21428571428571427,7.98,0.95,1.582,1.71,5,4,3.29,23.33
CHS01,24_1098_MAROON_38,0.21428571428571427,7.98,0.95,1.582,1.71,5,4,3.29,23.33
CHS01,23_1091_BROWN_44,0.19642857142857142,7.98,0.95,1.582,1.57,5,4,3.4299999999999997,25.45
CHS01,23_1091_BROWN_43,0.19642857142857142,7.98,0.95,1.582,1.57,5,4,3.4299999999999997,25.45
MAS01,17_1049_MAROON_43,0.17857142857142858,7.98,0.95,1.582,1.42,5,4,3.58,28.0
MAS01,21_1077_BLUE-NAVY_44,0.17857142857142858,7.98,0.95,1.582,1.42,5,4,3.58,28.0
AHS01,25_1105_MAROON_44,0.17857142857142858,7.98,0.95,1.582,1.42,5,4,3.58,28.0
MAS01,14_1028_ROSE-GOLD_39,0.19642857142857142,7.98,0.95,1.582,1.57,5,4,3.4299999999999997,25.45
PUS01,31_1147_MAROON_44,0.17857142857142858,7.98,0.95,1.582,1.42,5,4,3.58,28.0
AHS01,33_1161_BLUE-NAVY_37,0.17857142857142858,7.98,0.95,1.582,1.42,5,4,3.58,28.0
INS01,27_1119_ANTIC-GOLD_44,0.17857142857142858,7.98,0.95,1.582,1.42,5,4,3.58,28.0
INS01,25_1105_MAROON_37,0.17857142857142858,7.98,0.95,1.582,1.42,5,4,3.58,28.0
INS01,25_1105_BROWN_43,0.17857142857142858,7.98,0.95,1.582,1.42,5,4,3.58,28.0
PUS01,31_1147_ANTIC-GOLD_44,0.17857142857142858,7.98,0.95,1.582,1.42,5,4,3.58,28.0
PUS01,30_1140_WHITE_43,0.21428571428571427,7.98,0.95,1.582,1.71,5,4,3.29,23.33
BHS01,21_1077_MAROON_37,0.21428571428571427,7.98,0.95,1.582,1.71,5,4,3.29,23.33
MAS01,14_1028_NAVY_43,0.21428571428571427,7.98,0.95,1.582,1.71,5,4,3.29,23.33
MAS01,14_1028_NAVY_38,0.21428571428571427,7.98,0.95,1.582,1.71,5,4,3.29,23.33
MAS01,13_1021_WHITE_38,0.17857142857142858,7.98,0.95,1.582,1.42,5,4,3.58,28.0
MAS01,12_1014_BROWN_44,0.21428571428571427,7.98,0.95,1.582,1.71,5,4,3.29,23.33
MAS01,12_1014_ANTIC-GOLD_37,0.21428571428571427,7.98,0.95,1.582,1.71,5,4,3.29,23.33
MAS01,11_1007_BLACK_43,0.17857142857142858,7.98,0.95,1.582,1.42,5,4,3.58,28.0
MAS01,13_1021_BROWN_43,0.19642857142857142,7.98,0.95,1.582,1.57,5,4,3.4299999999999997,25.45
MAS01,13_1021_BROWN_38,0.19642857142857142,7.98,0.95,1.582,1.57,5,4,3.4299999999999997,25.45
BHS01,20_1070_ANTIC-GOLD_38,0.17857142857142858,7.98,0.95,1.582,1.42,5,4,3.58,28.0
PUS01,30_1140_WHITE_37,0.19642857142857142,7.98,0.95,1.582,1.57,5,4,3.4299999999999997,25.45
BES01,11_1007_BLACK_44,0.21428571428571427,7.98,0.95,1.582,1.71,5,4,3.29,23.33
COS01,24_1098_MAROON_38,0.19642857142857142,7.98,0.95,1.582,1.57,5,4,3.4299999999999997,25.45
INS01,31_1147_ANTIC-GOLD_38,0.17857142857142858,7.98,0.95,1.582,1.42,5,4,3.58,28.0
SUS01,16_1042_BLUE-NAVY_43,0.19642857142857142,7.98,0.95,1.582,1.57,5,4,3.4299999999999997,25.45
HYS01,10_1000_WHITE_37,0.21428571428571427,7.98,0.95,1.582,1.71,5,4,3.29,23.33
SUS01,16_1042_ANTIC-GOLD_37,0.17857142857142858,7.98,0.95,1.582,1.42,5,4,3.58,28.0
MAS01,18_1056_BLACK_44,0.19642857142857142,7.98,0.95,1.582,1.57,5,4,3.4299999999999997,25.45
BHS01,31_1147_WHITE_44,0.19642857142857142,7.98,0.95,1.582,1.57,5,4,3.4299999999999997,25.45
INS01,20_1070_ANTIC-GOLD_38,0.19642857142857142,7.98,0.95,1.582,1.57,5,4,3.4299999999999997,25.45
INS01,18_1056_GREY_37,0.19642857142857142,7.98,0.95,1.582,1.57,5,4,3.4299999999999997,25.45
COS01,33_1161_BLUE-NAVY_44,0.17857142857142858,7.98,0.95,1.582,1.42,5,4,3.58,28.0
INS01,29_1133_BROWN_37,0.21428571428571427,7.98,0.95,1.582,1.71,5,4,3.29,23.33
KOS01,10_1000_BROWN_37,0.17857142857142858,7.98,0.95,1.582,1.42,5,4,3.58,28.0
COS01,24_1098_WHITE_40,0.19642857142857142,7.98,0.95,1.582,1.57,5,4,3.4299999999999997,25.45
CHS01,30_1140_WHITE_44,0.17857142857142858,7.98,0.95,1.582,1.42,5,4,3.58,28.0
BHS01,17_1049_BROWN_44,0.19642857142857142,7.98,0.95,1.582,1.57,5,4,3.4299999999999997,25.45
BHS01,16_1042_TAN_43,0.17857142857142858,7.98,0.95,1.582,1.42,5,4,3.58,28.0
BHS01,17_1049_MAROON_44,0.21428571428571427,7.98,0.95,1.582,1.71,5,4,3.29,23.33
BHS01,17_1049_MAROON_37,0.17857142857142858,7.98,0.95,1.582,1.42,5,4,3.58,28.0
BES01,11_1007_TAN_44,0.21428571428571427,7.98,0.95,1.582,1.71,5,4,3.29,23.33
PUS01,27_1119_WHITE_44,0.17857142857142858,7.98,0.95,1.582,1.42,5,4,3.58,28.0
BES01,15_1035_GREY_41,0.21428571428571427,7.98,0.95,1.582,1.71,5,4,3.29,23.33
BES01,13_1021_WHITE_44,0.21428571428571427,7.98,0.95,1.582,1.71,5,4,3.29,23.33
PUS01,25_1105_BROWN_44,0.19642857142857142,7.98,0.95,1.582,1.57,5,4,3.4299999999999997,25.45
COS01,23_1091_BLUE-NAVY_41,0.21428571428571427,7.98,0.95,1.582,1.71,5,4,3.29,23.33
KOS01,10_1000_WHITE_37,0.21428571428571427,7.98,0.95,1.582,1.71,5,4,3.29,23.33
PUS01,25_1105_BLACK_44,0.17857142857142858,7.98,0.95,1.582,1.42,5,4,3.58,28.0
MUS01,32_1154_MAROON_37,0.17857142857142858,7.98,0.95,1.582,1.42,5,4,3.58,28.0
MUS01,30_1140_WHITE_37,0.21428571428571427,7.98,0.95,1.582,1.71,5,4,3.29,23.33
KOS01,33_1161_BLUE-NAVY_44,0.19642857142857142,7.98,0.95,1.582,1.57,5,4,3.4299999999999997,25.45
KOS01,33_1161_BLUE-NAVY_37,0.17857142857142858,7.98,0.95,1.582,1.42,5,4,3.58,28.0
CHS01,32_1154_MAROON_43,0.21428571428571427,7.98,0.95,1.582,1.71,5,4,3.29,23.33
AHS01,20_1070_ANTIC-GOLD_38,0.17857142857142858,7.98,0.95,1.582,1.42,5,4,3.58,28.0
AHS01,20_1070_ANTIC-GOLD_37,0.19642857142857142,7.98,0.95,1.582,1.57,5,4,3.4299999999999997,25.45
SUS01,17_1049_MAROON_43,0.21428571428571427,7.98,0.95,1.582,1.71,5,4,3.29,23.33
BHS01,33_1161_ROSE-GOLD_43,0.21428571428571427,7.98,0.95,1.582,1.71,5,4,3.29,23.33
BHS01,33_1161_ROSE-GOLD_42,0.17857142857142858,7.98,0.95,1.582,1.42,5,4,3.58,28.0
BHS01,33_1161_ROSE-GOLD_37,0.21428571428571427,7.98,0.95,1.582,1.71,5,4,3.29,23.33
MAS01,24_1098_MAROON_40,0.19642857142857142,7.98,0.95,1.582,1.57,5,4,3.4299999999999997,25.45
INS01,17_1049_BLACK_43,0.19642857142857142,7.98,0.95,1.582,1.57,5,4,3.4299999999999997,25.45
SUS01,16_1042_TAN_38,0.21428571428571427,7.98,0.95,1.582,1.71,5,4,3.29,23.33
AHS01,23_1091_BLUE-NAVY_37,0.19642857142857142,7.98,0.95,1.582,1.57,5,4,3.4299999999999997,25.45
BHS01,15_1035_GREY_39,0.19642857142857142,7.98,0.95,1.582,1.57,5,4,3.4299999999999997,25.45
KOS01,31_1147_WHITE_44,0.19642857142857142,7.98,0.95,1.582,1.57,5,4,3.4299999999999997,25.45
KOS01,31_1147_WHITE_43,0.21428571428571427,7.98,0.95,1.582,1.71,5,4,3.29,23.33
KOS01,31_1147_WHITE_38,0.21428571428571427,7.98,0.95,1.582,1.71,5,4,3.29,23.33
BES01,16_1042_ANTIC-GOLD_44,0.21428571428571427,7.98,0.95,1.582,1.71,5,4,3.29,23.33
KOS01,13_1021_BROWN_37,0.17857142857142858,7.98,0.95,1.582,1.42,5,4,3.58,28.0
COS01,23_1091_BROWN_43,0.19642857142857142,7.98,0.95,1.582,1.57,5,4,3.4299999999999997,25.45
BES01,17_1049_BROWN_37,0.21428571428571427,7.98,0.95,1.582,1.71,5,4,3.29,23.33
SUS01,20_1070_ANTIC-GOLD_43,0.21428571428571427,7.98,0.95,1.582,1.71,5,4,3.29,23.33
INS01,13_1021_BROWN_44,0.17857142857142858,7.98,0.95,1.582,1.42,5,4,3.58,28.0
INS01,14_1028_ROSE-GOLD_37,0.21428571428571427,7.98,0.95,1.582,1.71,5,4,3.29,23.33
CHS01,10_1000_BROWN_43,0.19642857142857142,7.98,0.95,1.582,1.57,5,4,3.4299999999999997,25.45
MAS01,27_1119_WHITE_38,0.17857142857142858,7.98,0.95,1.582,1.42,5,4,3.58,28.0
MAS01,27_1119_WHITE_37,0.19642857142857142,7.98,0.95,1.582,1.57,5,4,3.4299999999999997,25.45
MAS01,24_1098_WHITE_43,0.21428571428571427,7.98,0.95,1.582,1.71,5,4,3.29,23.33
CHS01,11_1007_TAN_44,0.19642857142857142,7.98,0.95,1.582,1.57,5,4,3.4299999999999997,25.45
CHS01,13_1021_WHITE_44,0.17857142857142858,7.98,0.95,1.582,1.42,5,4,3.58,28.0
INS01,15_1035_GREY_40,0.17857142857142858,7.98,0.95,1.582,1.42,5,4,3.58,28.0
INS01,15_1035_GREY_39,0.17857142857142858,7.98,0.95,1.582,1.42,5,4,3.58,28.0
BES01,17_1049_BLACK_37,0.19642857142857142,7.98,0.95,1.582,1.57,5,4,3.4299999999999997,25.45
PUS01,10_1000_ROSE-GOLD_37,0.17857142857142858,7.98,0.95,1.582,1.42,5,4,3.58,28.0
CHS01,33_1161_ROSE-GOLD_37,0.19642857142857142,7.98,0.95,1.582,1.57,5,4,3.4299999999999997,25.45
KOS01,28_1126_BLUE-NAVY_44,0.17857142857142858,7.98,0.95,1.582,1.42,5,4,3.58,28.0
BHS01,16_1042_BLUE-NAVY_37,0.21428571428571427,7.98,0.95,1.582,1.71,5,4,3.29,23.33
PUS01,23_1091_BLUE-NAVY_44,0.17857142857142858,7.98,0.95,1.582,1.42,5,4,3.58,28.0
PUS01,22_1084_NAVY_44,0.19642857142857142,7.98,0.95,1.582,1.57,5,4,3.4299999999999997,25.45
KOS01,13_1021_WHITE_44,0.21428571428571427,7.98,0.95,1.582,1.71,5,4,3.29,23.33
KOS01,15_1035_GREY_42,0.19642857142857142,7.98,0.95,1.582,1.57,5,4,3.4299999999999997,25.45
BES01,21_1077_BLUE-NAVY_37,0.17857142857142858,7.98,0.95,1.582,1.42,5,4,3.58,28.0
BES01,19_1063_MAROON_37,0.17857142857142858,7.98,0.95,1.582,1.42,5,4,3.58,28.0
BHS01,11_1007_BLACK_43,0.21428571428571427,7.98,0.95,1.582,1.71,5,4,3.29,23.33
KOS01,28_1126_BLUE-NAVY_37,0.19642857142857142,7.98,0.95,1.582,1.57,5,4,3.4299999999999997,25.45
COS01,11_1007_BLACK_44,0.19642857142857142,7.98,0.95,1.582,1.57,5,4,3.4299999999999997,25.45
COS01,11_1007_BLACK_43,0.19642857142857142,7.98,0.95,1.582,1.57,5,4,3.4299999999999997,25.45
COS01,11_1007_BLACK_37,0.17857142857142858,7.98,0.95,1.582,1.42,5,4,3.58,28.0
COS01,10_1000_WHITE_43,0.21428571428571427,7.98,0.95,1.582,1.71,5,4,3.29,23.33
COS01,10_1000_WHITE_37,0.17857142857142858,7.98,0.95,1.582,1.42,5,4,3.58,28.0
COS01,17_1049_BROWN_37,0.17857142857142858,7.98,0.95,1.582,1.42,5,4,3.58,28.0
SUS01,24_1098_MAROON_43,0.19642857142857142,7.98,0.95,1.582,1.57,5,4,3.4299999999999997,25.45
AHS01,19_1063_MAROON_43,0.19642857142857142,7.98,0.95,1.582,1.57,5,4,3.4299999999999997,25.45
MUS01,13_1021_BROWN_44,0.19642857142857142,7.98,0.95,1.582,1.57,5,4,3.4299999999999997,25.45
CHS01,23_1091_BLACK_44,0.17857142857142858,7.98,0.95,1.582,1.42,5,4,3.58,28.0
CHS01,23_1091_BLACK_37,0.17857142857142858,7.98,0.95,1.582,1.42,5,4,3.58,28.0
MAS01,28_1126_BLUE-NAVY_37,0.21428571428571427,7.98,0.95,1.582,1.71,5,4,3.29,23.33
MAS01,27_1119_WHITE_43,0.19642857142857142,7.98,0.95,1.582,1.57,5,4,3.4299999999999997,25.45
CHS01,21_1077_BLUE-NAVY_44,0.17857142857142858,7.98,0.95,1.582,1.42,5,4,3.58,28.0
CHS01,21_1077_BLUE-NAVY_43,0.17857142857142858,7.98,0.95,1.582,1.42,5,4,3.58,28.0
CHS01,19_1063_MAROON_37,0.21428571428571427,7.98,0.95,1.582,1.71,5,4,3.29,23.33
INS01,11_1007_TAN_44,0.21428571428571427,7.98,0.95,1.582,1.71,5,4,3.29,23.33
SUS01,23_1091_BLUE-NAVY_44,0.19642857142857142,7.98,0.95,1.582,1.57,5,4,3.4299999999999997,25.45
COS01,18_1056_BLACK_37,0.21428571428571427,7.98,0.95,1.582,1.71,5,4,3.29,23.33
COS01,18_1056_ANTIC-GOLD_37,0.19642857142857142,7.98,0.95,1.582,1.57,5,4,3.4299999999999997,25.45
KOS01,16_1042_ANTIC-GOLD_43,0.17857142857142858,7.98,0.95,1.582,1.42,5,4,3.58,28.0
KOS01,16_1042_ANTIC-GOLD_38,0.21428571428571427,7.98,0.95,1.582,1.71,5,4,3.29,23.33
KOS01,17_1049_BROWN_44,0.19642857142857142,7.98,0.95,1.582,1.57,5,4,3.4299999999999997,25.45
KOS01,17_1049_BLACK_44,0.19642857142857142,7.98,0.95,1.582,1.57,5,4,3.4299999999999997,25.45
KOS01,17_1049_BLACK_38,0.21428571428571427,7.98,0.95,1.582,1.71,5,4,3.29,23.33
KOS01,17_1049_BLACK_37,0.21428571428571427,7.98,0.95,1.582,1.71,5,4,3.29,23.33
BES01,33_1161_ROSE-GOLD_44,0.19642857142857142,7.98,0.95,1.582,1.57,5,4,3.4299999999999997,25.45
BES01,33_1161_BLUE-NAVY_44,0.17857142857142858,7.98,0.95,1.582,1.42,5,4,3.58,28.0
KOS01,27_1119_ANTIC-GOLD_37,0.21428571428571427,7.98,0.95,1.582,1.71,5,4,3.29,23.33
KOS01,25_1105_BROWN_38,0.17857142857142858,7.98,0.95,1.582,1.42,5,4,3.58,28.0
SUS01,25_1105_BLACK_44,0.17857142857142858,7.98,0.95,1.582,1.42,5,4,3.58,28.0
CHS01,16_1042_ANTIC-GOLD_44,0.17857142857142858,7.98,0.95,1.582,1.42,5,4,3.58,28.0
MAS01,31_1147_ANTIC-GOLD_42,0.17857142857142858,7.98,0.95,1.582,1.42,5,4,3.58,28.0
INS01,11_1007_TAN_38,0.21428571428571427,7.98,0.95,1.582,1.71,5,4,3.29,23.33
INS01,11_1007_BLACK_43,0.21428571428571427,7.98,0.95,1.582,1.71,5,4,3.29,23.33
PUS01,11_1007_TAN_43,0.19642857142857142,7.98,0.95,1.582,1.57,5,4,3.4299999999999997,25.45
KOS01,16_1042_TAN_37,0.17857142857142858,7.98,0.95,1.582,1.42,5,4,3.58,28.0
BES01,23_1091_BLUE-NAVY_44,0.19642857142857142,7.98,0.95,1.582,1.57,5,4,3.4299999999999997,25.45
BES01,23_1091_BLUE-NAVY_37,0.19642857142857142,7.98,0.95,1.582,1.57,5,4,3.4299999999999997,25.45
BES01,24_1098_WHITE_44,0.17857142857142858,7.98,0.95,1.582,1.42,5,4,3.58,28.0
COS01,16_1042_ANTIC-GOLD_37,0.21428571428571427,7.98,0.95,1.582,1.71,5,4,3.29,23.33
BES01,24_1098_WHITE_37,0.17857142857142858,7.98,0.95,1.582,1.42,5,4,3.58,28.0
BES01,27_1119_ANTIC-GOLD_44,0.17857142857142858,7.98,0.95,1.582,1.42,5,4,3.58,28.0
BES01,32_1154_MAROON_38,0.17857142857142858,7.98,0.95,1.582,1.42,5,4,3.58,28.0
BES01,31_1147_MAROON_44,0.17857142857142858,7.98,0.95,1.582,1.42,5,4,3.58,28.0
COS01,14_1028_ROSE-GOLD_44,0.17857142857142858,7.98,0.95,1.582,1.42,5,4,3.58,28.0
PUS01,13_1021_BROWN_44,0.17857142857142858,7.98,0.95,1.582,1.42,5,4,3.58,28.0
AHS01,10_1000_WHITE_37,0.17857142857142858,7.98,0.95,1.582,1.42,5,4,3.58,28.0
MAS01,31_1147_WHITE_37,0.17857142857142858,7.98,0.95,1.582,1.42,5,4,3.58,28.0
SUS01,33_1161_ROSE-GOLD_44,0.17857142857142858,7.98,0.95,1.582,1.42,5,4,3.58,28.0
AHS01,10_1000_ROSE-GOLD_43,0.19642857142857142,7.98,0.95,1.582,1.57,5,4,3.4299999999999997,25.45
SUS01,31_1147_WHITE_43,0.21428571428571427,7.98,0.95,1.582,1.71,5,4,3.29,23.33
SUS01,31_1147_WHITE_38,0.17857142857142858,7.98,0.95,1.582,1.42,5,4,3.58,28.0
SUS01,31_1147_ANTIC-GOLD_44,0.19642857142857142,7.98,0.95,1.582,1.57,5,4,3.4299999999999997,25.45
SUS01,32_1154_MAROON_38,0.16071428571428573,7.98,0.95,1.582,1.28,4,4,2.7199999999999998,24.89
SUS01,32_1154_MAROON_39,0.14285714285714285,7.98,0.95,1.582,1.14,4,3,2.8600000000000003,28.0
SUS01,28_1126_ROSE-GOLD_44,0.14285714285714285,7.98,0.95,1.582,1.14,4,3,2.8600000000000003,28.0
AHS01,15_1035_GREY_42,0.14285714285714285,7.98,0.95,1.582,1.14,4,3,2.8600000000000003,28.0
AHS01,15_1035_GREY_41,0.14285714285714285,7.98,0.95,1.582,1.14,4,3,2.8600000000000003,28.0
SUS01,33_1161_BLUE-NAVY_44,0.16071428571428573,7.98,0.95,1.582,1.28,4,4,2.7199999999999998,24.89
SUS01,31_1147_WHITE_37,0.125,7.98,0.95,1.582,1.0,4,3,3.0,32.0
AHS01,15_1035_GREY_39,0.125,7.98,0.95,1.582,1.0,4,3,3.0,32.0
SUS01,25_1105_BROWN_44,0.16071428571428573,7.98,0.95,1.582,1.28,4,4,2.7199999999999998,24.89
INS01,10_1000_BROWN_37,0.16071428571428573,7.98,0.95,1.582,1.28,4,4,2.7199999999999998,24.89
HYS01,20_1070_ANTIC-GOLD_44,0.125,7.98,0.95,1.582,1.0,4,3,3.0,32.0
SUS01,25_1105_BROWN_37,0.16071428571428573,7.98,0.95,1.582,1.28,4,4,2.7199999999999998,24.89
AHS01,17_1049_BLACK_44,0.14285714285714285,7.98,0.95,1.582,1.14,4,3,2.8600000000000003,28.0
MUS01,13_1021_BROWN_37,0.16071428571428573,7.98,0.95,1.582,1.28,4,4,2.7199999999999998,24.89
PUS01,15_1035_GREY_43,0.14285714285714285,7.98,0.95,1.582,1.14,4,3,2.8600000000000003,28.0
COS01,14_1028_WHITE_37,0.16071428571428573,7.98,0.95,1.582,1.28,4,4,2.7199999999999998,24.89
KOS01,21_1077_MAROON_44,0.16071428571428573,7.98,0.95,1.582,1.28,4,4,2.7199999999999998,24.89
KOS01,20_1070_ANTIC-GOLD_43,0.16071428571428573,7.98,0.95,1.582,1.28,4,4,2.7199999999999998,24.89
KOS01,20_1070_ANTIC-GOLD_42,0.16071428571428573,7.98,0.95,1.582,1.28,4,4,2.7199999999999998,24.89
BES01,28_1126_ROSE-GOLD_44,0.16071428571428573,7.98,0.95,1.582,1.28,4,4,2.7199999999999998,24.89
MAS01,30_1140_WHITE_42,0.16071428571428573,7.98,0.95,1.582,1.28,4,4,2.7199999999999998,24.89
INS01,11_1007_TAN_37,0.16071428571428573,7.98,0.95,1.582,1.28,4,4,2.7199999999999998,24.89
HYS01,17_1049_BLACK_44,0.16071428571428573,7.98,0.95,1.582,1.28,4,4,2.7199999999999998,24.89
INS01,11_1007_BLACK_37,0.125,7.98,0.95,1.582,1.0,4,3,3.0,32.0
SUS01,24_1098_MAROON_38,0.16071428571428573,7.98,0.95,1.582,1.28,4,4,2.7199999999999998,24.89
CHS01,22_1084_NAVY_44,0.14285714285714285,7.98,0.95,1.582,1.14,4,3,2.8600000000000003,28.0
MAS01,27_1119_WHITE_44,0.16071428571428573,7.98,0.95,1.582,1.28,4,4,2.7199999999999998,24.89
PUS01,17_1049_BROWN_44,0.16071428571428573,7.98,0.95,1.582,1.28,4,4,2.7199999999999998,24.89
BES01,24_1098_WHITE_43,0.125,7.98,0.95,1.582,1.0,4,3,3.0,32.0
COS01,17_1049_BLACK_44,0.16071428571428573,7.98,0.95,1.582,1.28,4,4,2.7199999999999998,24.89
BES01,32_1154_MAROON_44,0.14285714285714285,7.98,0.95,1.582,1.14,4,3,2.8600000000000003,28.0
KOS01,25_1105_BROWN_37,0.14285714285714285,7.98,0.95,1.582,1.14,4,3,2.8600000000000003,28.0
COS01,13_1021_WHITE_37,0.16071428571428573,7.98,0.95,1.582,1.28,4,4,2.7199999999999998,24.89
KOS01,24_1098_MAROON_42,0.16071428571428573,7.98,0.95,1.582,1.28,4,4,2.7199999999999998,24.89
KOS01,23_1091_BROWN_44,0.14285714285714285,7.98,0.95,1.582,1.14,4,3,2.8600000000000003,28.0
CHS01,21_1077_BLUE-NAVY_37,0.14285714285714285,7.98,0.95,1.582,1.14,4,3,2.8600000000000003,28.0
CHS01,19_1063_MAROON_38,0.14285714285714285,7.98,0.95,1.582,1.14,4,3,2.8600000000000003,28.0
MAS01,28_1126_TAN_44,0.14285714285714285,7.98,0.95,1.582,1.14,4,3,2.8600000000000003,28.0
SUS01,23_1091_BROWN_43,0.14285714285714285,7.98,0.95,1.582,1.14,4,3,2.8600000000000003,28.0
HYS01,15_1035_GREY_43,0.16071428571428573,7.98,0.95,1.582,1.28,4,4,2.7199999999999998,24.89
HYS01,15_1035_GREY_42,0.16071428571428573,7.98,0.95,1.582,1.28,4,4,2.7199999999999998,24.89
HYS01,14_1028_WHITE_44,0.16071428571428573,7.98,0.95,1.582,1.28,4,4,2.7199999999999998,24.89
SUS01,23_1091_BROWN_37,0.14285714285714285,7.98,0.95,1.582,1.14,4,3,2.8600000000000003,28.0
INS01,14_1028_NAVY_37,0.16071428571428573,7.98,0.95,1.582,1.28,4,4,2.7199999999999998,24.89
COS01,17_1049_MAROON_37,0.14285714285714285,7.98,0.95,1.582,1.14,4,3,2.8600000000000003,28.0
COS01,17_1049_BROWN_43,0.16071428571428573,7.98,0.95,1.582,1.28,4,4,2.7199999999999998,24.89
KOS01,16_1042_ANTIC-GOLD_44,0.14285714285714285,7.98,0.95,1.582,1.14,4,3,2.8600000000000003,28.0
KOS01,17_1049_BROWN_37,0.125,7.98,0.95,1.582,1.0,4,3,3.0,32.0
KOS01,16_1042_TAN_44,0.16071428571428573,7.98,0.95,1.582,1.28,4,4,2.7199999999999998,24.89
BHS01,10_1000_BROWN_37,0.14285714285714285,7.98,0.95,1.582,1.14,4,3,2.8600000000000003,28.0
PUS01,11_1007_TAN_44,0.16071428571428573,7.98,0.95,1.582,1.28,4,4,2.7199999999999998,24.89
KOS01,25_1105_MAROON_37,0.125,7.98,0.95,1.582,1.0,4,3,3.0,32.0
KOS01,25_1105_BROWN_44,0.16071428571428573,7.98,0.95,1.582,1.28,4,4,2.7199999999999998,24.89
COS01,17_1049_MAROON_44,0.16071428571428573,7.98,0.95,1.582,1.28,4,4,2.7199999999999998,24.89
BES01,23_1091_BLACK_44,0.125,7.98,0.95,1.582,1.0,4,3,3.0,32.0
INS01,13_1021_BROWN_37,0.125,7.98,0.95,1.582,1.0,4,3,3.0,32.0
INS01,14_1028_WHITE_44,0.14285714285714285,7.98,0.95,1.582,1.14,4,3,2.8600000000000003,28.0
HYS01,11_1007_TAN_44,0.14285714285714285,7.98,0.95,1.582,1.14,4,3,2.8600000000000003,28.0
HYS01,11_1007_BLACK_44,0.125,7.98,0.95,1.582,1.0,4,3,3.0,32.0
CHS01,10_1000_WHITE_44,0.14285714285714285,7.98,0.95,1.582,1.14,4,3,2.8600000000000003,28.0
MAS01,25_1105_BROWN_38,0.14285714285714285,7.98,0.95,1.582,1.14,4,3,2.8600000000000003,28.0
KOS01,14_1028_WHITE_44,0.14285714285714285,7.98,0.95,1.582,1.14,4,3,2.8600000000000003,28.0
BES01,23_1091_BLACK_37,0.14285714285714285,7.98,0.95,1.582,1.14,4,3,2.8600000000000003,28.0
BES01,22_1084_NAVY_44,0.16071428571428573,7.98,0.95,1.582,1.28,4,4,2.7199999999999998,24.89
BHS01,11_1007_BLACK_42,0.14285714285714285,7.98,0.95,1.582,1.14,4,3,2.8600000000000003,28.0
BHS01,11_1007_BLACK_37,0.125,7.98,0.95,1.582,1.0,4,3,3.0,32.0
BHS01,10_1000_BROWN_44,0.125,7.98,0.95,1.582,1.0,4,3,3.0,32.0
PUS01,11_1007_BLACK_44,0.14285714285714285,7.98,0.95,1.582,1.14,4,3,2.8600000000000003,28.0
PUS01,10_1000_ROSE-GOLD_44,0.125,7.98,0.95,1.582,1.0,4,3,3.0,32.0
MAS01,24_1098_WHITE_39,0.125,7.98,0.95,1.582,1.0,4,3,3.0,32.0
SUS01,20_1070_ANTIC-GOLD_38,0.14285714285714285,7.98,0.95,1.582,1.14,4,3,2.8600000000000003,28.0
SUS01,20_1070_ANTIC-GOLD_37,0.16071428571428573,7.98,0.95,1.582,1.28,4,4,2.7199999999999998,24.89
SUS01,18_1056_ANTIC-GOLD_43,0.16071428571428573,7.98,0.95,1.582,1.28,4,4,2.7199999999999998,24.89
AHS01,22_1084_NAVY_37,0.14285714285714285,7.98,0.95,1.582,1.14,4,3,2.8600000000000003,28.0
AHS01,19_1063_MAROON_44,0.16071428571428573,7.98,0.95,1.582,1.28,4,4,2.7199999999999998,24.89
MAS01,24_1098_WHITE_38,0.125,7.98,0.95,1.582,1.0,4,3,3.0,32.0
COS01,10_1000_ROSE-GOLD_44,0.125,7.98,0.95,1.582,1.0,4,3,3.0,32.0
COS01,10_1000_ROSE-GOLD_43,0.14285714285714285,7.98,0.95,1.582,1.14,4,3,2.8600000000000003,28.0
COS01,10_1000_ROSE-GOLD_37,0.125,7.98,0.95,1.582,1.0,4,3,3.0,32.0
KOS01,28_1126_ROSE-GOLD_44,0.16071428571428573,7.98,0.95,1.582,1.28,4,4,2.7199999999999998,24.89
MUS01,33_1161_ROSE-GOLD_44,0.16071428571428573,7.98,0.95,1.582,1.28,4,4,2.7199999999999998,24.89
COS01,20_1070_ANTIC-GOLD_42,0.16071428571428573,7.98,0.95,1.582,1.28,4,4,2.7199999999999998,24.89
KOS01,13_1021_WHITE_43,0.125,7.98,0.95,1.582,1.0,4,3,3.0,32.0
KOS01,15_1035_GREY_40,0.125,7.98,0.95,1.582,1.0,4,3,3.0,32.0
KOS01,15_1035_GREY_38,0.14285714285714285,7.98,0.95,1.582,1.14,4,3,2.8600000000000003,28.0
MAS01,21_1077_MAROON_38,0.14285714285714285,7.98,0.95,1.582,1.14,4,3,2.8600000000000003,28.0
SUS01,17_1049_BROWN_44,0.125,7.98,0.95,1.582,1.0,4,3,3.0,32.0
SUS01,17_1049_BROWN_37,0.14285714285714285,7.98,0.95,1.582,1.14,4,3,2.8600000000000003,28.0
SUS01,17_1049_BLACK_44,0.14285714285714285,7.98,0.95,1.582,1.14,4,3,2.8600000000000003,28.0
SUS01,16_1042_TAN_43,0.125,7.98,0.95,1.582,1.0,4,3,3.0,32.0
INS01,17_1049_BLACK_37,0.125,7.98,0.95,1.582,1.0,4,3,3.0,32.0
AHS01,23_1091_BLUE-NAVY_38,0.16071428571428573,7.98,0.95,1.582,1.28,4,4,2.7199999999999998,24.89
KOS01,30_1140_WHITE_44,0.125,7.98,0.95,1.582,1.0,4,3,3.0,32.0
MUS01,33_1161_BLUE-NAVY_37,0.125,7.98,0.95,1.582,1.0,4,3,3.0,32.0
COS01,23_1091_BROWN_44,0.14285714285714285,7.98,0.95,1.582,1.14,4,3,2.8600000000000003,28.0
COS01,23_1091_BROWN_38,0.125,7.98,0.95,1.582,1.0,4,3,3.0,32.0
COS01,23_1091_BLUE-NAVY_44,0.125,7.98,0.95,1.582,1.0,4,3,3.0,32.0
PUS01,23_1091_BROWN_44,0.14285714285714285,7.98,0.95,1.582,1.14,4,3,2.8600000000000003,28.0
BES01,17_1049_BLACK_44,0.16071428571428573,7.98,0.95,1.582,1.28,4,4,2.7199999999999998,24.89
BHS01,14_1028_ROSE-GOLD_44,0.16071428571428573,7.98,0.95,1.582,1.28,4,4,2.7199999999999998,24.89
KOS01,30_1140_WHITE_37,0.125,7.98,0.95,1.582,1.0,4,3,3.0,32.0
SUS01,16_1042_TAN_37,0.125,7.98,0.95,1.582,1.0,4,3,3.0,32.0
SUS01,16_1042_BLUE-NAVY_44,0.16071428571428573,7.98,0.95,1.582,1.28,4,4,2.7199999999999998,24.89
SUS01,16_1042_BLUE-NAVY_37,0.125,7.98,0.95,1.582,1.0,4,3,3.0,32.0
INS01,17_1049_MAROON_43,0.16071428571428573,7.98,0.95,1.582,1.28,4,4,2.7199999999999998,24.89
AHS01,25_1105_MAROON_37,0.125,7.98,0.95,1.582,1.0,4,3,3.0,32.0
AHS01,25_1105_BLACK_44,0.16071428571428573,7.98,0.95,1.582,1.28,4,4,2.7199999999999998,24.89
MAS01,18_1056_ANTIC-GOLD_44,0.125,7.98,0.95,1.582,1.0,4,3,3.0,32.0
BHS01,32_1154_MAROON_38,0.125,7.98,0.95,1.582,1.0,4,3,3.0,32.0
BES01,14_1028_ROSE-GOLD_44,0.16071428571428573,7.98,0.95,1.582,1.28,4,4,2.7199999999999998,24.89
KOS01,11_1007_TAN_44,0.16071428571428573,7.98,0.95,1.582,1.28,4,4,2.7199999999999998,24.89
MUS01,32_1154_MAROON_38,0.16071428571428573,7.98,0.95,1.582,1.28,4,4,2.7199999999999998,24.89
MUS01,30_1140_WHITE_38,0.16071428571428573,7.98,0.95,1.582,1.28,4,4,2.7199999999999998,24.89
MAS01,10_1000_ROSE-GOLD_38,0.14285714285714285,7.98,0.95,1.582,1.14,4,3,2.8600000000000003,28.0
CHS01,32_1154_MAROON_42,0.16071428571428573,7.98,0.95,1.582,1.28,4,4,2.7199999999999998,24.89
MUS01,17_1049_BLACK_44,0.14285714285714285,7.98,0.95,1.582,1.14,4,3,2.8600000000000003,28.0
BHS01,33_1161_ROSE-GOLD_44,0.125,7.98,0.95,1.582,1.0,4,3,3.0,32.0
SUS01,15_1035_GREY_41,0.16071428571428573,7.98,0.95,1.582,1.28,4,4,2.7199999999999998,24.89
SUS01,15_1035_GREY_40,0.125,7.98,0.95,1.582,1.0,4,3,3.0,32.0
INS01,20_1070_ANTIC-GOLD_37,0.125,7.98,0.95,1.582,1.0,4,3,3.0,32.0
COS01,33_1161_BLUE-NAVY_37,0.125,7.98,0.95,1.582,1.0,4,3,3.0,32.0
SUS01,15_1035_GREY_39,0.125,7.98,0.95,1.582,1.0,4,3,3.0,32.0
CHS01,24_1098_MAROON_37,0.16071428571428573,7.98,0.95,1.582,1.28,4,4,2.7199999999999998,24.89
CHS01,23_1091_BROWN_37,0.16071428571428573,7.98,0.95,1.582,1.28,4,4,2.7199999999999998,24.89
MAS01,10_1000_ROSE-GOLD_43,0.14285714285714285,7.98,0.95,1.582,1.14,4,3,2.8600000000000003,28.0
MAS01,10_1000_ROSE-GOLD_42,0.14285714285714285,7.98,0.95,1.582,1.14,4,3,2.8600000000000003,28.0
BHS01,18_1056_BLACK_37,0.16071428571428573,7.98,0.95,1.582,1.28,4,4,2.7199999999999998,24.89
COS01,24_1098_WHITE_38,0.16071428571428573,7.98,0.95,1.582,1.28,4,4,2.7199999999999998,24.89
COS01,24_1098_WHITE_37,0.14285714285714285,7.98,0.95,1.582,1.14,4,3,2.8600000000000003,28.0
COS01,24_1098_MAROON_44,0.125,7.98,0.95,1.582,1.0,4,3,3.0,32.0
BES01,13_1021_BROWN_44,0.125,7.98,0.95,1.582,1.0,4,3,3.0,32.0
PUS01,25_1105_MAROON_44,0.125,7.98,0.95,1.582,1.0,4,3,3.0,32.0
BES01,15_1035_GREY_38,0.16071428571428573,7.98,0.95,1.582,1.28,4,4,2.7199999999999998,24.89
MAS01,21_1077_BLUE-NAVY_39,0.125,7.98,0.95,1.582,1.0,4,3,3.0,32.0
SUS01,14_1028_WHITE_37,0.125,7.98,0.95,1.582,1.0,4,3,3.0,32.0
SUS01,14_1028_ROSE-GOLD_37,0.16071428571428573,7.98,0.95,1.582,1.28,4,4,2.7199999999999998,24.89
INS01,22_1084_NAVY_44,0.16071428571428573,7.98,0.95,1.582,1.28,4,4,2.7199999999999998,24.89
INS01,21_1077_BLUE-NAVY_43,0.16071428571428573,7.98,0.95,1.582,1.28,4,4,2.7199999999999998,24.89
MUS01,20_1070_ANTIC-GOLD_37,0.16071428571428573,7.98,0.95,1.582,1.28,4,4,2.7199999999999998,24.89
BHS01,28_1126_BLUE-NAVY_44,0.14285714285714285,7.98,0.95,1.582,1.14,4,3,2.8600000000000003,28.0
MAS01,17_1049_MAROON_37,0.125,7.98,0.95,1.582,1.0,4,3,3.0,32.0
MAS01,17_1049_BLACK_37,0.14285714285714285,7.98,0.95,1.582,1.14,4,3,2.8600000000000003,28.0
MAS01,16_1042_TAN_44,0.125,7.98,0.95,1.582,1.0,4,3,3.0,32.0
BHS01,18_1056_GREY_44,0.125,7.98,0.95,1.582,1.0,4,3,3.0,32.0
BHS01,21_1077_MAROON_44,0.16071428571428573,7.98,0.95,1.582,1.28,4,4,2.7199999999999998,24.89
COS01,24_1098_MAROON_37,0.125,7.98,0.95,1.582,1.0,4,3,3.0,32.0
INS01,31_1147_ANTIC-GOLD_43,0.125,7.98,0.95,1.582,1.0,4,3,3.0,32.0
INS01,29_1133_BROWN_44,0.14285714285714285,7.98,0.95,1.582,1.14,4,3,2.8600000000000003,28.0
COS01,24_1098_WHITE_43,0.125,7.98,0.95,1.582,1.0,4,3,3.0,32.0
BHS01,16_1042_TAN_37,0.16071428571428573,7.98,0.95,1.582,1.28,4,4,2.7199999999999998,24.89
MAS01,11_1007_BLACK_42,0.125,7.98,0.95,1.582,1.0,4,3,3.0,32.0
BHS01,29_1133_BROWN_44,0.16071428571428573,7.98,0.95,1.582,1.28,4,4,2.7199999999999998,24.89
INS01,20_1070_ANTIC-GOLD_44,0.16071428571428573,7.98,0.95,1.582,1.28,4,4,2.7199999999999998,24.89
INS01,24_1098_MAROON_37,0.125,7.98,0.95,1.582,1.0,4,3,3.0,32.0
INS01,23_1091_BLUE-NAVY_43,0.14285714285714285,7.98,0.95,1.582,1.14,4,3,2.8600000000000003,28.0
MAS01,16_1042_TAN_37,0.14285714285714285,7.98,0.95,1.582,1.14,4,3,2.8600000000000003,28.0
MAS01,16_1042_ANTIC-GOLD_38,0.14285714285714285,7.98,0.95,1.582,1.14,4,3,2.8600000000000003,28.0
MAS01,16_1042_ANTIC-GOLD_37,0.125,7.98,0.95,1.582,1.0,4,3,3.0,32.0
INS01,25_1105_MAROON_44,0.16071428571428573,7.98,0.95,1.582,1.28,4,4,2.7199999999999998,24.89
INS01,25_1105_BROWN_44,0.14285714285714285,7.98,0.95,1.582,1.14,4,3,2.8600000000000003,28.0
BHS01,21_1077_BLUE-NAVY_44,0.14285714285714285,7.98,0.95,1.582,1.14,4,3,2.8600000000000003,28.0
MAS01,14_1028_ROSE-GOLD_37,0.14285714285714285,7.98,0.95,1.582,1.14,4,3,2.8600000000000003,28.0
MAS01,14_1028_NAVY_37,0.14285714285714285,7.98,0.95,1.582,1.14,4,3,2.8600000000000003,28.0
MAS01,13_1021_WHITE_42,0.16071428571428573,7.98,0.95,1.582,1.28,4,4,2.7199999999999998,24.89
MUS01,25_1105_BLACK_44,0.16071428571428573,7.98,0.95,1.582,1.28,4,4,2.7199999999999998,24.89
MAS01,15_1035_GREY_40,0.125,7.98,0.95,1.582,1.0,4,3,3.0,32.0
AHS01,31_1147_ANTIC-GOLD_37,0.16071428571428573,7.98,0.95,1.582,1.28,4,4,2.7199999999999998,24.89
COS01,31_1147_MAROON_44,0.14285714285714285,7.98,0.95,1.582,1.14,4,3,2.8600000000000003,28.0
MUS01,23_1091_BLUE-NAVY_44,0.16071428571428573,7.98,0.95,1.582,1.28,4,4,2.7199999999999998,24.89
BHS01,25_1105_BLACK_37,0.14285714285714285,7.98,0.95,1.582,1.14,4,3,2.8600000000000003,28.0
BHS01,23_1091_BROWN_44,0.14285714285714285,7.98,0.95,1.582,1.14,4,3,2.8600000000000003,28.0
MUS01,22_1084_NAVY_37,0.14285714285714285,7.98,0.95,1.582,1.14,4,3,2.8600000000000003,28.0
MUS01,21_1077_MAROON_37,0.14285714285714285,7.98,0.95,1.582,1.14,4,3,2.8600000000000003,28.0
SUS01,10_1000_WHITE_37,0.14285714285714285,7.98,0.95,1.582,1.14,4,3,2.8600000000000003,28.0
INS01,25_1105_BLACK_37,0.125,7.98,0.95,1.582,1.0,4,3,3.0,32.0
INS01,24_1098_WHITE_44,0.125,7.98,0.95,1.582,1.0,4,3,3.0,32.0
INS01,24_1098_WHITE_43,0.16071428571428573,7.98,0.95,1.582,1.28,4,4,2.7199999999999998,24.89
PUS01,32_1154_MAROON_37,0.125,7.98,0.95,1.582,1.0,4,3,3.0,32.0
MUS01,24_1098_WHITE_44,0.14285714285714285,7.98,0.95,1.582,1.14,4,3,2.8600000000000003,28.0
MAS01,14_1028_WHITE_44,0.125,7.98,0.95,1.582,1.0,4,3,3.0,32.0
MAS01,14_1028_ROSE-GOLD_44,0.125,7.98,0.95,1.582,1.0,4,3,3.0,32.0
INS01,28_1126_BLUE-NAVY_37,0.125,7.98,0.95,1.582,1.0,4,3,3.0,32.0
AHS01,15_1035_GREY_38,0.125,7.98,0.95,1.582,1.0,4,3,3.0,32.0
AHS01,15_1035_GREY_37,0.14285714285714285,7.98,0.95,1.582,1.14,4,3,2.8600000000000003,28.0
SUS01,27_1119_WHITE_37,0.16071428571428573,7.98,0.95,1.582,1.28,4,4,2.7199999999999998,24.89
SUS01,26_1112_WHITE_44,0.125,7.98,0.95,1.582,1.0,4,3,3.0,32.0
HYS01,20_1070_ANTIC-GOLD_37,0.14285714285714285,7.98,0.95,1.582,1.14,4,3,2.8600000000000003,28.0
HYS01,30_1140_WHITE_44,0.16071428571428573,7.98,0.95,1.582,1.28,4,4,2.7199999999999998,24.89
AHS01,16_1042_TAN_44,0.16071428571428573,7.98,0.95,1.582,1.28,4,4,2.7199999999999998,24.89
AHS01,16_1042_TAN_37,0.14285714285714285,7.98,0.95,1.582,1.14,4,3,2.8600000000000003,28.0
AHS01,16_1042_ANTIC-GOLD_44,0.14285714285714285,7.98,0.95,1.582,1.14,4,3,2.8600000000000003,28.0
MUS01,10_1000_ROSE-GOLD_44,0.16071428571428573,7.98,0.95,1.582,1.28,4,4,2.7199999999999998,24.89
CHS01,17_1049_MAROON_44,0.14285714285714285,7.98,0.95,1.582,1.14,4,3,2.8600000000000003,28.0
COS01,15_1035_GREY_41,0.125,7.98,0.95,1.582,1.0,4,3,3.0,32.0
COS01,15_1035_GREY_39,0.16071428571428573,7.98,0.95,1.582,1.28,4,4,2.7199999999999998,24.89
BES01,31_1147_ANTIC-GOLD_44,0.16071428571428573,7.98,0.95,1.582,1.28,4,4,2.7199999999999998,24.89
BES01,33_1161_BLUE-NAVY_43,0.125,7.98,0.95,1.582,1.0,4,3,3.0,32.0
BES01,33_1161_BLUE-NAVY_37,0.16071428571428573,7.98,0.95,1.582,1.28,4,4,2.7199999999999998,24.89
HYS01,24_1098_MAROON_37,0.125,7.98,0.95,1.582,1.0,4,3,3.0,32.0
HYS01,21_1077_MAROON_44,0.16071428571428573,7.98,0.95,1.582,1.28,4,4,2.7199999999999998,24.89
HYS01,21_1077_BLUE-NAVY_37,0.14285714285714285,7.98,0.95,1.582,1.14,4,3,2.8600000000000003,28.0
HYS01,22_1084_NAVY_44,0.125,7.98,0.95,1.582,1.0,4,3,3.0,32.0
MAS01,31_1147_WHITE_43,0.14285714285714285,7.98,0.95,1.582,1.14,4,3,2.8600000000000003,28.0
MAS01,31_1147_WHITE_44,0.10714285714285714,7.98,0.95,1.582,0.85,3,3,2.15,28.0
AHS01,15_1035_GREY_44,0.10714285714285714,7.98,0.95,1.582,0.85,3,3,2.15,28.0
SUS01,32_1154_MAROON_41,0.10714285714285714,7.98,0.95,1.582,0.85,3,3,2.15,28.0
COS01,15_1035_GREY_37,0.08928571428571429,7.98,0.95,1.582,0.71,3,3,2.29,33.6
COS01,15_1035_GREY_40,0.10714285714285714,7.98,0.95,1.582,0.85,3,3,2.15,28.0
MAS01,33_1161_BLUE-NAVY_37,0.10714285714285714,7.98,0.95,1.582,0.85,3,3,2.15,28.0
AHS01,32_1154_MAROON_44,0.10714285714285714,7.98,0.95,1.582,0.85,3,3,2.15,28.0
SUS01,25_1105_MAROON_44,0.08928571428571429,7.98,0.95,1.582,0.71,3,3,2.29,33.6
MUS01,24_1098_MAROON_43,0.10714285714285714,7.98,0.95,1.582,0.85,3,3,2.15,28.0
MUS01,24_1098_MAROON_44,0.10714285714285714,7.98,0.95,1.582,0.85,3,3,2.15,28.0
SUS01,10_1000_WHITE_44,0.08928571428571429,7.98,0.95,1.582,0.71,3,3,2.29,33.6
SUS01,11_1007_BLACK_37,0.10714285714285714,7.98,0.95,1.582,0.85,3,3,2.15,28.0
AHS01,32_1154_MAROON_38,0.08928571428571429,7.98,0.95,1.582,0.71,3,3,2.29,33.6
MAS01,13_1021_WHITE_44,0.08928571428571429,7.98,0.95,1.582,0.71,3,3,2.29,33.6
COS01,28_1126_ROSE-GOLD_44,0.10714285714285714,7.98,0.95,1.582,0.85,3,3,2.15,28.0
BHS01,21_1077_BLUE-NAVY_37,0.10714285714285714,7.98,0.95,1.582,0.85,3,3,2.15,28.0
MAS01,16_1042_ANTIC-GOLD_44,0.08928571428571429,7.98,0.95,1.582,0.71,3,3,2.29,33.6
MAS01,11_1007_BLACK_44,0.10714285714285714,7.98,0.95,1.582,0.85,3,3,2.15,28.0
BHS01,20_1070_ANTIC-GOLD_44,0.08928571428571429,7.98,0.95,1.582,0.71,3,3,2.29,33.6
BHS01,25_1105_BROWN_37,0.08928571428571429,7.98,0.95,1.582,0.71,3,3,2.29,33.6
MUS01,25_1105_BROWN_44,0.08928571428571429,7.98,0.95,1.582,0.71,3,3,2.29,33.6
INS01,21_1077_BLUE-NAVY_37,0.10714285714285714,7.98,0.95,1.582,0.85,3,3,2.15,28.0
INS01,22_1084_NAVY_37,0.08928571428571429,7.98,0.95,1.582,0.71,3,3,2.29,33.6
SUS01,15_1035_GREY_37,0.08928571428571429,7.98,0.95,1.582,0.71,3,3,2.29,33.6
BES01,15_1035_GREY_37,0.10714285714285714,7.98,0.95,1.582,0.85,3,3,2.15,28.0
MAS01,21_1077_BLUE-NAVY_43,0.10714285714285714,7.98,0.95,1.582,0.85,3,3,2.15,28.0
BES01,11_1007_TAN_37,0.10714285714285714,7.98,0.95,1.582,0.85,3,3,2.15,28.0
BHS01,20_1070_ANTIC-GOLD_37,0.08928571428571429,7.98,0.95,1.582,0.71,3,3,2.29,33.6
MAS01,11_1007_BLACK_37,0.08928571428571429,7.98,0.95,1.582,0.71,3,3,2.29,33.6
BHS01,16_1042_TAN_44,0.10714285714285714,7.98,0.95,1.582,0.85,3,3,2.15,28.0
COS01,24_1098_WHITE_44,0.08928571428571429,7.98,0.95,1.582,0.71,3,3,2.29,33.6
KOS01,10_1000_BROWN_43,0.10714285714285714,7.98,0.95,1.582,0.85,3,3,2.15,28.0
COS01,31_1147_ANTIC-GOLD_37,0.10714285714285714,7.98,0.95,1.582,0.85,3,3,2.15,28.0
BHS01,27_1119_WHITE_44,0.08928571428571429,7.98,0.95,1.582,0.71,3,3,2.29,33.6
INS01,23_1091_BLUE-NAVY_38,0.08928571428571429,7.98,0.95,1.582,0.71,3,3,2.29,33.6
MUS01,21_1077_BLUE-NAVY_44,0.10714285714285714,7.98,0.95,1.582,0.85,3,3,2.15,28.0
MAS01,18_1056_ANTIC-GOLD_37,0.08928571428571429,7.98,0.95,1.582,0.71,3,3,2.29,33.6
BES01,13_1021_BROWN_37,0.10714285714285714,7.98,0.95,1.582,0.85,3,3,2.15,28.0
AHS01,33_1161_ROSE-GOLD_44,0.10714285714285714,7.98,0.95,1.582,0.85,3,3,2.15,28.0
MAS01,10_1000_ROSE-GOLD_41,0.10714285714285714,7.98,0.95,1.582,0.85,3,3,2.15,28.0
MAS01,17_1049_MAROON_44,0.08928571428571429,7.98,0.95,1.582,0.71,3,3,2.29,33.6
BES01,15_1035_GREY_40,0.08928571428571429,7.98,0.95,1.582,0.71,3,3,2.29,33.6
BES01,15_1035_GREY_39,0.08928571428571429,7.98,0.95,1.582,0.71,3,3,2.29,33.6
MAS01,17_1049_BLACK_44,0.10714285714285714,7.98,0.95,1.582,0.85,3,3,2.15,28.0
MAS01,24_1098_MAROON_44,0.08928571428571429,7.98,0.95,1.582,0.71,3,3,2.29,33.6
MAS01,24_1098_MAROON_43,0.08928571428571429,7.98,0.95,1.582,0.71,3,3,2.29,33.6
PUS01,11_1007_TAN_37,0.10714285714285714,7.98,0.95,1.582,0.85,3,3,2.15,28.0
INS01,15_1035_GREY_37,0.08928571428571429,7.98,0.95,1.582,0.71,3,3,2.29,33.6
SUS01,18_1056_ANTIC-GOLD_44,0.08928571428571429,7.98,0.95,1.582,0.71,3,3,2.29,33.6
AHS01,20_1070_ANTIC-GOLD_44,0.10714285714285714,7.98,0.95,1.582,0.85,3,3,2.15,28.0
BHS01,33_1161_BLUE-NAVY_44,0.10714285714285714,7.98,0.95,1.582,0.85,3,3,2.15,28.0
MAS01,24_1098_WHITE_37,0.08928571428571429,7.98,0.95,1.582,0.71,3,3,2.29,33.6
MAS01,24_1098_WHITE_42,0.10714285714285714,7.98,0.95,1.582,0.85,3,3,2.15,28.0
MAS01,24_1098_WHITE_44,0.08928571428571429,7.98,0.95,1.582,0.71,3,3,2.29,33.6
KOS01,14_1028_ROSE-GOLD_44,0.08928571428571429,7.98,0.95,1.582,0.71,3,3,2.29,33.6
INS01,18_1056_ANTIC-GOLD_44,0.10714285714285714,7.98,0.95,1.582,0.85,3,3,2.15,28.0
INS01,16_1042_ANTIC-GOLD_44,0.10714285714285714,7.98,0.95,1.582,0.85,3,3,2.15,28.0
INS01,16_1042_BLUE-NAVY_37,0.10714285714285714,7.98,0.95,1.582,0.85,3,3,2.15,28.0
SUS01,16_1042_TAN_44,0.10714285714285714,7.98,0.95,1.582,0.85,3,3,2.15,28.0
PUS01,24_1098_WHITE_44,0.10714285714285714,7.98,0.95,1.582,0.85,3,3,2.15,28.0
PUS01,10_1000_BROWN_44,0.08928571428571429,7.98,0.95,1.582,0.71,3,3,2.29,33.6
MAS01,10_1000_ROSE-GOLD_37,0.08928571428571429,7.98,0.95,1.582,0.71,3,3,2.29,33.6
BHS01,31_1147_WHITE_37,0.08928571428571429,7.98,0.95,1.582,0.71,3,3,2.29,33.6
PUS01,25_1105_MAROON_37,0.10714285714285714,7.98,0.95,1.582,0.85,3,3,2.15,28.0
BHS01,15_1035_GREY_41,0.08928571428571429,7.98,0.95,1.582,0.71,3,3,2.29,33.6
CHS01,32_1154_MAROON_37,0.08928571428571429,7.98,0.95,1.582,0.71,3,3,2.29,33.6
SUS01,15_1035_GREY_43,0.10714285714285714,7.98,0.95,1.582,0.85,3,3,2.15,28.0
SUS01,15_1035_GREY_38,0.08928571428571429,7.98,0.95,1.582,0.71,3,3,2.29,33.6
AHS01,10_1000_WHITE_44,0.08928571428571429,7.98,0.95,1.582,0.71,3,3,2.29,33.6
SUS01,33_1161_BLUE-NAVY_37,0.10714285714285714,7.98,0.95,1.582,0.85,3,3,2.15,28.0
SUS01,28_1126_ROSE-GOLD_43,0.10714285714285714,7.98,0.95,1.582,0.85,3,3,2.15,28.0
MAS01,31_1147_ANTIC-GOLD_38,0.10714285714285714,7.98,0.95,1.582,0.85,3,3,2.15,28.0
SUS01,24_1098_WHITE_44,0.10714285714285714,7.98,0.95,1.582,0.85,3,3,2.15,28.0
MUS01,10_1000_WHITE_44,0.08928571428571429,7.98,0.95,1.582,0.71,3,3,2.29,33.6
MAS01,31_1147_ANTIC-GOLD_44,0.08928571428571429,7.98,0.95,1.582,0.71,3,3,2.29,33.6
SUS01,24_1098_WHITE_37,0.10714285714285714,7.98,0.95,1.582,0.85,3,3,2.15,28.0
MAS01,30_1140_WHITE_37,0.08928571428571429,7.98,0.95,1.582,0.71,3,3,2.29,33.6
MAS01,30_1140_WHITE_43,0.10714285714285714,7.98,0.95,1.582,0.85,3,3,2.15,28.0
SUS01,25_1105_MAROON_37,0.08928571428571429,7.98,0.95,1.582,0.71,3,3,2.29,33.6
INS01,10_1000_BROWN_44,0.08928571428571429,7.98,0.95,1.582,0.71,3,3,2.29,33.6
BES01,32_1154_MAROON_43,0.08928571428571429,7.98,0.95,1.582,0.71,3,3,2.29,33.6
BES01,23_1091_BROWN_44,0.10714285714285714,7.98,0.95,1.582,0.85,3,3,2.15,28.0
KOS01,20_1070_ANTIC-GOLD_37,0.10714285714285714,7.98,0.95,1.582,0.85,3,3,2.15,28.0
SUS01,24_1098_MAROON_44,0.10714285714285714,7.98,0.95,1.582,0.85,3,3,2.15,28.0
HYS01,15_1035_GREY_41,0.10714285714285714,7.98,0.95,1.582,0.85,3,3,2.15,28.0
HYS01,15_1035_GREY_44,0.10714285714285714,7.98,0.95,1.582,0.85,3,3,2.15,28.0
SUS01,23_1091_BROWN_44,0.10714285714285714,7.98,0.95,1.582,0.85,3,3,2.15,28.0
KOS01,24_1098_MAROON_37,0.08928571428571429,7.98,0.95,1.582,0.71,3,3,2.29,33.6
KOS01,24_1098_MAROON_43,0.10714285714285714,7.98,0.95,1.582,0.85,3,3,2.15,28.0
SUS01,20_1070_ANTIC-GOLD_44,0.08928571428571429,7.98,0.95,1.582,0.71,3,3,2.29,33.6
PUS01,20_1070_ANTIC-GOLD_37,0.10714285714285714,7.98,0.95,1.582,0.85,3,3,2.15,28.0
HYS01,15_1035_GREY_37,0.10714285714285714,7.98,0.95,1.582,0.85,3,3,2.15,28.0
KOS01,15_1035_GREY_43,0.08928571428571429,7.98,0.95,1.582,0.71,3,3,2.29,33.6
COS01,20_1070_ANTIC-GOLD_37,0.08928571428571429,7.98,0.95,1.582,0.71,3,3,2.29,33.6
COS01,20_1070_ANTIC-GOLD_43,0.08928571428571429,7.98,0.95,1.582,0.71,3,3,2.29,33.6
MAS01,24_1098_MAROON_42,0.08928571428571429,7.98,0.95,1.582,0.71,3,3,2.29,33.6
MAS01,24_1098_MAROON_41,0.08928571428571429,7.98,0.95,1.582,0.71,3,3,2.29,33.6
KOS01,15_1035_GREY_41,0.08928571428571429,7.98,0.95,1.582,0.71,3,3,2.29,33.6
MAS01,21_1077_MAROON_44,0.08928571428571429,7.98,0.95,1.582,0.71,3,3,2.29,33.6
MAS01,21_1077_MAROON_43,0.08928571428571429,7.98,0.95,1.582,0.71,3,3,2.29,33.6
BES01,19_1063_MAROON_44,0.10714285714285714,7.98,0.95,1.582,0.85,3,3,2.15,28.0
BES01,22_1084_NAVY_37,0.10714285714285714,7.98,0.95,1.582,0.85,3,3,2.15,28.0
KOS01,14_1028_ROSE-GOLD_37,0.10714285714285714,7.98,0.95,1.582,0.85,3,3,2.15,28.0
MAS01,31_1147_ANTIC-GOLD_37,0.08928571428571429,7.98,0.95,1.582,0.71,3,3,2.29,33.6
PUS01,15_1035_GREY_41,0.10714285714285714,7.98,0.95,1.582,0.85,3,3,2.15,28.0
PUS01,15_1035_GREY_42,0.10714285714285714,7.98,0.95,1.582,0.85,3,3,2.15,28.0
KOS01,21_1077_BLUE-NAVY_44,0.08928571428571429,7.98,0.95,1.582,0.71,3,3,2.29,33.6
BES01,28_1126_TAN_44,0.08928571428571429,7.98,0.95,1.582,0.71,3,3,2.29,33.6
MAS01,32_1154_MAROON_43,0.10714285714285714,7.98,0.95,1.582,0.85,3,3,2.15,28.0
SUS01,31_1147_WHITE_44,0.08928571428571429,7.98,0.95,1.582,0.71,3,3,2.29,33.6
INS01,15_1035_GREY_43,0.08928571428571429,7.98,0.95,1.582,0.71,3,3,2.29,33.6
INS01,14_1028_WHITE_37,0.10714285714285714,7.98,0.95,1.582,0.85,3,3,2.15,28.0
INS01,15_1035_GREY_42,0.08928571428571429,7.98,0.95,1.582,0.71,3,3,2.29,33.6
INS01,15_1035_GREY_41,0.08928571428571429,7.98,0.95,1.582,0.71,3,3,2.29,33.6
MAS01,25_1105_BROWN_44,0.08928571428571429,7.98,0.95,1.582,0.71,3,3,2.29,33.6
MAS01,25_1105_BROWN_43,0.10714285714285714,7.98,0.95,1.582,0.85,3,3,2.15,28.0
COS01,13_1021_BROWN_44,0.08928571428571429,7.98,0.95,1.582,0.71,3,3,2.29,33.6
BES01,33_1161_ROSE-GOLD_37,0.08928571428571429,7.98,0.95,1.582,0.71,3,3,2.29,33.6
MAS01,13_1021_WHITE_37,0.05357142857142857,7.98,0.95,1.582,0.43,2,2,1.57,37.33
MAS01,13_1021_BROWN_44,0.07142857142857142,7.98,0.95,1.582,0.57,2,2,1.4300000000000002,28.0
MAS01,32_1154_MAROON_44,0.05357142857142857,7.98,0.95,1.582,0.43,2,2,1.57,37.33
COS01,15_1035_GREY_38,0.07142857142857142,7.98,0.95,1.582,0.57,2,2,1.4300000000000002,28.0
PUS01,32_1154_MAROON_44,0.05357142857142857,7.98,0.95,1.582,0.43,2,2,1.57,37.33
AHS01,32_1154_MAROON_37,0.07142857142857142,7.98,0.95,1.582,0.57,2,2,1.4300000000000002,28.0
MAS01,14_1028_NAVY_44,0.07142857142857142,7.98,0.95,1.582,0.57,2,2,1.4300000000000002,28.0
MAS01,15_1035_GREY_39,0.07142857142857142,7.98,0.95,1.582,0.57,2,2,1.4300000000000002,28.0
SUS01,13_1021_BROWN_44,0.05357142857142857,7.98,0.95,1.582,0.43,2,2,1.57,37.33
BES01,15_1035_GREY_43,0.07142857142857142,7.98,0.95,1.582,0.57,2,2,1.4300000000000002,28.0
MAS01,10_1000_ROSE-GOLD_44,0.07142857142857142,7.98,0.95,1.582,0.57,2,2,1.4300000000000002,28.0
MAS01,16_1042_TAN_43,0.07142857142857142,7.98,0.95,1.582,0.57,2,2,1.4300000000000002,28.0
MAS01,13_1021_BROWN_37,0.05357142857142857,7.98,0.95,1.582,0.43,2,2,1.57,37.33
INS01,20_1070_ANTIC-GOLD_43,0.05357142857142857,7.98,0.95,1.582,0.43,2,2,1.57,37.33
SUS01,32_1154_MAROON_44,0.07142857142857142,7.98,0.95,1.582,0.57,2,2,1.4300000000000002,28.0
INS01,11_1007_BLACK_44,0.07142857142857142,7.98,0.95,1.582,0.57,2,2,1.4300000000000002,28.0
MAS01,28_1126_BLUE-NAVY_43,0.05357142857142857,7.98,0.95,1.582,0.43,2,2,1.57,37.33
KOS01,20_1070_ANTIC-GOLD_44,0.07142857142857142,7.98,0.95,1.582,0.57,2,2,1.4300000000000002,28.0
MAS01,30_1140_WHITE_44,0.05357142857142857,7.98,0.95,1.582,0.43,2,2,1.57,37.33
PUS01,20_1070_ANTIC-GOLD_44,0.07142857142857142,7.98,0.95,1.582,0.57,2,2,1.4300000000000002,28.0
INS01,15_1035_GREY_38,0.05357142857142857,7.98,0.95,1.582,0.43,2,2,1.57,37.33
MAS01,21_1077_MAROON_37,0.07142857142857142,7.98,0.95,1.582,0.57,2,2,1.4300000000000002,28.0
INS01,24_1098_MAROON_44,0.05357142857142857,7.98,0.95,1.582,0.43,2,2,1.57,37.33
MAS01,15_1035_GREY_43,0.07142857142857142,7.98,0.95,1.582,0.57,2,2,1.4300000000000002,28.0
SUS01,17_1049_BLACK_37,0.07142857142857142,7.98,0.95,1.582,0.57,2,2,1.4300000000000002,28.0
INS01,17_1049_MAROON_44,0.07142857142857142,7.98,0.95,1.582,0.57,2,2,1.4300000000000002,28.0
COS01,20_1070_ANTIC-GOLD_38,0.07142857142857142,7.98,0.95,1.582,0.57,2,2,1.4300000000000002,28.0
MAS01,24_1098_MAROON_37,0.07142857142857142,7.98,0.95,1.582,0.57,2,2,1.4300000000000002,28.0
BHS01,15_1035_GREY_40,0.07142857142857142,7.98,0.95,1.582,0.57,2,2,1.4300000000000002,28.0
COS01,20_1070_ANTIC-GOLD_44,0.07142857142857142,7.98,0.95,1.582,0.57,2,2,1.4300000000000002,28.0
COS01,23_1091_BROWN_37,0.07142857142857142,7.98,0.95,1.582,0.57,2,2,1.4300000000000002,28.0
HYS01,10_1000_BROWN_44,0.07142857142857142,7.98,0.95,1.582,0.57,2,2,1.4300000000000002,28.0
MAS01,21_1077_BLUE-NAVY_37,0.07142857142857142,7.98,0.95,1.582,0.57,2,2,1.4300000000000002,28.0
MUS01,30_1140_WHITE_44,0.05357142857142857,7.98,0.95,1.582,0.43,2,2,1.57,37.33
CHS01,32_1154_MAROON_44,0.05357142857142857,7.98,0.95,1.582,0.43,2,2,1.57,37.33
SUS01,15_1035_GREY_42,0.07142857142857142,7.98,0.95,1.582,0.57,2,2,1.4300000000000002,28.0
BHS01,32_1154_MAROON_43,0.05357142857142857,7.98,0.95,1.582,0.43,2,2,1.57,37.33
BHS01,32_1154_MAROON_44,0.07142857142857142,7.98,0.95,1.582,0.57,2,2,1.4300000000000002,28.0
KOS01,13_1021_BROWN_43,0.07142857142857142,7.98,0.95,1.582,0.57,2,2,1.4300000000000002,28.0
BHS01,15_1035_GREY_38,0.05357142857142857,7.98,0.95,1.582,0.43,2,2,1.57,37.33
MUS01,32_1154_MAROON_44,0.05357142857142857,7.98,0.95,1.582,0.43,2,2,1.57,37.33
BHS01,15_1035_GREY_42,0.07142857142857142,7.98,0.95,1.582,0.57,2,2,1.4300000000000002,28.0
BHS01,15_1035_GREY_43,0.07142857142857142,7.98,0.95,1.582,0.57,2,2,1.4300000000000002,28.0
KOS01,15_1035_GREY_37,0.07142857142857142,7.98,0.95,1.582,0.57,2,2,1.4300000000000002,28.0
BHS01,15_1035_GREY_44,0.07142857142857142,7.98,0.95,1.582,0.57,2,2,1.4300000000000002,28.0
COS01,10_1000_WHITE_44,0.05357142857142857,7.98,0.95,1.582,0.43,2,2,1.57,37.33
SUS01,32_1154_MAROON_43,0.05357142857142857,7.98,0.95,1.582,0.43,2,2,1.57,37.33
SUS01,33_1161_BLUE-NAVY_43,0.07142857142857142,7.98,0.95,1.582,0.57,2,2,1.4300000000000002,28.0
MAS01,32_1154_MAROON_37,0.07142857142857142,7.98,0.95,1.582,0.57,2,2,1.4300000000000002,28.0
MAS01,30_1140_WHITE_38,0.07142857142857142,7.98,0.95,1.582,0.57,2,2,1.4300000000000002,28.0
COS01,15_1035_GREY_43,0.05357142857142857,7.98,0.95,1.582,0.43,2,2,1.57,37.33
COS01,15_1035_GREY_42,0.07142857142857142,7.98,0.95,1.582,0.57,2,2,1.4300000000000002,28.0
BES01,32_1154_MAROON_37,0.07142857142857142,7.98,0.95,1.582,0.57,2,2,1.4300000000000002,28.0
MAS01,28_1126_BLUE-NAVY_44,0.07142857142857142,7.98,0.95,1.582,0.57,2,2,1.4300000000000002,28.0
INS01,15_1035_GREY_44,0.07142857142857142,7.98,0.95,1.582,0.57,2,2,1.4300000000000002,28.0
BHS01,11_1007_BLACK_44,0.07142857142857142,7.98,0.95,1.582,0.57,2,2,1.4300000000000002,28.0
KOS01,15_1035_GREY_44,0.07142857142857142,7.98,0.95,1.582,0.57,2,2,1.4300000000000002,28.0
MAS01,25_1105_BROWN_37,0.07142857142857142,7.98,0.95,1.582,0.57,2,2,1.4300000000000002,28.0
COS01,13_1021_WHITE_44,0.07142857142857142,7.98,0.95,1.582,0.57,2,2,1.4300000000000002,28.0
SUS01,24_1098_MAROON_37,0.07142857142857142,7.98,0.95,1.582,0.57,2,2,1.4300000000000002,28.0
INS01,14_1028_NAVY_44,0.07142857142857142,7.98,0.95,1.582,0.57,2,2,1.4300000000000002,28.0
MAS01,15_1035_GREY_38,0.03571428571428571,7.98,0.95,1.582,0.28,1,2,0.72,28.0
INS01,23_1091_BLUE-NAVY_44,0.03571428571428571,7.98,0.95,1.582,0.28,1,2,0.72,28.0
MAS01,15_1035_GREY_42,0.017857142857142856,7.98,0.95,1.582,0.14,1,1,0.86,56.0
MAS01,33_1161_BLUE-NAVY_44,0.03571428571428571,7.98,0.95,1.582,0.28,1,2,0.72,28.0
SUS01,32_1154_MAROON_37,0.03571428571428571,7.98,0.95,1.582,0.28,1,2,0.72,28.0
MAS01,15_1035_GREY_37,0.017857142857142856,7.98,0.95,1.582,0.14,1,1,0.86,56.0
MAS01,15_1035_GREY_41,0.03571428571428571,7.98,0.95,1.582,0.28,1,2,0.72,28.0
BHS01,32_1154_MAROON_37,0.017857142857142856,7.98,0.95,1.582,0.14,1,1,0.86,56.0
BES01,15_1035_GREY_44,0.03571428571428571,7.98,0.95,1.582,0.28,1,2,0.72,28.0
MAS01,24_1098_MAROON_38,0.03571428571428571,7.98,0.95,1.582,0.28,1,2,0.72,28.0
KOS01,10_1000_BROWN_44,0.03571428571428571,7.98,0.95,1.582,0.28,1,2,0.72,28.0
SUS01,15_1035_GREY_44,0.03571428571428571,7.98,0.95,1.582,0.28,1,2,0.72,28.0
KOS01,24_1098_MAROON_44,0.017857142857142856,7.98,0.95,1.582,0.14,1,1,0.86,56.0
PUS01,15_1035_GREY_44,0.03571428571428571,7.98,0.95,1.582,0.28,1,2,0.72,28.0
PUS01,15_1035_GREY_37,0.03571428571428571,7.98,0.95,1.582,0.28,1,2,0.72,28.0
COS01,15_1035_GREY_44,0.017857142857142856,7.98,0.95,1.582,0.14,1,1,0.86,56.0
MAS01,32_1154_MAROON_38,0.03571428571428571,7.98,0.95,1.582,0.28,1,2,0.72,28.0
