store_id,sku_uid,trailing_demand_rate,days_of_cover,protection_days,service_level,recommended_cover_days,recommended_reorder_point,textbook_reorder_point,expected_demand_over_lead,safety_stock
AHS01,12_1014_ROSE-GOLD_40,6.214285714285714,17.862068965517242,5.931840648477659,0.95,17.62,110,47,36.86,73.14
BES01,12_1014_BROWN_40,3.9642857142857144,20.18018018018018,5.931840648477659,0.95,17.2,69,32,23.52,45.48
PUS01,12_1014_ANTIC-GOLD_39,6.321428571428571,19.61581920903955,5.931840648477659,0.95,10.4,66,48,37.5,28.5
BES01,12_1014_ROSE-GOLD_41,3.267857142857143,22.338797814207652,5.931840648477659,0.95,17.78,59,27,19.38,39.62
AHS01,12_1014_ROSE-GOLD_42,3.6964285714285716,17.043478260869563,5.931840648477659,0.95,14.38,54,30,21.93,32.07
BES01,29_1133_BROWN_40,2.4642857142857144,19.884057971014492,5.931840648477659,0.95,16.28,41,21,14.62,26.38
AHS01,12_1014_ROSE-GOLD_41,3.732142857142857,23.04306220095694,5.931840648477659,0.95,10.77,41,30,22.14,18.86
BES01,12_1014_ROSE-GOLD_39,2.6607142857142856,26.684563758389263,5.931840648477659,0.95,14.78,40,23,15.78,24.22
PUS01,25_1105_MAROON_40,2.0892857142857144,20.58119658119658,5.931840648477659,0.95,18.97,40,19,12.39,27.61
BES01,12_1014_BROWN_39,2.9285714285714284,28.000000000000004,5.931840648477659,0.95,13.65,40,25,17.37,22.63
BES01,12_1014_ROSE-GOLD_40,4.982142857142857,23.082437275985665,5.931840648477659,0.95,7.89,40,39,29.55,10.45
HYS01,12_1014_BROWN_39,6.339285714285714,22.715492957746477,5.931840648477659,0.95,5.12,33,48,37.6,-4.6
AHS01,12_1014_ROSE-GOLD_39,3.1607142857142856,18.033898305084747,5.931840648477659,0.95,10.05,32,26,18.75,13.25
SUS01,12_1014_ANTIC-GOLD_39,3.2142857142857144,27.688888888888886,5.931840648477659,0.95,9.62,31,27,19.07,11.93
PUS01,12_1014_ANTIC-GOLD_42,1.9821428571428572,31.783783783783782,5.931840648477659,0.95,15.22,31,18,11.76,19.24
CHS01,27_1119_ANTIC-GOLD_39,4.75,12.842105263157896,5.931840648477659,0.95,6.51,31,37,28.18,2.82
CHS01,12_1014_ROSE-GOLD_39,3.4107142857142856,17.298429319371728,5.931840648477659,0.95,8.01,28,28,20.23,7.77
CHS01,12_1014_ROSE-GOLD_40,3.5714285714285716,25.2,5.931840648477659,0.95,7.76,28,29,21.19,6.81
BES01,26_1112_WHITE_41,1.9821428571428572,17.153153153153152,5.931840648477659,0.95,14.09,28,18,11.76,16.24
SUS01,12_1014_ANTIC-GOLD_40,6.017857142857143,21.602373887240354,5.931840648477659,0.95,4.35,27,46,35.7,-8.7
BES01,18_1056_BLACK_39,1.9285714285714286,21.25925925925926,5.931840648477659,0.95,13.6,27,18,11.44,15.56
BES01,12_1014_ROSE-GOLD_38,2.517857142857143,17.078014184397162,5.931840648477659,0.95,10.01,26,22,14.94,11.06
MUS01,28_1126_TAN_40,3.5892857142857144,20.059701492537314,5.931840648477659,0.95,6.97,26,29,21.29,4.71
AHS01,18_1056_ANTIC-GOLD_39,1.625,22.76923076923077,5.931840648477659,0.95,15.07,25,15,9.64,15.36
AHS01,28_1126_TAN_40,1.8571428571428572,26.923076923076923,5.931840648477659,0.95,13.29,25,17,11.02,13.98
PUS01,12_1014_BROWN_41,3.9285714285714284,21.89090909090909,5.931840648477659,0.95,5.87,24,32,23.3,0.7
BES01,27_1119_ANTIC-GOLD_42,1.8571428571428572,16.692307692307693,5.931840648477659,0.95,12.79,24,17,11.02,12.98
AHS01,18_1056_ANTIC-GOLD_40,1.6964285714285714,16.50526315789474,5.931840648477659,0.95,13.82,24,16,10.06,13.94
BES01,12_1014_ROSE-GOLD_42,2.4642857142857144,19.884057971014492,5.931840648477659,0.95,9.52,24,21,14.62,9.38
BES01,29_1133_BROWN_42,1.7142857142857142,21.0,5.931840648477659,0.95,13.49,24,16,10.17,13.83
HYS01,12_1014_BROWN_40,4.017857142857143,24.14222222222222,5.931840648477659,0.95,5.59,23,32,23.83,-0.83
INS01,12_1014_ROSE-GOLD_40,3.232142857142857,25.060773480662984,5.931840648477659,0.95,6.96,23,27,19.17,3.83
BES01,27_1119_ANTIC-GOLD_39,2.357142857142857,28.0,5.931840648477659,0.95,8.99,22,21,13.98,8.02
BES01,14_1028_ROSE-GOLD_40,1.5892857142857142,18.876404494382022,5.931840648477659,0.95,13.73,22,15,9.43,12.57
BES01,22_1084_NAVY_41,1.7321428571428572,21.938144329896907,5.931840648477659,0.95,12.45,22,16,10.27,11.73
AHS01,17_1049_MAROON_41,2.142857142857143,19.6,5.931840648477659,0.95,10.11,22,19,12.71,9.29
HYS01,22_1084_NAVY_42,1.0714285714285714,20.533333333333335,5.931840648477659,0.95,20.18,22,11,6.36,15.64
AHS01,27_1119_WHITE_40,2.482142857142857,25.381294964028775,5.931840648477659,0.95,8.1,21,22,14.72,6.28
AHS01,29_1133_BROWN_40,1.4642857142857142,21.853658536585368,5.931840648477659,0.95,14.25,21,14,8.69,12.31
CHS01,18_1056_GREY_42,3.267857142857143,12.546448087431694,5.931840648477659,0.95,6.39,21,27,19.38,1.62
KOS01,29_1133_BROWN_40,1.7142857142857142,19.833333333333336,5.931840648477659,0.95,10.68,19,16,10.17,8.83
BES01,18_1056_ANTIC-GOLD_42,1.5714285714285714,26.727272727272727,5.931840648477659,0.95,11.71,19,15,9.32,9.68
BES01,12_1014_BROWN_41,3.8392857142857144,25.525581395348837,5.931840648477659,0.95,4.76,19,31,22.77,-3.77
BES01,27_1119_ANTIC-GOLD_40,1.8571428571428572,19.384615384615383,5.931840648477659,0.95,9.81,19,17,11.02,7.98
COS01,12_1014_BROWN_39,3.2857142857142856,25.565217391304348,5.931840648477659,0.95,5.5,19,27,19.49,-0.49
CHS01,12_1014_ANTIC-GOLD_40,3.8214285714285716,24.33644859813084,5.931840648477659,0.95,4.84,19,31,22.67,-3.67
KOS01,12_1014_ROSE-GOLD_41,2.0535714285714284,18.01739130434783,5.931840648477659,0.95,8.8,19,18,12.18,6.82
KOS01,16_1042_TAN_40,1.375,27.636363636363637,5.931840648477659,0.95,13.48,19,13,8.16,10.84
INS01,12_1014_BROWN_40,3.25,20.307692307692307,5.931840648477659,0.95,5.69,19,27,19.28,-0.28
BES01,28_1126_ROSE-GOLD_41,1.6607142857142858,21.677419354838708,5.931840648477659,0.95,10.81,18,16,9.85,8.15
COS01,12_1014_ANTIC-GOLD_39,1.7678571428571428,18.1010101010101,5.931840648477659,0.95,9.64,18,16,10.49,7.51
BHS01,12_1014_ROSE-GOLD_40,1.6785714285714286,25.617021276595743,5.931840648477659,0.95,10.42,18,16,9.96,8.04
KOS01,27_1119_ANTIC-GOLD_39,1.0714285714285714,25.2,5.931840648477659,0.95,16.39,18,11,6.36,11.64
KOS01,12_1014_ROSE-GOLD_40,1.7142857142857142,23.333333333333336,5.931840648477659,0.95,10.0,18,16,10.17,7.83
CHS01,12_1014_ROSE-GOLD_42,3.267857142857143,27.54098360655738,5.931840648477659,0.95,5.42,18,27,19.38,-1.38
CHS01,12_1014_ANTIC-GOLD_39,2.8392857142857144,27.11949685534591,5.931840648477659,0.95,6.28,18,24,16.84,1.16
BES01,17_1049_BROWN_40,1.4464285714285714,18.666666666666668,5.931840648477659,0.95,11.86,18,14,8.58,9.42
BES01,23_1091_BROWN_41,1.4642857142857142,21.170731707317074,5.931840648477659,0.95,11.65,18,14,8.69,9.31
BES01,17_1049_BROWN_41,1.375,18.90909090909091,5.931840648477659,0.95,13.0,18,13,8.16,9.84
KOS01,12_1014_ROSE-GOLD_39,2.125,23.529411764705884,5.931840648477659,0.95,7.6,17,19,12.61,4.39
CHS01,12_1014_ROSE-GOLD_41,2.482142857142857,24.172661870503596,5.931840648477659,0.95,6.53,17,22,14.72,2.28
MUS01,21_1077_BLUE-NAVY_42,1.0178571428571428,40.280701754385966,5.931840648477659,0.95,16.13,17,11,6.04,10.96
BES01,14_1028_ROSE-GOLD_41,2.1607142857142856,19.90082644628099,5.931840648477659,0.95,7.46,17,19,12.82,4.18
BES01,17_1049_BLACK_40,1.0892857142857142,21.114754098360656,5.931840648477659,0.95,14.9,17,11,6.46,10.54
BES01,18_1056_ANTIC-GOLD_38,1.2321428571428572,26.782608695652172,5.931840648477659,0.95,13.25,17,12,7.31,9.69
PUS01,12_1014_ANTIC-GOLD_40,3.232142857142857,21.96685082872928,5.931840648477659,0.95,5.08,17,27,19.17,-2.17
BES01,18_1056_BLACK_41,2.1785714285714284,17.901639344262296,5.931840648477659,0.95,7.43,17,19,12.92,4.08
KOS01,27_1119_WHITE_41,1.3035714285714286,25.315068493150683,5.931840648477659,0.95,12.29,17,13,7.73,9.27
COS01,12_1014_ROSE-GOLD_40,1.4464285714285714,20.74074074074074,5.931840648477659,0.95,11.22,17,14,8.58,8.42
BHS01,12_1014_BROWN_40,2.6964285714285716,29.29801324503311,5.931840648477659,0.95,6.19,17,23,15.99,1.01
BES01,33_1161_ROSE-GOLD_41,1.1428571428571428,17.5,5.931840648477659,0.95,14.41,17,12,6.78,10.22
AHS01,18_1056_GREY_42,1.7678571428571428,23.191919191919194,5.931840648477659,0.95,9.5,17,16,10.49,6.51
HYS01,18_1056_BLACK_40,2.5,16.4,5.931840648477659,0.95,6.07,16,22,14.83,1.17
COS01,12_1014_ROSE-GOLD_39,2.6785714285714284,26.133333333333336,5.931840648477659,0.95,5.82,16,23,15.89,0.11
BES01,21_1077_BLUE-NAVY_40,1.3928571428571428,27.282051282051285,5.931840648477659,0.95,11.18,16,13,8.26,7.74
BES01,28_1126_TAN_40,1.8035714285714286,19.405940594059405,5.931840648477659,0.95,8.48,16,17,10.7,5.3
PUS01,12_1014_BROWN_40,3.4642857142857144,31.175257731958762,5.931840648477659,0.95,4.53,16,29,20.55,-4.55
BES01,28_1126_TAN_39,1.3035714285714286,25.315068493150683,5.931840648477659,0.95,12.11,16,13,7.73,8.27
PUS01,12_1014_ANTIC-GOLD_41,4.017857142857143,22.15111111111111,5.931840648477659,0.95,3.75,16,32,23.83,-7.83
HYS01,28_1126_TAN_40,3.232142857142857,25.679558011049725,5.931840648477659,0.95,4.89,16,27,19.17,-3.17
BES01,18_1056_ANTIC-GOLD_41,1.0535714285714286,25.627118644067796,5.931840648477659,0.95,14.95,16,11,6.25,9.75
BES01,28_1126_ROSE-GOLD_40,1.5178571428571428,19.105882352941176,5.931840648477659,0.95,9.93,16,14,9.0,7.0
INS01,12_1014_BROWN_39,1.4464285714285714,17.97530864197531,5.931840648477659,0.95,10.51,16,14,8.58,7.42
INS01,12_1014_ROSE-GOLD_41,2.107142857142857,18.508474576271187,5.931840648477659,0.95,7.09,15,19,12.5,2.5
BES01,13_1021_BROWN_39,1.3392857142857142,20.90666666666667,5.931840648477659,0.95,10.9,15,13,7.94,7.06
COS01,12_1014_ROSE-GOLD_41,2.017857142857143,23.787610619469028,5.931840648477659,0.95,7.38,15,18,11.97,3.03
KOS01,12_1014_ROSE-GOLD_38,1.4642857142857142,23.219512195121954,5.931840648477659,0.95,9.84,15,14,8.69,6.31
KOS01,14_1028_ROSE-GOLD_41,1.0178571428571428,26.526315789473685,5.931840648477659,0.95,14.15,15,11,6.04,8.96
KOS01,12_1014_ROSE-GOLD_42,1.6607142857142858,17.462365591397848,5.931840648477659,0.95,8.99,15,16,9.85,5.15
MUS01,25_1105_BLACK_40,0.8571428571428571,19.833333333333336,5.931840648477659,0.95,16.38,15,9,5.08,9.92
CHS01,14_1028_ROSE-GOLD_41,0.9821428571428571,20.363636363636363,5.931840648477659,0.95,14.66,15,10,5.83,9.17
MUS01,14_1028_NAVY_39,1.3571428571428572,19.157894736842103,5.931840648477659,0.95,10.39,15,13,8.05,6.95
MUS01,18_1056_ANTIC-GOLD_40,1.8214285714285714,20.313725490196077,5.931840648477659,0.95,7.77,15,17,10.8,4.2
AHS01,23_1091_BLUE-NAVY_39,0.9821428571428571,35.63636363636364,5.931840648477659,0.95,14.34,15,10,5.83,9.17
CHS01,28_1126_TAN_40,1.25,29.6,5.931840648477659,0.95,10.89,14,12,7.41,6.59
BES01,21_1077_BLUE-NAVY_41,1.6607142857142858,25.892473118279568,5.931840648477659,0.95,8.11,14,16,9.85,4.15
CHS01,18_1056_ANTIC-GOLD_39,1.4821428571428572,18.216867469879517,5.931840648477659,0.95,9.16,14,14,8.79,5.21
SUS01,12_1014_ROSE-GOLD_39,2.0714285714285716,22.206896551724135,5.931840648477659,0.95,6.52,14,19,12.29,1.71
SUS01,12_1014_ROSE-GOLD_40,1.5357142857142858,22.13953488372093,5.931840648477659,0.95,8.78,14,15,9.11,4.89
MUS01,29_1133_BROWN_40,2.267857142857143,24.692913385826774,5.931840648477659,0.95,5.79,14,20,13.45,0.55
MUS01,29_1133_BROWN_41,3.375,21.925925925925927,5.931840648477659,0.95,4.04,14,28,20.02,-6.02
HYS01,13_1021_BROWN_39,2.107142857142857,13.288135593220339,5.931840648477659,0.95,6.35,14,19,12.5,1.5
BES01,21_1077_BLUE-NAVY_39,1.0892857142857142,22.032786885245905,5.931840648477659,0.95,12.45,14,11,6.46,7.54
MUS01,22_1084_NAVY_42,0.7857142857142857,36.90909090909091,5.931840648477659,0.95,17.74,14,9,4.66,9.34
AHS01,18_1056_GREY_39,1.2678571428571428,18.140845070422536,5.931840648477659,0.95,10.39,14,13,7.52,6.48
MUS01,28_1126_TAN_39,3.25,17.846153846153847,5.931840648477659,0.95,4.24,14,27,19.28,-5.28
CHS01,18_1056_BLACK_41,1.8392857142857142,14.679611650485437,5.931840648477659,0.95,7.56,14,17,10.91,3.09
HYS01,12_1014_BROWN_38,3.5892857142857144,19.781094527363184,5.931840648477659,0.95,3.64,14,29,21.29,-7.29
AHS01,33_1161_BLUE-NAVY_40,1.2321428571428572,20.289855072463766,5.931840648477659,0.95,10.59,14,12,7.31,6.69
HYS01,18_1056_ANTIC-GOLD_39,1.7142857142857142,21.583333333333336,5.931840648477659,0.95,7.93,14,16,10.17,3.83
AHS01,33_1161_BLUE-NAVY_41,1.3928571428571428,19.384615384615387,5.931840648477659,0.95,9.72,14,13,8.26,5.74
BHS01,12_1014_BROWN_41,2.4642857142857144,19.478260869565215,5.931840648477659,0.95,5.43,14,21,14.62,-0.62
BHS01,12_1014_ANTIC-GOLD_39,1.1964285714285714,30.08955223880597,5.931840648477659,0.95,11.27,14,12,7.1,6.9
SUS01,12_1014_ROSE-GOLD_42,2.107142857142857,20.881355932203387,5.931840648477659,0.95,6.24,14,19,12.5,1.5
BES01,33_1161_ROSE-GOLD_40,1.0,22.0,5.931840648477659,0.95,13.62,14,10,5.93,8.07
AHS01,28_1126_TAN_39,1.625,24.0,5.931840648477659,0.95,8.51,14,15,9.64,4.36
INS01,18_1056_BLACK_41,1.125,32.0,5.931840648477659,0.95,11.27,13,11,6.67,6.33
BES01,14_1028_ROSE-GOLD_43,1.1607142857142858,21.538461538461537,5.931840648477659,0.95,10.57,13,12,6.89,6.11
BHS01,17_1049_MAROON_41,1.6607142857142858,15.655913978494622,5.931840648477659,0.95,7.39,13,16,9.85,3.15
AHS01,18_1056_GREY_41,1.2142857142857142,14.823529411764707,5.931840648477659,0.95,10.2,13,12,7.2,5.8
BES01,16_1042_ANTIC-GOLD_42,1.4464285714285714,23.506172839506174,5.931840648477659,0.95,8.73,13,14,8.58,4.42
CHS01,26_1112_WHITE_41,2.5892857142857144,17.379310344827584,5.931840648477659,0.95,4.76,13,22,15.36,-2.36
HYS01,12_1014_BROWN_41,2.0,21.5,5.931840648477659,0.95,6.04,13,18,11.86,1.14
PUS01,18_1056_ANTIC-GOLD_42,1.3035714285714286,19.945205479452053,5.931840648477659,0.95,9.21,13,13,7.73,5.27
BHS01,12_1014_ROSE-GOLD_41,1.7857142857142858,25.759999999999998,5.931840648477659,0.95,6.84,13,16,10.59,2.41
BES01,33_1161_BLUE-NAVY_40,1.4642857142857142,22.53658536585366,5.931840648477659,0.95,8.59,13,14,8.69,4.31
COS01,12_1014_ANTIC-GOLD_41,2.6964285714285716,22.62251655629139,5.931840648477659,0.95,4.47,13,23,15.99,-2.99
BES01,27_1119_ANTIC-GOLD_38,1.4107142857142858,20.556962025316455,5.931840648477659,0.95,9.08,13,14,8.37,4.63
HYS01,18_1056_ANTIC-GOLD_40,2.1607142857142856,21.289256198347108,5.931840648477659,0.95,5.65,13,19,12.82,0.18
BES01,31_1147_ANTIC-GOLD_40,0.8928571428571429,24.639999999999997,5.931840648477659,0.95,13.75,13,10,5.3,7.7
BES01,33_1161_BLUE-NAVY_42,0.8571428571428571,16.333333333333336,5.931840648477659,0.95,14.8,13,9,5.08,7.92
HYS01,18_1056_ANTIC-GOLD_41,2.375,20.210526315789473,5.931840648477659,0.95,5.17,13,21,14.09,-1.09
BES01,29_1133_BROWN_39,1.5535714285714286,21.241379310344826,5.931840648477659,0.95,8.19,13,15,9.22,3.78
SUS01,12_1014_ROSE-GOLD_41,2.2142857142857144,26.193548387096772,5.931840648477659,0.95,5.54,13,20,13.13,-0.13
HYS01,28_1126_TAN_41,2.9285714285714284,26.29268292682927,5.931840648477659,0.95,4.15,13,25,17.37,-4.37
INS01,29_1133_BROWN_40,2.0,20.0,5.931840648477659,0.95,6.33,13,18,11.86,1.14
BHS01,12_1014_ROSE-GOLD_39,1.5892857142857142,22.65168539325843,5.931840648477659,0.95,7.93,13,15,9.43,3.57
MAS01,12_1014_ROSE-GOLD_40,1.4821428571428572,22.265060240963855,5.931840648477659,0.95,8.55,13,14,8.79,4.21
AHS01,28_1126_TAN_41,1.1607142857142858,19.815384615384612,5.931840648477659,0.95,10.78,13,12,6.89,6.11
BHS01,29_1133_BROWN_40,1.4107142857142858,24.81012658227848,5.931840648477659,0.95,8.02,12,14,8.37,3.63
AHS01,31_1147_ANTIC-GOLD_40,2.0,20.0,5.931840648477659,0.95,5.87,12,18,11.86,0.14
CHS01,14_1028_NAVY_40,2.5,14.4,5.931840648477659,0.95,4.68,12,22,14.83,-2.83
AHS01,28_1126_TAN_42,1.1785714285714286,20.363636363636363,5.931840648477659,0.95,9.36,12,12,6.99,5.01
PUS01,12_1014_BROWN_39,2.3392857142857144,27.78625954198473,5.931840648477659,0.95,4.9,12,21,13.88,-1.88
HYS01,31_1147_ANTIC-GOLD_41,3.0535714285714284,22.923976608187136,5.931840648477659,0.95,3.81,12,26,18.11,-6.11
AHS01,25_1105_MAROON_41,0.9642857142857143,15.555555555555555,5.931840648477659,0.95,11.94,12,10,5.72,6.28
BES01,12_1014_BROWN_38,2.9464285714285716,30.206060606060603,5.931840648477659,0.95,4.04,12,25,17.48,-5.48
COS01,12_1014_ROSE-GOLD_42,1.4107142857142858,20.556962025316455,5.931840648477659,0.95,8.42,12,14,8.37,3.63
BES01,33_1161_BLUE-NAVY_41,1.2678571428571428,18.929577464788732,5.931840648477659,0.95,9.18,12,13,7.52,4.48
HYS01,21_1077_MAROON_38,0.7678571428571429,19.53488372093023,5.931840648477659,0.95,14.42,12,9,4.55,7.45
MUS01,18_1056_BLACK_39,2.125,17.41176470588235,5.931840648477659,0.95,5.22,12,19,12.61,-0.61
AHS01,29_1133_BROWN_39,1.125,16.88888888888889,5.931840648477659,0.95,9.85,12,11,6.67,5.33
PUS01,17_1049_BROWN_40,1.0714285714285714,17.733333333333334,5.931840648477659,0.95,11.0,12,11,6.36,5.64
KOS01,17_1049_BROWN_39,0.9107142857142857,24.15686274509804,5.931840648477659,0.95,12.35,12,10,5.4,6.6
AHS01,18_1056_ANTIC-GOLD_41,2.4464285714285716,27.38686131386861,5.931840648477659,0.95,4.61,12,21,14.51,-2.51
BES01,13_1021_BROWN_41,1.4107142857142858,23.392405063291136,5.931840648477659,0.95,8.2,12,14,8.37,3.63
CHS01,26_1112_WHITE_39,3.0,22.333333333333332,5.931840648477659,0.95,3.84,12,25,17.8,-5.8
BES01,17_1049_BLACK_39,0.875,21.714285714285715,5.931840648477659,0.95,13.2,12,9,5.19,6.81
BES01,19_1063_MAROON_42,1.0,15.0,5.931840648477659,0.95,11.08,12,10,5.93,6.07
PUS01,28_1126_ROSE-GOLD_41,3.017857142857143,24.5207100591716,5.931840648477659,0.95,3.95,12,25,17.9,-5.9
KOS01,27_1119_ANTIC-GOLD_41,1.875,19.2,5.931840648477659,0.95,6.06,12,17,11.12,0.88
KOS01,28_1126_ROSE-GOLD_40,0.7857142857142857,19.09090909090909,5.931840648477659,0.95,14.68,12,9,4.66,7.34
BES01,31_1147_MAROON_40,1.0,17.0,5.931840648477659,0.95,10.53,11,10,5.93,5.07
HYS01,12_1014_BROWN_42,3.3214285714285716,21.978494623655912,5.931840648477659,0.95,3.19,11,28,19.7,-8.7
PUS01,17_1049_BLACK_37,0.4642857142857143,21.538461538461537,5.931840648477659,0.95,22.7,11,6,2.75,8.25
BES01,28_1126_ROSE-GOLD_39,1.5535714285714286,23.816091954022987,5.931840648477659,0.95,7.06,11,15,9.22,1.78
CHS01,25_1105_BROWN_40,2.357142857142857,19.09090909090909,5.931840648477659,0.95,4.53,11,21,13.98,-2.98
PUS01,28_1126_TAN_40,1.3928571428571428,22.25641025641026,5.931840648477659,0.95,7.88,11,13,8.26,2.74
PUS01,10_1000_ROSE-GOLD_40,1.8035714285714286,18.85148514851485,5.931840648477659,0.95,5.94,11,17,10.7,0.3
HYS01,25_1105_BLACK_40,2.017857142857143,15.36283185840708,5.931840648477659,0.95,5.06,11,18,11.97,-0.97
MAS01,12_1014_ANTIC-GOLD_39,0.875,32.0,5.931840648477659,0.95,11.56,11,9,5.19,5.81
AHS01,27_1119_WHITE_42,1.1607142857142858,24.98461538461538,5.931840648477659,0.95,9.04,11,12,6.89,4.11
BES01,31_1147_MAROON_41,0.9821428571428571,24.436363636363637,5.931840648477659,0.95,10.66,11,10,5.83,5.17
KOS01,14_1028_ROSE-GOLD_39,1.5714285714285714,17.81818181818182,5.931840648477659,0.95,6.69,11,15,9.32,1.68
AHS01,25_1105_BLACK_41,1.2857142857142858,26.444444444444443,5.931840648477659,0.95,8.46,11,13,7.63,3.37
PUS01,18_1056_ANTIC-GOLD_39,1.5,26.666666666666668,5.931840648477659,0.95,6.79,11,14,8.9,2.1
CHS01,28_1126_BLUE-NAVY_41,1.9821428571428572,13.621621621621621,5.931840648477659,0.95,5.26,11,18,11.76,-0.76
AHS01,13_1021_BROWN_41,2.3035714285714284,21.70542635658915,5.931840648477659,0.95,4.66,11,20,13.66,-2.66
AHS01,13_1021_BROWN_38,1.0,18.0,5.931840648477659,0.95,10.3,11,10,5.93,5.07
HYS01,26_1112_WHITE_39,2.9285714285714284,23.5609756097561,5.931840648477659,0.95,3.7,11,25,17.37,-6.37
AHS01,16_1042_ANTIC-GOLD_40,1.4821428571428572,28.33734939759036,5.931840648477659,0.95,7.15,11,14,8.79,2.21
PUS01,25_1105_BLACK_39,2.0535714285714284,16.069565217391307,5.931840648477659,0.95,5.06,11,18,12.18,-1.18
BHS01,12_1014_ANTIC-GOLD_41,1.6964285714285714,15.91578947368421,5.931840648477659,0.95,6.0,11,16,10.06,0.94
MAS01,12_1014_BROWN_41,1.6428571428571428,17.65217391304348,5.931840648477659,0.95,6.13,11,15,9.75,1.25
BES01,23_1091_BROWN_42,0.8214285714285714,18.26086956521739,5.931840648477659,0.95,13.3,11,9,4.87,6.13
AHS01,22_1084_NAVY_41,1.3214285714285714,31.027027027027028,5.931840648477659,0.95,7.64,11,13,7.84,3.16
AHS01,17_1049_MAROON_42,1.6071428571428572,20.53333333333333,5.931840648477659,0.95,6.36,11,15,9.53,1.47
PUS01,14_1028_ROSE-GOLD_40,2.017857142857143,17.84070796460177,5.931840648477659,0.95,5.38,11,18,11.97,-0.97
CHS01,28_1126_TAN_42,2.107142857142857,14.711864406779661,5.931840648477659,0.95,5.01,11,19,12.5,-1.5
MAS01,28_1126_TAN_40,1.1964285714285714,17.55223880597015,5.931840648477659,0.95,8.56,11,12,7.1,3.9
BES01,17_1049_BROWN_42,1.5357142857142858,18.232558139534884,5.931840648477659,0.95,6.77,11,15,9.11,1.89
BES01,23_1091_BLACK_41,1.0178571428571428,30.456140350877195,5.931840648477659,0.95,9.96,11,11,6.04,4.96
COS01,12_1014_ANTIC-GOLD_40,1.8392857142857142,25.009708737864077,5.931840648477659,0.95,5.86,11,17,10.91,0.09
AHS01,25_1105_BROWN_40,1.375,25.454545454545453,5.931840648477659,0.95,7.42,11,13,8.16,2.84
KOS01,29_1133_BROWN_41,1.125,21.333333333333332,5.931840648477659,0.95,8.09,10,11,6.67,3.33
INS01,12_1014_BROWN_41,1.9285714285714286,25.925925925925924,5.931840648477659,0.95,4.68,10,18,11.44,-1.44
INS01,12_1014_BROWN_42,1.0357142857142858,28.965517241379306,5.931840648477659,0.95,9.01,10,11,6.14,3.86
PUS01,27_1119_WHITE_40,2.25,22.666666666666668,5.931840648477659,0.95,4.17,10,20,13.35,-3.35
BES01,18_1056_ANTIC-GOLD_43,0.6428571428571429,21.777777777777775,5.931840648477659,0.95,15.44,10,8,3.81,6.19
BES01,13_1021_WHITE_38,0.7857142857142857,20.363636363636363,5.931840648477659,0.95,12.45,10,9,4.66,5.34
PUS01,10_1000_BROWN_39,0.5892857142857143,23.757575757575758,5.931840648477659,0.95,15.9,10,7,3.5,6.5
KOS01,29_1133_BROWN_42,1.2857142857142858,14.777777777777777,5.931840648477659,0.95,7.08,10,13,7.63,2.37
BHS01,16_1042_TAN_40,1.3928571428571428,17.94871794871795,5.931840648477659,0.95,7.15,10,13,8.26,1.74
AHS01,10_1000_WHITE_42,1.0892857142857142,20.19672131147541,5.931840648477659,0.95,8.82,10,11,6.46,3.54
CHS01,18_1056_GREY_41,1.8928571428571428,16.37735849056604,5.931840648477659,0.95,4.96,10,17,11.23,-1.23
MAS01,12_1014_ROSE-GOLD_39,1.4285714285714286,23.099999999999998,5.931840648477659,0.95,6.72,10,14,8.47,1.53
PUS01,22_1084_NAVY_42,0.5892857142857143,18.666666666666668,5.931840648477659,0.95,16.35,10,7,3.5,6.5
AHS01,14_1028_NAVY_42,1.2142857142857142,24.705882352941178,5.931840648477659,0.95,7.5,10,12,7.2,2.8
AHS01,14_1028_ROSE-GOLD_38,0.8571428571428571,18.666666666666668,5.931840648477659,0.95,10.54,10,9,5.08,4.92
AHS01,14_1028_NAVY_40,1.2142857142857142,23.88235294117647,5.931840648477659,0.95,8.01,10,12,7.2,2.8
PUS01,18_1056_ANTIC-GOLD_40,1.2857142857142858,25.666666666666664,5.931840648477659,0.95,7.28,10,13,7.63,2.37
AHS01,31_1147_ANTIC-GOLD_39,0.7321428571428571,17.75609756097561,5.931840648477659,0.95,12.48,10,8,4.34,5.66
PUS01,12_1014_BROWN_42,3.375,24.59259259259259,5.931840648477659,0.95,2.75,10,28,20.02,-10.02
BES01,33_1161_ROSE-GOLD_39,0.875,29.714285714285715,5.931840648477659,0.95,10.72,10,9,5.19,4.81
BES01,16_1042_TAN_38,0.5178571428571429,15.448275862068964,5.931840648477659,0.95,19.23,10,6,3.07,6.93
BES01,13_1021_WHITE_39,0.9642857142857143,30.074074074074073,5.931840648477659,0.95,9.38,10,10,5.72,4.28
CHS01,28_1126_ROSE-GOLD_41,1.6428571428571428,18.869565217391305,5.931840648477659,0.95,5.7,10,15,9.75,0.25
CHS01,17_1049_MAROON_41,1.5714285714285714,17.181818181818183,5.931840648477659,0.95,5.94,10,15,9.32,0.68
INS01,12_1014_ROSE-GOLD_39,1.4107142857142858,24.81012658227848,5.931840648477659,0.95,6.64,10,14,8.37,1.63
BES01,17_1049_BLACK_41,0.8571428571428571,30.333333333333336,5.931840648477659,0.95,11.44,10,9,5.08,4.92
CHS01,28_1126_TAN_41,1.4642857142857142,21.853658536585368,5.931840648477659,0.95,6.43,10,14,8.69,1.31
PUS01,27_1119_WHITE_42,1.9464285714285714,15.926605504587156,5.931840648477659,0.95,5.06,10,18,11.55,-1.55
BES01,17_1049_BROWN_39,1.0,34.0,5.931840648477659,0.95,9.06,10,10,5.93,4.07
BES01,12_1014_BROWN_42,2.607142857142857,28.767123287671232,5.931840648477659,0.95,3.81,10,22,15.47,-5.47
KOS01,28_1126_ROSE-GOLD_39,0.6785714285714286,26.52631578947368,5.931840648477659,0.95,13.89,10,8,4.03,5.97
PUS01,25_1105_BLACK_40,1.2678571428571428,19.71830985915493,5.931840648477659,0.95,7.2,10,13,7.52,2.48
BHS01,27_1119_ANTIC-GOLD_42,1.6607142857142858,19.268817204301076,5.931840648477659,0.95,5.9,10,16,9.85,0.15
MUS01,29_1133_BROWN_38,0.8571428571428571,29.166666666666668,5.931840648477659,0.95,10.91,10,9,5.08,4.92
CHS01,18_1056_GREY_38,2.3035714285714284,22.573643410852714,5.931840648477659,0.95,3.94,10,20,13.66,-3.66
BES01,16_1042_TAN_40,0.8035714285714286,21.155555555555555,5.931840648477659,0.95,11.46,10,9,4.77,5.23
CHS01,23_1091_BROWN_40,2.1785714285714284,16.065573770491806,5.931840648477659,0.95,4.51,10,19,12.92,-2.92
MUS01,16_1042_TAN_40,1.9107142857142858,18.8411214953271,5.931840648477659,0.95,5.14,10,17,11.33,-1.33
MUS01,18_1056_BLACK_37,0.6071428571428571,28.000000000000004,5.931840648477659,0.95,15.35,10,7,3.6,6.4
PUS01,31_1147_ANTIC-GOLD_40,1.9642857142857142,20.363636363636363,5.931840648477659,0.95,4.99,10,18,11.65,-1.65
BES01,11_1007_TAN_39,0.7142857142857143,18.2,5.931840648477659,0.95,13.04,10,8,4.24,5.76
HYS01,31_1147_ANTIC-GOLD_42,1.9285714285714286,16.59259259259259,5.931840648477659,0.95,4.7,10,18,11.44,-1.44
BES01,29_1133_BROWN_41,1.25,25.6,5.931840648477659,0.95,7.55,10,12,7.41,2.59
CHS01,12_1014_ANTIC-GOLD_41,3.232142857142857,33.414364640883974,5.931840648477659,0.95,2.99,10,27,19.17,-9.17
MUS01,18_1056_ANTIC-GOLD_39,1.6428571428571428,31.65217391304348,5.931840648477659,0.95,5.91,10,15,9.75,0.25
AHS01,27_1119_WHITE_39,1.2142857142857142,22.23529411764706,5.931840648477659,0.95,7.5,10,12,7.2,2.8
AHS01,27_1119_ANTIC-GOLD_39,1.4107142857142858,29.772151898734176,5.931840648477659,0.95,6.91,10,14,8.37,1.63
BHS01,12_1014_BROWN_39,1.5357142857142858,26.046511627906977,5.931840648477659,0.95,6.07,10,15,9.11,0.89
AHS01,31_1147_WHITE_42,1.3035714285714286,19.17808219178082,5.931840648477659,0.95,7.53,10,13,7.73,2.27
AHS01,12_1014_ROSE-GOLD_44,1.0178571428571428,20.63157894736842,5.931840648477659,0.95,8.84,9,11,6.04,2.96
PUS01,22_1084_NAVY_41,1.8571428571428572,18.307692307692307,5.931840648477659,0.95,4.69,9,17,11.02,-2.02
BHS01,33_1161_ROSE-GOLD_41,1.8392857142857142,20.660194174757283,5.931840648477659,0.95,4.87,9,17,10.91,-1.91
BHS01,28_1126_ROSE-GOLD_42,1.1071428571428572,13.548387096774192,5.931840648477659,0.95,7.38,9,11,6.57,2.43
BHS01,27_1119_WHITE_39,1.3214285714285714,19.675675675675677,5.931840648477659,0.95,6.31,9,13,7.84,1.16
CHS01,22_1084_NAVY_41,1.6071428571428572,18.666666666666664,5.931840648477659,0.95,5.05,9,15,9.53,-0.53
CHS01,22_1084_NAVY_40,1.4285714285714286,13.299999999999999,5.931840648477659,0.95,5.69,9,14,8.47,0.53
CHS01,14_1028_ROSE-GOLD_42,1.7321428571428572,20.783505154639176,5.931840648477659,0.95,4.71,9,16,10.27,-1.27
CHS01,14_1028_ROSE-GOLD_40,2.0,27.0,5.931840648477659,0.95,4.24,9,18,11.86,-2.86
BHS01,12_1014_ANTIC-GOLD_40,1.6964285714285714,28.294736842105262,5.931840648477659,0.95,5.22,9,16,10.06,-1.06
CHS01,12_1014_ROSE-GOLD_43,1.8035714285714286,21.06930693069307,5.931840648477659,0.95,4.46,9,17,10.7,-1.7
BHS01,12_1014_BROWN_43,1.5357142857142858,20.186046511627907,5.931840648477659,0.95,5.43,9,15,9.11,-0.11
BHS01,12_1014_ROSE-GOLD_38,1.0714285714285714,14.0,5.931840648477659,0.95,7.91,9,11,6.36,2.64
AHS01,12_1014_ROSE-GOLD_43,2.767857142857143,29.26451612903226,5.931840648477659,0.95,3.0,9,24,16.42,-7.42
AHS01,12_1014_ROSE-GOLD_38,1.5,19.333333333333332,5.931840648477659,0.95,5.45,9,14,8.9,0.1
MUS01,27_1119_WHITE_41,2.125,19.764705882352942,5.931840648477659,0.95,4.04,9,19,12.61,-3.61
AHS01,14_1028_WHITE_40,1.3571428571428572,18.421052631578945,5.931840648477659,0.95,6.12,9,13,8.05,0.95
HYS01,26_1112_WHITE_41,1.75,18.857142857142858,5.931840648477659,0.95,4.9,9,16,10.38,-1.38
PUS01,23_1091_BROWN_42,1.4642857142857142,17.75609756097561,5.931840648477659,0.95,6.14,9,14,8.69,0.31
PUS01,18_1056_GREY_41,1.4642857142857142,20.48780487804878,5.931840648477659,0.95,5.87,9,14,8.69,0.31
BES01,28_1126_TAN_41,1.5892857142857142,20.764044943820227,5.931840648477659,0.95,5.6,9,15,9.43,-0.43
AHS01,33_1161_BLUE-NAVY_39,1.2857142857142858,24.11111111111111,5.931840648477659,0.95,6.82,9,13,7.63,1.37
BES01,12_1014_BROWN_37,0.7321428571428571,21.853658536585368,5.931840648477659,0.95,11.74,9,8,4.34,4.66
BHS01,12_1014_BROWN_38,1.8214285714285714,23.607843137254903,5.931840648477659,0.95,4.41,9,17,10.8,-1.8
PUS01,31_1147_ANTIC-GOLD_39,1.4464285714285714,24.88888888888889,5.931840648477659,0.95,6.14,9,14,8.58,0.42
BES01,28_1126_TAN_42,0.7857142857142857,28.0,5.931840648477659,0.95,10.49,9,9,4.66,4.34
SUS01,12_1014_ANTIC-GOLD_41,2.75,27.636363636363637,5.931840648477659,0.95,3.09,9,23,16.31,-7.31
BHS01,12_1014_ROSE-GOLD_42,0.7678571428571429,19.53488372093023,5.931840648477659,0.95,11.46,9,9,4.55,4.45
AHS01,28_1126_TAN_43,0.9107142857142857,23.058823529411764,5.931840648477659,0.95,9.4,9,10,5.4,3.6
KOS01,16_1042_ANTIC-GOLD_40,0.6964285714285714,22.974358974358974,5.931840648477659,0.95,11.53,9,8,4.13,4.87
KOS01,33_1161_BLUE-NAVY_38,0.6428571428571429,26.444444444444443,5.931840648477659,0.95,12.93,9,8,3.81,5.19
MUS01,16_1042_BLUE-NAVY_40,2.392857142857143,21.313432835820898,5.931840648477659,0.95,3.6,9,21,14.19,-5.19
BES01,12_1014_ROSE-GOLD_43,1.2321428571428572,30.840579710144926,5.931840648477659,0.95,7.03,9,12,7.31,1.69
PUS01,10_1000_BROWN_42,0.7678571428571429,27.348837209302324,5.931840648477659,0.95,10.77,9,9,4.55,4.45
COS01,17_1049_BROWN_40,1.9285714285714286,16.074074074074073,5.931840648477659,0.95,4.65,9,18,11.44,-2.44
MUS01,18_1056_ANTIC-GOLD_42,1.0714285714285714,14.0,5.931840648477659,0.95,7.88,9,11,6.36,2.64
BES01,31_1147_ANTIC-GOLD_38,0.7321428571428571,23.219512195121954,5.931840648477659,0.95,11.9,9,8,4.34,4.66
BHS01,18_1056_BLACK_41,1.0892857142857142,22.032786885245905,5.931840648477659,0.95,7.86,9,11,6.46,2.54
HYS01,19_1063_MAROON_41,1.7857142857142858,16.24,5.931840648477659,0.95,4.62,9,16,10.59,-1.59
MUS01,18_1056_BLACK_41,1.75,25.142857142857142,5.931840648477659,0.95,5.07,9,16,10.38,-1.38
HYS01,18_1056_ANTIC-GOLD_38,1.4107142857142858,17.0126582278481,5.931840648477659,0.95,6.22,9,14,8.37,0.63
HYS01,17_1049_MAROON_41,1.6428571428571428,21.304347826086957,5.931840648477659,0.95,5.07,9,15,9.75,-0.75
CHS01,16_1042_TAN_40,1.875,24.533333333333335,5.931840648477659,0.95,4.51,9,17,11.12,-2.12
BES01,28_1126_ROSE-GOLD_42,1.3035714285714286,28.383561643835616,5.931840648477659,0.95,6.65,9,13,7.73,1.27
AHS01,25_1105_MAROON_40,1.0714285714285714,28.933333333333334,5.931840648477659,0.95,7.75,9,11,6.36,2.64
MUS01,33_1161_BLUE-NAVY_41,1.1071428571428572,22.58064516129032,5.931840648477659,0.95,8.13,9,11,6.57,2.43
MUS01,29_1133_BROWN_42,2.517857142857143,28.19858156028369,5.931840648477659,0.95,3.39,9,22,14.94,-5.94
MUS01,14_1028_WHITE_40,2.392857142857143,20.895522388059703,5.931840648477659,0.95,3.56,9,21,14.19,-5.19
BES01,26_1112_WHITE_39,2.017857142857143,20.8141592920354,5.931840648477659,0.95,4.38,9,18,11.97,-2.97
BES01,14_1028_ROSE-GOLD_39,0.5892857142857143,35.63636363636363,5.931840648477659,0.95,14.96,9,7,3.5,5.5
AHS01,18_1056_GREY_40,1.8035714285714286,18.297029702970296,5.931840648477659,0.95,4.68,9,17,10.7,-1.7
KOS01,18_1056_GREY_38,0.8035714285714286,24.88888888888889,5.931840648477659,0.95,11.19,9,9,4.77,4.23
INS01,12_1014_BROWN_38,1.4642857142857142,10.24390243902439,5.931840648477659,0.95,6.04,9,14,8.69,0.31
BES01,16_1042_TAN_39,1.375,23.272727272727273,5.931840648477659,0.95,6.36,9,13,8.16,0.84
PUS01,25_1105_BLACK_43,0.42857142857142855,23.333333333333336,5.931840648477659,0.95,18.77,9,6,2.54,6.46
HYS01,13_1021_BROWN_41,1.5178571428571428,19.105882352941176,5.931840648477659,0.95,5.89,9,14,9.0,0.0
HYS01,12_1014_BROWN_43,2.1607142857142856,23.60330578512397,5.931840648477659,0.95,3.73,9,19,12.82,-3.82
BES01,18_1056_BLACK_40,1.3928571428571428,21.53846153846154,5.931840648477659,0.95,5.77,9,13,8.26,0.74
BES01,13_1021_WHITE_40,1.0,24.0,5.931840648477659,0.95,8.51,9,10,5.93,3.07
CHS01,18_1056_BLACK_40,1.3035714285714286,19.945205479452053,5.931840648477659,0.95,6.19,9,13,7.73,1.27
BES01,12_1014_ROSE-GOLD_37,0.8571428571428571,29.166666666666668,5.931840648477659,0.95,9.76,9,9,5.08,3.92
AHS01,17_1049_BLACK_38,1.0535714285714286,21.83050847457627,5.931840648477659,0.95,8.27,9,11,6.25,2.75
AHS01,16_1042_TAN_40,0.7321428571428571,25.951219512195124,5.931840648477659,0.95,11.47,9,8,4.34,4.66
KOS01,18_1056_GREY_40,1.3035714285714286,16.10958904109589,5.931840648477659,0.95,6.26,9,13,7.73,1.27
KOS01,29_1133_BROWN_38,0.48214285714285715,18.666666666666668,5.931840648477659,0.95,17.57,9,6,2.86,6.14
MAS01,29_1133_BROWN_40,0.9642857142857143,15.555555555555555,5.931840648477659,0.95,8.72,9,10,5.72,3.28
AHS01,17_1049_BLACK_39,0.9107142857142857,21.96078431372549,5.931840648477659,0.95,9.32,9,10,5.4,3.6
KOS01,23_1091_BROWN_40,0.6964285714285714,21.53846153846154,5.931840648477659,0.95,11.52,9,8,4.13,4.87
BES01,18_1056_ANTIC-GOLD_40,1.75,26.857142857142858,5.931840648477659,0.95,5.05,9,16,10.38,-1.38
CHS01,17_1049_MAROON_39,1.625,17.846153846153847,5.931840648477659,0.95,4.91,8,15,9.64,-1.64
PUS01,12_1014_BROWN_38,2.2857142857142856,23.1875,5.931840648477659,0.95,3.33,8,20,13.56,-5.56
BES01,18_1056_ANTIC-GOLD_39,1.2142857142857142,36.235294117647065,5.931840648477659,0.95,6.15,8,12,7.2,0.8
CHS01,27_1119_WHITE_41,1.6785714285714286,20.851063829787233,5.931840648477659,0.95,4.33,8,16,9.96,-1.96
CHS01,27_1119_WHITE_40,1.625,22.76923076923077,5.931840648477659,0.95,4.73,8,15,9.64,-1.64
AHS01,14_1028_NAVY_41,0.8214285714285714,21.91304347826087,5.931840648477659,0.95,9.19,8,9,4.87,3.13
KOS01,25_1105_MAROON_42,1.8928571428571428,16.37735849056604,5.931840648477659,0.95,4.07,8,17,11.23,-3.23
MUS01,28_1126_TAN_38,0.875,27.428571428571427,5.931840648477659,0.95,8.71,8,9,5.19,2.81
MUS01,27_1119_WHITE_40,1.7321428571428572,23.670103092783503,5.931840648477659,0.95,4.3,8,16,10.27,-2.27
BHS01,28_1126_BLUE-NAVY_40,1.6071428571428572,23.644444444444442,5.931840648477659,0.95,4.58,8,15,9.53,-1.53
BHS01,27_1119_WHITE_41,1.4821428571428572,20.91566265060241,5.931840648477659,0.95,5.34,8,14,8.79,-0.79
CHS01,18_1056_GREY_39,1.9285714285714286,24.88888888888889,5.931840648477659,0.95,3.71,8,18,11.44,-3.44
BES01,16_1042_ANTIC-GOLD_39,0.6428571428571429,23.333333333333332,5.931840648477659,0.95,10.97,8,8,3.81,4.19
PUS01,24_1098_WHITE_43,0.35714285714285715,28.0,5.931840648477659,0.95,21.59,8,5,2.12,5.88
MUS01,25_1105_MAROON_41,0.9285714285714286,9.692307692307692,5.931840648477659,0.95,7.85,8,10,5.51,2.49
KOS01,27_1119_ANTIC-GOLD_42,1.4464285714285714,20.74074074074074,5.931840648477659,0.95,5.24,8,14,8.58,-0.58
AHS01,14_1028_ROSE-GOLD_39,1.1428571428571428,26.25,5.931840648477659,0.95,6.77,8,12,6.78,1.22
COS01,31_1147_ANTIC-GOLD_40,1.0178571428571428,13.75438596491228,5.931840648477659,0.95,7.45,8,11,6.04,1.96
MUS01,27_1119_WHITE_39,1.8392857142857142,22.29126213592233,5.931840648477659,0.95,4.24,8,17,10.91,-2.91
BHS01,27_1119_ANTIC-GOLD_39,1.1607142857142858,19.815384615384612,5.931840648477659,0.95,6.55,8,12,6.89,1.11
AHS01,16_1042_TAN_41,1.0,36.0,5.931840648477659,0.95,7.42,8,10,5.93,2.07
PUS01,25_1105_BROWN_40,1.3392857142857142,16.42666666666667,5.931840648477659,0.95,5.48,8,13,7.94,0.06
HYS01,13_1021_BROWN_38,1.2857142857142858,14.777777777777777,5.931840648477659,0.95,5.46,8,13,7.63,0.37
PUS01,15_1035_GREY_38,0.2857142857142857,17.5,5.931840648477659,0.95,24.92,8,4,1.69,6.31
PUS01,14_1028_ROSE-GOLD_42,1.6785714285714286,21.4468085106383,5.931840648477659,0.95,4.42,8,16,9.96,-1.96
INS01,13_1021_BROWN_39,0.5178571428571429,21.241379310344826,5.931840648477659,0.95,14.22,8,6,3.07,4.93
INS01,12_1014_ROSE-GOLD_42,1.0892857142857142,23.868852459016395,5.931840648477659,0.95,6.76,8,11,6.46,1.54
CHS01,18_1056_ANTIC-GOLD_40,1.4642857142857142,27.31707317073171,5.931840648477659,0.95,5.22,8,14,8.69,-0.69
CHS01,17_1049_MAROON_42,1.1964285714285714,13.373134328358208,5.931840648477659,0.95,6.1,8,12,7.1,0.9
MUS01,13_1021_BROWN_41,1.25,17.6,5.931840648477659,0.95,6.25,8,12,7.41,0.59
BES01,19_1063_MAROON_41,0.6607142857142857,33.2972972972973,5.931840648477659,0.95,11.03,8,8,3.92,4.08
AHS01,19_1063_MAROON_41,2.0535714285714284,19.96521739130435,5.931840648477659,0.95,3.65,8,18,12.18,-4.18
HYS01,11_1007_TAN_40,1.7857142857142858,15.12,5.931840648477659,0.95,4.37,8,16,10.59,-2.59
CHS01,12_1014_ROSE-GOLD_38,1.2321428571428572,15.420289855072463,5.931840648477659,0.95,6.03,8,12,7.31,0.69
COS01,18_1056_ANTIC-GOLD_40,1.125,17.77777777777778,5.931840648477659,0.95,6.92,8,11,6.67,1.33
HYS01,14_1028_WHITE_41,1.625,20.307692307692307,5.931840648477659,0.95,4.39,8,15,9.64,-1.64
MUS01,22_1084_NAVY_40,2.107142857142857,19.457627118644066,5.931840648477659,0.95,3.77,8,19,12.5,-4.5
SUS01,25_1105_MAROON_39,0.7678571428571429,19.53488372093023,5.931840648477659,0.95,9.98,8,9,4.55,3.45
PUS01,14_1028_ROSE-GOLD_39,1.3392857142857142,19.413333333333334,5.931840648477659,0.95,5.86,8,13,7.94,0.06
BES01,12_1014_BROWN_43,1.1428571428571428,38.5,5.931840648477659,0.95,6.85,8,12,6.78,1.22
BES01,23_1091_BLACK_40,1.2857142857142858,25.666666666666664,5.931840648477659,0.95,5.63,8,13,7.63,0.37
PUS01,17_1049_BLACK_39,0.7142857142857143,21.0,5.931840648477659,0.95,10.38,8,8,4.24,3.76
COS01,18_1056_BLACK_41,1.1964285714285714,24.238805970149254,5.931840648477659,0.95,6.49,8,12,7.1,0.9
PUS01,28_1126_TAN_44,0.30357142857142855,16.47058823529412,5.931840648477659,0.95,23.67,8,5,1.8,6.2
PUS01,28_1126_TAN_41,1.3392857142857142,19.413333333333334,5.931840648477659,0.95,5.84,8,13,7.94,0.06
HYS01,18_1056_BLACK_41,1.5178571428571428,28.988235294117647,5.931840648477659,0.95,5.01,8,14,9.0,-1.0
HYS01,18_1056_BLACK_39,1.6071428571428572,22.4,5.931840648477659,0.95,4.92,8,15,9.53,-1.53
PUS01,28_1126_ROSE-GOLD_40,1.7678571428571428,18.666666666666668,5.931840648477659,0.95,4.37,8,16,10.49,-2.49
BHS01,18_1056_GREY_40,1.3035714285714286,18.410958904109588,5.931840648477659,0.95,5.45,8,13,7.73,0.27
KOS01,33_1161_BLUE-NAVY_40,1.2142857142857142,19.764705882352942,5.931840648477659,0.95,5.83,8,12,7.2,0.8
KOS01,16_1042_ANTIC-GOLD_41,1.1071428571428572,19.870967741935484,5.931840648477659,0.95,7.12,8,11,6.57,1.43
PUS01,18_1056_GREY_38,1.0,26.0,5.931840648477659,0.95,7.85,8,10,5.93,2.07
BHS01,18_1056_BLACK_40,1.125,25.77777777777778,5.931840648477659,0.95,6.46,8,11,6.67,1.33
HYS01,21_1077_MAROON_39,1.3392857142857142,14.933333333333334,5.931840648477659,0.95,5.49,8,13,7.94,0.06
INS01,18_1056_GREY_42,0.9107142857142857,19.764705882352942,5.931840648477659,0.95,8.73,8,10,5.4,2.6
SUS01,14_1028_ROSE-GOLD_41,1.5892857142857142,24.53932584269663,5.931840648477659,0.95,4.48,8,15,9.43,-1.43
CHS01,33_1161_ROSE-GOLD_40,1.5892857142857142,20.134831460674157,5.931840648477659,0.95,4.53,8,15,9.43,-1.43
KOS01,14_1028_WHITE_39,1.1428571428571428,14.875,5.931840648477659,0.95,6.79,8,12,6.78,1.22
AHS01,25_1105_BROWN_39,0.8392857142857143,25.02127659574468,5.931840648477659,0.95,9.15,8,9,4.98,3.02
AHS01,27_1119_WHITE_41,1.0357142857142858,31.86206896551724,5.931840648477659,0.95,7.61,8,11,6.14,1.86
AHS01,25_1105_BLACK_43,1.0714285714285714,20.533333333333335,5.931840648477659,0.95,7.28,8,11,6.36,1.64
AHS01,25_1105_BLACK_42,1.1785714285714286,31.393939393939394,5.931840648477659,0.95,6.26,8,12,6.99,1.01
CHS01,14_1028_ROSE-GOLD_39,1.1785714285714286,19.515151515151516,5.931840648477659,0.95,6.36,8,12,6.99,1.01
SUS01,12_1014_ANTIC-GOLD_38,2.017857142857143,15.858407079646017,5.931840648477659,0.95,3.73,8,18,11.97,-3.97
MAS01,12_1014_ANTIC-GOLD_40,1.3035714285714286,21.47945205479452,5.931840648477659,0.95,5.62,8,13,7.73,0.27
MUS01,16_1042_TAN_43,0.5,28.0,5.931840648477659,0.95,14.68,8,6,2.97,5.03
HYS01,26_1112_WHITE_42,2.0357142857142856,19.649122807017545,5.931840648477659,0.95,3.82,8,18,12.08,-4.08
HYS01,26_1112_WHITE_40,2.1785714285714284,23.409836065573774,5.931840648477659,0.95,3.57,8,19,12.92,-4.92
AHS01,31_1147_MAROON_41,0.7321428571428571,17.75609756097561,5.931840648477659,0.95,10.26,8,8,4.34,3.66
AHS01,27_1119_ANTIC-GOLD_42,0.9821428571428571,22.400000000000002,5.931840648477659,0.95,7.79,8,10,5.83,2.17
BES01,29_1133_BROWN_43,0.6071428571428571,29.647058823529413,5.931840648477659,0.95,11.74,8,7,3.6,4.4
BES01,26_1112_WHITE_44,0.7857142857142857,26.727272727272727,5.931840648477659,0.95,10.09,8,9,4.66,3.34
INS01,18_1056_ANTIC-GOLD_39,1.2321428571428572,28.405797101449274,5.931840648477659,0.95,6.34,8,12,7.31,0.69
MAS01,12_1014_BROWN_40,1.0714285714285714,21.46666666666667,5.931840648477659,0.95,6.85,8,11,6.36,1.64
SUS01,23_1091_BLUE-NAVY_41,0.48214285714285715,29.037037037037038,5.931840648477659,0.95,15.67,8,6,2.86,5.14
AHS01,31_1147_WHITE_39,1.1785714285714286,27.151515151515152,5.931840648477659,0.95,6.61,8,12,6.99,1.01
SUS01,18_1056_ANTIC-GOLD_40,1.625,24.615384615384617,5.931840648477659,0.95,4.77,8,15,9.64,-1.64
INS01,27_1119_ANTIC-GOLD_40,1.0178571428571428,24.56140350877193,5.931840648477659,0.95,7.53,8,11,6.04,1.96
INS01,27_1119_ANTIC-GOLD_39,1.0714285714285714,15.866666666666667,5.931840648477659,0.95,6.68,8,11,6.36,1.64
BES01,33_1161_BLUE-NAVY_38,0.5178571428571429,21.241379310344826,5.931840648477659,0.95,14.96,8,6,3.07,4.93
INS01,28_1126_BLUE-NAVY_40,1.7678571428571428,16.96969696969697,5.931840648477659,0.95,4.11,8,16,10.49,-2.49
SUS01,18_1056_ANTIC-GOLD_39,1.0714285714285714,26.133333333333333,5.931840648477659,0.95,6.99,8,11,6.36,1.64
CHS01,16_1042_TAN_38,1.5357142857142858,14.976744186046512,5.931840648477659,0.95,5.15,8,15,9.11,-1.11
BES01,18_1056_BLACK_42,0.7678571428571429,29.953488372093023,5.931840648477659,0.95,10.23,8,9,4.55,3.45
KOS01,21_1077_BLUE-NAVY_41,1.0357142857142858,17.379310344827584,5.931840648477659,0.95,7.1,8,11,6.14,1.86
KOS01,28_1126_BLUE-NAVY_42,0.8928571428571429,25.759999999999998,5.931840648477659,0.95,8.52,8,10,5.3,2.7
KOS01,28_1126_BLUE-NAVY_41,0.5535714285714286,28.903225806451612,5.931840648477659,0.95,14.1,8,7,3.28,4.72
SUS01,26_1112_WHITE_43,0.44642857142857145,24.639999999999997,5.931840648477659,0.95,15.72,8,6,2.65,5.35
AHS01,10_1000_WHITE_41,1.125,20.444444444444443,5.931840648477659,0.95,6.63,8,11,6.67,1.33
BHS01,29_1133_BROWN_42,1.2678571428571428,25.23943661971831,5.931840648477659,0.95,5.51,7,13,7.52,-0.52
AHS01,12_1014_ROSE-GOLD_37,0.8928571428571429,24.639999999999997,5.931840648477659,0.95,7.66,7,10,5.3,1.7
CHS01,28_1126_BLUE-NAVY_39,1.6964285714285714,24.16842105263158,5.931840648477659,0.95,3.7,7,16,10.06,-3.06
CHS01,28_1126_ROSE-GOLD_42,0.625,33.6,5.931840648477659,0.95,10.84,7,7,3.71,3.29
BHS01,29_1133_BROWN_41,1.2678571428571428,25.23943661971831,5.931840648477659,0.95,4.92,7,13,7.52,-0.52
COS01,28_1126_BLUE-NAVY_40,1.1071428571428572,17.161290322580644,5.931840648477659,0.95,5.71,7,11,6.57,0.43
COS01,28_1126_TAN_41,0.9285714285714286,22.615384615384613,5.931840648477659,0.95,6.63,7,10,5.51,1.49
SUS01,31_1147_ANTIC-GOLD_41,1.2857142857142858,17.88888888888889,5.931840648477659,0.95,4.85,7,13,7.63,-0.63
AHS01,13_1021_BROWN_42,0.5892857142857143,22.06060606060606,5.931840648477659,0.95,11.64,7,7,3.5,3.5
SUS01,27_1119_WHITE_40,1.4821428571428572,20.91566265060241,5.931840648477659,0.95,4.49,7,14,8.79,-1.79
KOS01,27_1119_WHITE_39,1.4107142857142858,26.93670886075949,5.931840648477659,0.95,4.5,7,14,8.37,-1.37
COS01,31_1147_ANTIC-GOLD_41,1.0892857142857142,18.36065573770492,5.931840648477659,0.95,6.14,7,11,6.46,0.54
HYS01,31_1147_ANTIC-GOLD_40,1.375,22.545454545454547,5.931840648477659,0.95,4.58,7,13,8.16,-1.16
CHS01,16_1042_TAN_39,1.9821428571428572,24.72072072072072,5.931840648477659,0.95,3.27,7,18,11.76,-4.76
BES01,18_1056_BLACK_44,0.625,24.0,5.931840648477659,0.95,9.67,7,7,3.71,3.29
KOS01,27_1119_WHITE_38,1.1964285714285714,15.880597014925373,5.931840648477659,0.95,5.66,7,12,7.1,-0.1
PUS01,25_1105_MAROON_39,0.6071428571428571,19.764705882352942,5.931840648477659,0.95,10.07,7,7,3.6,3.4
PUS01,25_1105_BROWN_41,0.8035714285714286,26.133333333333333,5.931840648477659,0.95,7.54,7,9,4.77,2.23
AHS01,17_1049_BLACK_40,0.7321428571428571,17.75609756097561,5.931840648477659,0.95,8.84,7,8,4.34,2.66
KOS01,28_1126_ROSE-GOLD_41,1.0,20.0,5.931840648477659,0.95,6.75,7,10,5.93,1.07
CHS01,28_1126_ROSE-GOLD_39,1.5714285714285714,21.0,5.931840648477659,0.95,4.14,7,15,9.32,-2.32
MUS01,28_1126_TAN_42,1.5178571428571428,20.423529411764708,5.931840648477659,0.95,4.09,7,14,9.0,-2.0
MUS01,28_1126_TAN_41,1.4107142857142858,28.354430379746834,5.931840648477659,0.95,4.43,7,14,8.37,-1.37
INS01,29_1133_BROWN_38,0.6428571428571429,21.777777777777775,5.931840648477659,0.95,10.06,7,8,3.81,3.19
BES01,29_1133_BROWN_37,0.44642857142857145,24.639999999999997,5.931840648477659,0.95,13.7,7,6,2.65,4.35
BES01,28_1126_TAN_43,0.48214285714285715,24.88888888888889,5.931840648477659,0.95,13.55,7,6,2.86,4.14
MUS01,16_1042_TAN_41,1.7857142857142858,25.759999999999998,5.931840648477659,0.95,3.64,7,16,10.59,-3.59
BES01,11_1007_BLACK_38,0.5,24.0,5.931840648477659,0.95,12.94,7,6,2.97,4.03
SUS01,18_1056_ANTIC-GOLD_38,1.1428571428571428,18.375,5.931840648477659,0.95,5.5,7,12,6.78,0.22
SUS01,17_1049_MAROON_41,1.0,15.0,5.931840648477659,0.95,6.47,7,10,5.93,1.07
MAS01,18_1056_ANTIC-GOLD_39,0.75,24.0,5.931840648477659,0.95,8.04,7,8,4.45,2.55
MAS01,17_1049_BLACK_43,0.26785714285714285,14.933333333333334,5.931840648477659,0.95,25.3,7,4,1.59,5.41
HYS01,13_1021_BROWN_40,1.6071428571428572,23.022222222222222,5.931840648477659,0.95,4.05,7,15,9.53,-2.53
MUS01,14_1028_NAVY_42,1.7857142857142858,19.04,5.931840648477659,0.95,3.73,7,16,10.59,-3.59
MUS01,14_1028_NAVY_41,1.1071428571428572,28.0,5.931840648477659,0.95,6.15,7,11,6.57,0.43
MUS01,13_1021_BROWN_39,1.1071428571428572,18.96774193548387,5.931840648477659,0.95,5.61,7,11,6.57,0.43
BES01,19_1063_MAROON_38,0.44642857142857145,17.919999999999998,5.931840648477659,0.95,14.39,7,6,2.65,4.35
AHS01,18_1056_ANTIC-GOLD_38,0.5357142857142857,31.733333333333334,5.931840648477659,0.95,11.35,7,7,3.18,3.82
COS01,12_1014_BROWN_41,1.2678571428571428,32.33802816901409,5.931840648477659,0.95,5.19,7,13,7.52,-0.52
COS01,12_1014_BROWN_40,1.0714285714285714,34.53333333333333,5.931840648477659,0.95,6.29,7,11,6.36,0.64
HYS01,28_1126_TAN_39,1.5178571428571428,23.71764705882353,5.931840648477659,0.95,4.29,7,14,9.0,-2.0
HYS01,31_1147_ANTIC-GOLD_39,1.3214285714285714,18.16216216216216,5.931840648477659,0.95,5.18,7,13,7.84,-0.84
BES01,31_1147_ANTIC-GOLD_41,1.0714285714285714,23.333333333333336,5.931840648477659,0.95,5.71,7,11,6.36,0.64
HYS01,14_1028_ROSE-GOLD_39,1.2321428571428572,26.782608695652172,5.931840648477659,0.95,5.06,7,12,7.31,-0.31
HYS01,13_1021_WHITE_40,1.6964285714285714,22.400000000000002,5.931840648477659,0.95,3.54,7,16,10.06,-3.06
CHS01,11_1007_TAN_38,0.42857142857142855,30.333333333333336,5.931840648477659,0.95,15.32,7,6,2.54,4.46
KOS01,29_1133_BROWN_39,1.2142857142857142,20.58823529411765,5.931840648477659,0.95,5.26,7,12,7.2,-0.2
AHS01,18_1056_GREY_43,0.625,22.4,5.931840648477659,0.95,10.68,7,7,3.71,3.29
AHS01,22_1084_NAVY_40,1.6071428571428572,21.155555555555555,5.931840648477659,0.95,3.79,7,15,9.53,-2.53
CHS01,12_1014_ROSE-GOLD_37,1.7857142857142858,19.04,5.931840648477659,0.95,3.62,7,16,10.59,-3.59
COS01,18_1056_BLACK_40,0.9821428571428571,25.454545454545457,5.931840648477659,0.95,6.14,7,10,5.83,1.17
COS01,18_1056_ANTIC-GOLD_42,1.0,17.0,5.931840648477659,0.95,6.88,7,10,5.93,1.07
COS01,18_1056_ANTIC-GOLD_41,1.2142857142857142,21.411764705882355,5.931840648477659,0.95,5.4,7,12,7.2,-0.2
HYS01,17_1049_BLACK_41,1.5892857142857142,24.53932584269663,5.931840648477659,0.95,3.83,7,15,9.43,-2.43
MUS01,22_1084_NAVY_39,1.9107142857142858,22.50467289719626,5.931840648477659,0.95,3.32,7,17,11.33,-4.33
HYS01,14_1028_ROSE-GOLD_41,1.125,20.444444444444443,5.931840648477659,0.95,5.5,7,11,6.67,0.33
CHS01,14_1028_NAVY_39,1.6785714285714286,22.04255319148936,5.931840648477659,0.95,3.79,7,16,9.96,-2.96
INS01,18_1056_BLACK_39,1.0178571428571428,22.596491228070178,5.931840648477659,0.95,6.64,7,11,6.04,0.96
AHS01,31_1147_WHITE_44,0.2857142857142857,3.5,5.931840648477659,0.95,21.84,7,4,1.69,5.31
HYS01,30_1140_WHITE_40,1.625,20.923076923076923,5.931840648477659,0.95,3.96,7,15,9.64,-2.64
INS01,29_1133_BROWN_41,1.3392857142857142,20.90666666666667,5.931840648477659,0.95,4.72,7,13,7.94,-0.94
BES01,24_1098_WHITE_42,0.48214285714285715,16.59259259259259,5.931840648477659,0.95,12.49,7,6,2.86,4.14
BES01,24_1098_WHITE_39,0.5357142857142857,16.8,5.931840648477659,0.95,11.32,7,7,3.18,3.82
HYS01,33_1161_ROSE-GOLD_41,1.5178571428571428,21.741176470588236,5.931840648477659,0.95,4.12,7,14,9.0,-2.0
BES01,16_1042_ANTIC-GOLD_38,0.5357142857142857,29.866666666666667,5.931840648477659,0.95,11.37,7,7,3.18,3.82
BES01,16_1042_TAN_42,0.7857142857142857,28.0,5.931840648477659,0.95,8.8,7,9,4.66,2.34
HYS01,17_1049_BROWN_39,1.5,17.333333333333332,5.931840648477659,0.95,4.4,7,14,8.9,-1.9
PUS01,28_1126_ROSE-GOLD_43,0.6964285714285714,22.974358974358974,5.931840648477659,0.95,9.94,7,8,4.13,2.87
HYS01,17_1049_MAROON_39,1.3214285714285714,20.43243243243243,5.931840648477659,0.95,4.73,7,13,7.84,-0.84
PUS01,10_1000_BROWN_40,0.7142857142857143,19.599999999999998,5.931840648477659,0.95,8.88,7,8,4.24,2.76
AHS01,23_1091_BLUE-NAVY_42,1.0714285714285714,18.666666666666668,5.931840648477659,0.95,6.11,7,11,6.36,0.64
PUS01,18_1056_GREY_39,1.5714285714285714,22.90909090909091,5.931840648477659,0.95,3.95,7,15,9.32,-2.32
HYS01,18_1056_ANTIC-GOLD_42,1.1607142857142858,21.538461538461537,5.931840648477659,0.95,5.24,7,12,6.89,0.11
HYS01,19_1063_MAROON_39,1.7678571428571428,19.7979797979798,5.931840648477659,0.95,3.63,7,16,10.49,-3.49
MUS01,18_1056_BLACK_40,1.4821428571428572,26.987951807228914,5.931840648477659,0.95,4.62,7,14,8.79,-1.79
PUS01,31_1147_MAROON_40,1.875,20.266666666666666,5.931840648477659,0.95,3.51,7,17,11.12,-4.12
MUS01,17_1049_MAROON_42,1.7142857142857142,21.0,5.931840648477659,0.95,3.85,7,16,10.17,-3.17
BES01,33_1161_ROSE-GOLD_38,0.6607142857142857,30.27027027027027,5.931840648477659,0.95,9.41,7,8,3.92,3.08
HYS01,25_1105_BLACK_39,1.0892857142857142,18.36065573770492,5.931840648477659,0.95,5.73,7,11,6.46,0.54
MUS01,17_1049_BLACK_40,1.5535714285714286,22.528735632183906,5.931840648477659,0.95,4.43,7,15,9.22,-2.22
BES01,27_1119_ANTIC-GOLD_41,1.6428571428571428,20.695652173913043,5.931840648477659,0.95,4.05,7,15,9.75,-2.75
BES01,29_1133_BROWN_44,0.39285714285714285,17.81818181818182,5.931840648477659,0.95,17.22,7,5,2.33,4.67
INS01,11_1007_BLACK_41,0.5357142857142857,28.0,5.931840648477659,0.95,11.44,7,7,3.18,3.82
PUS01,12_1014_ANTIC-GOLD_37,0.7857142857142857,29.272727272727273,5.931840648477659,0.95,8.86,7,9,4.66,2.34
BHS01,16_1042_BLUE-NAVY_39,1.2321428571428572,15.420289855072463,5.931840648477659,0.95,5.52,7,12,7.31,-0.31
BES01,13_1021_BROWN_38,0.5892857142857143,25.454545454545453,5.931840648477659,0.95,10.4,7,7,3.5,3.5
PUS01,13_1021_BROWN_41,0.9642857142857143,24.88888888888889,5.931840648477659,0.95,6.25,7,10,5.72,1.28
KOS01,11_1007_TAN_38,0.4642857142857143,12.923076923076923,5.931840648477659,0.95,14.83,7,6,2.75,4.25
HYS01,28_1126_TAN_38,1.2857142857142858,20.22222222222222,5.931840648477659,0.95,4.68,7,13,7.63,-0.63
HYS01,26_1112_WHITE_38,1.4107142857142858,17.72151898734177,5.931840648477659,0.95,4.42,7,14,8.37,-1.37
KOS01,13_1021_BROWN_41,0.8392857142857143,19.06382978723404,5.931840648477659,0.95,7.53,7,9,4.98,2.02
BES01,23_1091_BLUE-NAVY_42,1.0178571428571428,17.68421052631579,5.931840648477659,0.95,6.04,7,11,6.04,0.96
AHS01,25_1105_BLACK_38,0.7321428571428571,23.219512195121954,5.931840648477659,0.95,8.23,7,8,4.34,2.66
PUS01,13_1021_BROWN_39,0.9285714285714286,15.076923076923077,5.931840648477659,0.95,6.88,7,10,5.51,1.49
BHS01,14_1028_ROSE-GOLD_40,0.8392857142857143,19.06382978723404,5.931840648477659,0.95,8.16,7,9,4.98,2.02
HYS01,22_1084_NAVY_41,1.5714285714285714,24.181818181818183,5.931840648477659,0.95,4.23,7,15,9.32,-2.32
MUS01,18_1056_ANTIC-GOLD_43,1.3392857142857142,19.413333333333334,5.931840648477659,0.95,4.51,7,13,7.94,-0.94
MUS01,18_1056_ANTIC-GOLD_38,1.2142857142857142,22.23529411764706,5.931840648477659,0.95,5.16,7,12,7.2,-0.2
COS01,18_1056_ANTIC-GOLD_38,0.6964285714285714,15.794871794871796,5.931840648477659,0.95,8.65,7,8,4.13,2.87
BHS01,12_1014_BROWN_42,1.9107142857142858,24.074766355140184,5.931840648477659,0.95,3.43,7,17,11.33,-4.33
AHS01,29_1133_BROWN_41,0.7857142857142857,43.27272727272727,5.931840648477659,0.95,7.96,7,9,4.66,2.34
HYS01,10_1000_BROWN_42,1.5357142857142858,17.58139534883721,5.931840648477659,0.95,4.3,7,15,9.11,-2.11
CHS01,18_1056_ANTIC-GOLD_42,1.0,31.0,5.931840648477659,0.95,6.77,7,10,5.93,1.07
AHS01,14_1028_ROSE-GOLD_41,1.8035714285714286,26.613861386138613,5.931840648477659,0.95,3.8,7,17,10.7,-3.7
CHS01,28_1126_BLUE-NAVY_38,1.8035714285714286,18.297029702970296,5.931840648477659,0.95,3.88,7,17,10.7,-3.7
BES01,21_1077_BLUE-NAVY_44,0.48214285714285715,20.74074074074074,5.931840648477659,0.95,14.17,7,6,2.86,4.14
KOS01,25_1105_MAROON_41,1.0,27.0,5.931840648477659,0.95,6.02,7,10,5.93,1.07
MUS01,24_1098_WHITE_42,1.1964285714285714,11.701492537313433,5.931840648477659,0.95,5.29,7,12,7.1,-0.1
BHS01,28_1126_BLUE-NAVY_41,1.6785714285714286,24.425531914893618,5.931840648477659,0.95,3.69,7,16,9.96,-2.96
KOS01,27_1119_WHITE_40,0.9821428571428571,21.381818181818183,5.931840648477659,0.95,6.13,7,10,5.83,1.17
AHS01,14_1028_WHITE_39,0.9107142857142857,23.058823529411764,5.931840648477659,0.95,5.64,6,10,5.4,0.6
AHS01,10_1000_ROSE-GOLD_39,1.4821428571428572,20.91566265060241,5.931840648477659,0.95,3.74,6,14,8.79,-2.79
AHS01,14_1028_NAVY_43,0.6964285714285714,24.410256410256412,5.931840648477659,0.95,7.91,6,8,4.13,1.87
SUS01,16_1042_ANTIC-GOLD_40,1.4464285714285714,18.666666666666668,5.931840648477659,0.95,4.08,6,14,8.58,-2.58
SUS01,16_1042_ANTIC-GOLD_41,1.1964285714285714,19.223880597014926,5.931840648477659,0.95,4.27,6,12,7.1,-1.1
CHS01,28_1126_TAN_39,1.5535714285714286,27.67816091954023,5.931840648477659,0.95,3.81,6,15,9.22,-3.22
PUS01,12_1014_ANTIC-GOLD_38,2.142857142857143,30.8,5.931840648477659,0.95,2.4,6,19,12.71,-6.71
COS01,13_1021_WHITE_39,1.5357142857142858,17.58139534883721,5.931840648477659,0.95,3.72,6,15,9.11,-3.11
AHS01,10_1000_WHITE_39,0.5178571428571429,25.103448275862068,5.931840648477659,0.95,10.38,6,6,3.07,2.93
CHS01,17_1049_MAROON_40,1.375,21.818181818181817,5.931840648477659,0.95,4.12,6,13,8.16,-2.16
MUS01,10_1000_ROSE-GOLD_39,1.1071428571428572,14.451612903225806,5.931840648477659,0.95,5.28,6,11,6.57,-0.57
COS01,28_1126_TAN_40,0.4642857142857143,25.846153846153847,5.931840648477659,0.95,11.58,6,6,2.75,3.25
HYS01,10_1000_BROWN_39,1.3928571428571428,21.53846153846154,5.931840648477659,0.95,3.67,6,13,8.26,-2.26
SUS01,27_1119_WHITE_41,1.4285714285714286,21.0,5.931840648477659,0.95,3.92,6,14,8.47,-2.47
SUS01,28_1126_ROSE-GOLD_41,0.8571428571428571,19.833333333333336,5.931840648477659,0.95,5.85,6,9,5.08,0.92
MUS01,25_1105_BROWN_41,1.25,20.8,5.931840648477659,0.95,4.12,6,12,7.41,-1.41
MUS01,25_1105_MAROON_40,1.3392857142857142,20.16,5.931840648477659,0.95,4.32,6,13,7.94,-1.94
PUS01,23_1091_BROWN_41,0.8392857142857143,21.4468085106383,5.931840648477659,0.95,6.27,6,9,4.98,1.02
INS01,17_1049_BLACK_40,0.5535714285714286,34.32258064516129,5.931840648477659,0.95,10.45,6,7,3.28,2.72
CHS01,21_1077_BLUE-NAVY_39,1.0714285714285714,19.6,5.931840648477659,0.95,4.82,6,11,6.36,-0.36
CHS01,18_1056_BLACK_39,0.9285714285714286,29.076923076923077,5.931840648477659,0.95,5.67,6,10,5.51,0.49
BHS01,28_1126_ROSE-GOLD_41,0.9285714285714286,23.69230769230769,5.931840648477659,0.95,5.89,6,10,5.51,0.49
KOS01,24_1098_MAROON_40,0.8035714285714286,16.177777777777777,5.931840648477659,0.95,6.75,6,9,4.77,1.23
AHS01,29_1133_BROWN_38,1.5357142857142858,26.046511627906977,5.931840648477659,0.95,3.4,6,15,9.11,-3.11
AHS01,29_1133_BROWN_42,1.0892857142857142,24.78688524590164,5.931840648477659,0.95,5.45,6,11,6.46,-0.46
AHS01,27_1119_ANTIC-GOLD_40,1.3571428571428572,24.31578947368421,5.931840648477659,0.95,4.05,6,13,8.05,-2.05
AHS01,27_1119_ANTIC-GOLD_41,1.625,28.307692307692307,5.931840648477659,0.95,3.6,6,15,9.64,-3.64
CHS01,12_1014_ROSE-GOLD_44,1.4821428571428572,21.59036144578313,5.931840648477659,0.95,3.75,6,14,8.79,-2.79
CHS01,14_1028_NAVY_41,1.1607142857142858,24.123076923076923,5.931840648477659,0.95,4.43,6,12,6.89,-0.89
CHS01,14_1028_ROSE-GOLD_38,1.375,20.363636363636363,5.931840648477659,0.95,4.29,6,13,8.16,-2.16
AHS01,28_1126_TAN_37,0.35714285714285715,14.0,5.931840648477659,0.95,15.72,6,5,2.12,3.88
AHS01,25_1105_BROWN_41,0.6785714285714286,35.368421052631575,5.931840648477659,0.95,7.63,6,8,4.03,1.97
KOS01,14_1028_ROSE-GOLD_42,0.75,18.666666666666668,5.931840648477659,0.95,6.99,6,8,4.45,1.55
HYS01,22_1084_NAVY_40,1.1785714285714286,19.515151515151516,5.931840648477659,0.95,4.63,6,12,6.99,-0.99
BHS01,14_1028_WHITE_40,1.1428571428571428,21.0,5.931840648477659,0.95,4.64,6,12,6.78,-0.78
SUS01,10_1000_WHITE_40,0.4642857142857143,21.538461538461537,5.931840648477659,0.95,12.09,6,6,2.75,3.25
AHS01,25_1105_BLACK_39,1.25,24.0,5.931840648477659,0.95,4.34,6,12,7.41,-1.41
CHS01,33_1161_ROSE-GOLD_41,1.25,19.2,5.931840648477659,0.95,4.76,6,12,7.41,-1.41
CHS01,33_1161_ROSE-GOLD_43,0.5535714285714286,19.870967741935484,5.931840648477659,0.95,9.33,6,7,3.28,2.72
CHS01,27_1119_WHITE_37,0.30357142857142855,19.764705882352942,5.931840648477659,0.95,16.54,6,5,1.8,4.2
BES01,26_1112_WHITE_37,0.7142857142857143,26.599999999999998,5.931840648477659,0.95,7.75,6,8,4.24,1.76
BES01,26_1112_WHITE_38,1.8035714285714286,24.396039603960396,5.931840648477659,0.95,3.27,6,17,10.7,-4.7
SUS01,14_1028_ROSE-GOLD_39,1.1785714285714286,22.90909090909091,5.931840648477659,0.95,5.0,6,12,6.99,-0.99
SUS01,14_1028_ROSE-GOLD_40,0.8571428571428571,18.666666666666668,5.931840648477659,0.95,6.1,6,9,5.08,0.92
BES01,23_1091_BLUE-NAVY_43,0.44642857142857145,15.68,5.931840648477659,0.95,12.16,6,6,2.65,3.35
BES01,31_1147_ANTIC-GOLD_42,0.48214285714285715,31.11111111111111,5.931840648477659,0.95,11.79,6,6,2.86,3.14
AHS01,31_1147_MAROON_42,0.625,22.4,5.931840648477659,0.95,9.06,6,7,3.71,2.29
AHS01,28_1126_TAN_38,0.6071428571428571,23.058823529411768,5.931840648477659,0.95,9.56,6,7,3.6,2.4
CHS01,25_1105_MAROON_40,1.4107142857142858,24.101265822784807,5.931840648477659,0.95,3.94,6,14,8.37,-2.37
CHS01,26_1112_WHITE_38,1.1428571428571428,16.625,5.931840648477659,0.95,4.91,6,12,6.78,-0.78
HYS01,23_1091_BROWN_39,1.2321428571428572,20.289855072463766,5.931840648477659,0.95,4.33,6,12,7.31,-1.31
HYS01,23_1091_BROWN_44,0.25,20.0,5.931840648477659,0.95,20.6,6,4,1.48,4.52
HYS01,24_1098_MAROON_40,1.0535714285714286,17.084745762711865,5.931840648477659,0.95,5.57,6,11,6.25,-0.25
MUS01,16_1042_TAN_42,0.4107142857142857,26.782608695652176,5.931840648477659,0.95,12.72,6,6,2.44,3.56
KOS01,14_1028_WHITE_40,1.0714285714285714,19.6,5.931840648477659,0.95,5.22,6,11,6.36,-0.36
MAS01,12_1014_ANTIC-GOLD_41,1.1428571428571428,19.25,5.931840648477659,0.95,4.87,6,12,6.78,-0.78
BES01,23_1091_BROWN_37,0.3392857142857143,20.63157894736842,5.931840648477659,0.95,15.54,6,5,2.01,3.99
MUS01,14_1028_ROSE-GOLD_40,1.2142857142857142,28.000000000000004,5.931840648477659,0.95,4.49,6,12,7.2,-1.2
MUS01,14_1028_ROSE-GOLD_42,1.2321428571428572,22.724637681159418,5.931840648477659,0.95,4.62,6,12,7.31,-1.31
PUS01,17_1049_BROWN_39,1.5892857142857142,25.797752808988765,5.931840648477659,0.95,3.62,6,15,9.43,-3.43
PUS01,17_1049_BROWN_41,1.9464285714285714,28.256880733944953,5.931840648477659,0.95,2.97,6,18,11.55,-5.55
PUS01,18_1056_ANTIC-GOLD_38,1.1428571428571428,23.625,5.931840648477659,0.95,5.04,6,12,6.78,-0.78
INS01,20_1070_ANTIC-GOLD_39,0.75,20.0,5.931840648477659,0.95,7.99,6,8,4.45,1.55
PUS01,16_1042_TAN_40,1.3571428571428572,30.210526315789473,5.931840648477659,0.95,4.02,6,13,8.05,-2.05
HYS01,23_1091_BLACK_41,1.1071428571428572,18.064516129032256,5.931840648477659,0.95,4.82,6,11,6.57,-0.57
HYS01,21_1077_BLUE-NAVY_41,1.4821428571428572,27.662650602409638,5.931840648477659,0.95,3.7,6,14,8.79,-2.79
PUS01,30_1140_WHITE_41,0.5535714285714286,21.677419354838708,5.931840648477659,0.95,9.32,6,7,3.28,2.72
PUS01,31_1147_ANTIC-GOLD_41,1.1785714285714286,23.757575757575758,5.931840648477659,0.95,4.45,6,12,6.99,-0.99
BHS01,16_1042_BLUE-NAVY_40,0.9107142857142857,15.372549019607844,5.931840648477659,0.95,6.31,6,10,5.4,0.6
BHS01,16_1042_TAN_38,0.9821428571428571,19.345454545454547,5.931840648477659,0.95,5.87,6,10,5.83,0.17
COS01,17_1049_BLACK_43,0.5714285714285714,22.75,5.931840648477659,0.95,9.31,6,7,3.39,2.61
MUS01,16_1042_ANTIC-GOLD_39,1.3214285714285714,16.64864864864865,5.931840648477659,0.95,4.2,6,13,7.84,-1.84
BES01,26_1112_WHITE_43,0.5892857142857143,18.666666666666668,5.931840648477659,0.95,9.34,6,7,3.5,2.5
PUS01,18_1056_ANTIC-GOLD_41,0.8571428571428571,23.333333333333336,5.931840648477659,0.95,5.9,6,9,5.08,0.92
MAS01,12_1014_ROSE-GOLD_41,0.7321428571428571,27.31707317073171,5.931840648477659,0.95,7.17,6,8,4.34,1.66
AHS01,27_1119_ANTIC-GOLD_43,0.875,35.42857142857143,5.931840648477659,0.95,6.71,6,9,5.19,0.81
MUS01,17_1049_BLACK_41,1.25,19.2,5.931840648477659,0.95,4.64,6,12,7.41,-1.41
HYS01,25_1105_BLACK_41,1.1428571428571428,24.5,5.931840648477659,0.95,4.55,6,12,6.78,-0.78
BHS01,12_1014_ANTIC-GOLD_42,1.3214285714285714,30.27027027027027,5.931840648477659,0.95,3.83,6,13,7.84,-1.84
HYS01,17_1049_BROWN_41,1.2678571428571428,21.295774647887324,5.931840648477659,0.95,4.37,6,13,7.52,-1.52
BHS01,18_1056_BLACK_39,0.8035714285714286,19.91111111111111,5.931840648477659,0.95,6.71,6,9,4.77,1.23
PUS01,18_1056_ANTIC-GOLD_44,0.3392857142857143,29.473684210526315,5.931840648477659,0.95,16.23,6,5,2.01,3.99
PUS01,18_1056_GREY_40,1.4464285714285714,29.037037037037038,5.931840648477659,0.95,3.56,6,14,8.58,-2.58
KOS01,33_1161_BLUE-NAVY_41,1.2142857142857142,23.058823529411768,5.931840648477659,0.95,4.79,6,12,7.2,-1.2
KOS01,14_1028_ROSE-GOLD_40,0.9464285714285714,29.58490566037736,5.931840648477659,0.95,5.3,6,10,5.61,0.39
PUS01,28_1126_ROSE-GOLD_42,1.3214285714285714,22.7027027027027,5.931840648477659,0.95,3.95,6,13,7.84,-1.84
MUS01,21_1077_MAROON_41,1.5714285714285714,21.0,5.931840648477659,0.95,3.68,6,15,9.32,-3.32
PUS01,28_1126_TAN_38,1.5357142857142858,28.0,5.931840648477659,0.95,3.33,6,15,9.11,-3.11
PUS01,28_1126_TAN_42,1.0892857142857142,19.278688524590166,5.931840648477659,0.95,4.7,6,11,6.46,-0.46
HYS01,18_1056_BLACK_42,1.2142857142857142,23.88235294117647,5.931840648477659,0.95,4.15,6,12,7.2,-1.2
HYS01,17_1049_BROWN_40,1.375,18.181818181818183,5.931840648477659,0.95,4.32,6,13,8.16,-2.16
CHS01,12_1014_ANTIC-GOLD_38,1.625,23.384615384615383,5.931840648477659,0.95,3.41,6,15,9.64,-3.64
CHS01,12_1014_ANTIC-GOLD_42,1.3392857142857142,23.14666666666667,5.931840648477659,0.95,3.86,6,13,7.94,-1.94
PUS01,16_1042_TAN_41,1.0892857142857142,22.032786885245905,5.931840648477659,0.95,4.71,6,11,6.46,-0.46
CHS01,25_1105_BROWN_41,0.9821428571428571,16.290909090909093,5.931840648477659,0.95,5.53,6,10,5.83,0.17
BES01,18_1056_ANTIC-GOLD_44,0.42857142857142855,32.66666666666667,5.931840648477659,0.95,12.61,6,6,2.54,3.46
BES01,23_1091_BLACK_39,0.8214285714285714,20.695652173913043,5.931840648477659,0.95,6.28,6,9,4.87,1.13
COS01,14_1028_ROSE-GOLD_39,0.6071428571428571,19.764705882352942,5.931840648477659,0.95,8.4,6,7,3.6,2.4
COS01,14_1028_ROSE-GOLD_40,1.0178571428571428,19.649122807017545,5.931840648477659,0.95,5.86,6,11,6.04,-0.04
SUS01,16_1042_TAN_40,0.8214285714285714,15.82608695652174,5.931840648477659,0.95,6.74,6,9,4.87,1.13
BES01,12_1014_BROWN_44,0.5535714285714286,27.096774193548384,5.931840648477659,0.95,10.31,6,7,3.28,2.72
HYS01,33_1161_ROSE-GOLD_42,1.1607142857142858,18.953846153846154,5.931840648477659,0.95,4.44,6,12,6.89,-0.89
BES01,28_1126_TAN_37,0.44642857142857145,31.36,5.931840648477659,0.95,12.58,6,6,2.65,3.35
BES01,24_1098_WHITE_41,0.5,38.0,5.931840648477659,0.95,11.46,6,6,2.97,3.03
PUS01,14_1028_NAVY_41,1.8035714285714286,29.386138613861387,5.931840648477659,0.95,3.19,6,17,10.7,-4.7
KOS01,30_1140_WHITE_38,0.375,24.0,5.931840648477659,0.95,14.93,6,5,2.22,3.78
KOS01,31_1147_ANTIC-GOLD_37,0.32142857142857145,18.666666666666664,5.931840648477659,0.95,17.75,6,5,1.91,4.09
KOS01,16_1042_BLUE-NAVY_39,1.0357142857142858,28.965517241379306,5.931840648477659,0.95,5.42,6,11,6.14,-0.14
KOS01,16_1042_BLUE-NAVY_40,1.2142857142857142,24.705882352941178,5.931840648477659,0.95,4.39,6,12,7.2,-1.2
KOS01,16_1042_BLUE-NAVY_41,1.0357142857142858,20.275862068965516,5.931840648477659,0.95,5.18,6,11,6.14,-0.14
KOS01,31_1147_ANTIC-GOLD_39,0.30357142857142855,32.94117647058824,5.931840648477659,0.95,19.08,6,5,1.8,4.2
COS01,12_1014_BROWN_42,1.2321428571428572,19.478260869565215,5.931840648477659,0.95,4.75,6,12,7.31,-1.31
COS01,10_1000_WHITE_40,1.4464285714285714,22.814814814814817,5.931840648477659,0.95,3.92,6,14,8.58,-2.58
INS01,28_1126_BLUE-NAVY_39,1.3214285714285714,18.91891891891892,5.931840648477659,0.95,4.12,6,13,7.84,-1.84
AHS01,33_1161_ROSE-GOLD_38,0.48214285714285715,22.814814814814813,5.931840648477659,0.95,10.45,6,6,2.86,3.14
SUS01,12_1014_ANTIC-GOLD_42,1.5714285714285714,18.454545454545453,5.931840648477659,0.95,3.77,6,15,9.32,-3.32
AHS01,32_1154_MAROON_40,0.5535714285714286,27.096774193548384,5.931840648477659,0.95,9.53,6,7,3.28,2.72
AHS01,31_1147_ANTIC-GOLD_38,0.6785714285714286,22.105263157894736,5.931840648477659,0.95,7.82,6,8,4.03,1.97
MAS01,12_1014_BROWN_42,1.5357142857142858,16.930232558139533,5.931840648477659,0.95,3.85,6,15,9.11,-3.11
INS01,18_1056_ANTIC-GOLD_40,0.7142857142857143,19.599999999999998,5.931840648477659,0.95,7.18,6,8,4.24,1.76
INS01,18_1056_ANTIC-GOLD_41,1.0535714285714286,24.677966101694913,5.931840648477659,0.95,4.87,6,11,6.25,-0.25
INS01,18_1056_BLACK_40,0.9642857142857143,18.666666666666668,5.931840648477659,0.95,6.21,6,10,5.72,0.28
MUS01,33_1161_ROSE-GOLD_40,1.625,28.923076923076923,5.931840648477659,0.95,3.28,6,15,9.64,-3.64
HYS01,14_1028_ROSE-GOLD_42,0.8928571428571429,19.04,5.931840648477659,0.95,6.07,6,10,5.3,0.7
BHS01,25_1105_BLACK_39,0.9642857142857143,23.85185185185185,5.931840648477659,0.95,5.94,6,10,5.72,0.28
PUS01,25_1105_MAROON_41,1.3214285714285714,27.243243243243246,5.931840648477659,0.95,4.15,6,13,7.84,-1.84
PUS01,25_1105_MAROON_42,1.1428571428571428,16.625,5.931840648477659,0.95,4.79,6,12,6.78,-0.78
HYS01,16_1042_TAN_40,0.8214285714285714,18.26086956521739,5.931840648477659,0.95,7.0,6,9,4.87,1.13
MUS01,23_1091_BLACK_40,1.1428571428571428,15.75,5.931840648477659,0.95,4.87,6,12,6.78,-0.78
COS01,18_1056_BLACK_39,0.9821428571428571,25.454545454545457,5.931840648477659,0.95,5.6,6,10,5.83,0.17
COS01,18_1056_GREY_42,1.0178571428571428,25.54385964912281,5.931840648477659,0.95,5.55,6,11,6.04,-0.04
AHS01,18_1056_ANTIC-GOLD_42,1.1428571428571428,21.875,5.931840648477659,0.95,4.95,6,12,6.78,-0.78
AHS01,19_1063_MAROON_40,0.75,30.666666666666668,5.931840648477659,0.95,7.98,6,8,4.45,1.55
KOS01,17_1049_BLACK_39,1.2857142857142858,23.333333333333332,5.931840648477659,0.95,4.26,6,13,7.63,-1.63
KOS01,17_1049_BLACK_41,0.875,18.285714285714285,5.931840648477659,0.95,6.05,6,9,5.19,0.81
CHS01,10_1000_WHITE_37,0.2857142857142857,17.5,5.931840648477659,0.95,18.14,6,4,1.69,4.31
COS01,18_1056_ANTIC-GOLD_39,0.6428571428571429,24.888888888888886,5.931840648477659,0.95,8.99,6,8,3.81,2.19
HYS01,13_1021_WHITE_42,1.3571428571428572,16.210526315789473,5.931840648477659,0.95,4.37,6,13,8.05,-2.05
KOS01,17_1049_BROWN_40,0.9285714285714286,16.153846153846153,5.931840648477659,0.95,5.67,6,10,5.51,0.49
AHS01,17_1049_MAROON_39,0.7142857142857143,43.4,5.931840648477659,0.95,7.11,6,8,4.24,1.76
AHS01,17_1049_MAROON_40,1.6071428571428572,26.755555555555553,5.931840648477659,0.95,3.51,6,15,9.53,-3.53
BES01,11_1007_BLACK_43,0.5535714285714286,19.870967741935484,5.931840648477659,0.95,10.1,6,7,3.28,2.72
BES01,11_1007_TAN_40,0.5357142857142857,20.533333333333335,5.931840648477659,0.95,10.98,6,7,3.18,2.82
INS01,25_1105_MAROON_40,1.0357142857142858,20.275862068965516,5.931840648477659,0.95,5.0,6,11,6.14,-0.14
INS01,25_1105_BLACK_41,1.1607142857142858,19.815384615384612,5.931840648477659,0.95,4.58,6,12,6.89,-0.89
COS01,13_1021_BROWN_42,0.8928571428571429,19.04,5.931840648477659,0.95,5.97,6,10,5.3,0.7
COS01,12_1014_BROWN_38,1.3571428571428572,29.473684210526315,5.931840648477659,0.95,3.86,6,13,8.05,-2.05
BES01,31_1147_ANTIC-GOLD_39,0.5535714285714286,30.709677419354836,5.931840648477659,0.95,10.34,6,7,3.28,2.72
BES01,28_1126_ROSE-GOLD_43,0.5178571428571429,30.89655172413793,5.931840648477659,0.95,11.16,6,6,3.07,2.93
MUS01,16_1042_TAN_39,1.2678571428571428,20.507042253521128,5.931840648477659,0.95,4.03,6,13,7.52,-1.52
HYS01,31_1147_MAROON_40,0.9464285714285714,12.679245283018869,5.931840648477659,0.95,6.2,6,10,5.61,0.39
HYS01,33_1161_ROSE-GOLD_38,1.1428571428571428,15.75,5.931840648477659,0.95,4.9,6,12,6.78,-0.78
MUS01,13_1021_BROWN_40,1.1428571428571428,17.5,5.931840648477659,0.95,5.15,6,12,6.78,-0.78
MUS01,13_1021_BROWN_42,1.2857142857142858,20.22222222222222,5.931840648477659,0.95,4.53,6,13,7.63,-1.63
MUS01,14_1028_WHITE_41,1.3571428571428572,21.36842105263158,5.931840648477659,0.95,4.22,6,13,8.05,-2.05
INS01,13_1021_BROWN_38,0.44642857142857145,31.36,5.931840648477659,0.95,11.81,6,6,2.65,3.35
BES01,22_1084_NAVY_40,0.5714285714285714,33.25,5.931840648477659,0.95,10.27,6,7,3.39,2.61
INS01,13_1021_BROWN_41,0.3392857142857143,26.52631578947368,5.931840648477659,0.95,16.81,6,5,2.01,3.99
CHS01,26_1112_WHITE_40,1.3928571428571428,21.53846153846154,5.931840648477659,0.95,4.26,6,13,8.26,-2.26
MUS01,32_1154_MAROON_40,1.0178571428571428,13.75438596491228,5.931840648477659,0.95,5.67,6,11,6.04,-0.04
MUS01,33_1161_BLUE-NAVY_39,0.9821428571428571,16.290909090909093,5.931840648477659,0.95,5.24,6,10,5.83,0.17
MUS01,33_1161_BLUE-NAVY_40,0.9464285714285714,21.132075471698116,5.931840648477659,0.95,5.35,6,10,5.61,0.39
MAS01,17_1049_BLACK_41,0.6785714285714286,10.31578947368421,5.931840648477659,0.95,7.48,6,8,4.03,1.97
SUS01,17_1049_BROWN_40,1.5535714285714286,19.954022988505745,5.931840648477659,0.95,3.39,6,15,9.22,-3.22
BES01,11_1007_BLACK_40,0.8035714285714286,28.62222222222222,5.931840648477659,0.95,7.26,6,9,4.77,1.23
MAS01,27_1119_WHITE_40,1.3214285714285714,21.18918918918919,5.931840648477659,0.95,4.44,6,13,7.84,-1.84
INS01,28_1126_BLUE-NAVY_44,0.375,21.333333333333332,5.931840648477659,0.95,13.51,6,5,2.22,3.78
HYS01,31_1147_MAROON_39,1.2142857142857142,15.647058823529413,5.931840648477659,0.95,4.63,6,12,7.2,-1.2
BES01,26_1112_WHITE_42,0.5714285714285714,24.5,5.931840648477659,0.95,9.0,6,7,3.39,2.61
MUS01,33_1161_BLUE-NAVY_44,0.30357142857142855,29.647058823529413,5.931840648477659,0.95,17.25,6,5,1.8,4.2
CHS01,27_1119_ANTIC-GOLD_38,1.0714285714285714,17.733333333333334,5.931840648477659,0.95,5.13,6,11,6.36,-0.36
CHS01,27_1119_ANTIC-GOLD_40,1.5892857142857142,25.168539325842698,5.931840648477659,0.95,3.4,6,15,9.43,-3.43
CHS01,30_1140_WHITE_41,1.2678571428571428,19.71830985915493,5.931840648477659,0.95,4.29,6,13,7.52,-1.52
AHS01,16_1042_TAN_39,0.8035714285714286,21.155555555555555,5.931840648477659,0.95,6.56,6,9,4.77,1.23
PUS01,21_1077_BLUE-NAVY_41,0.8571428571428571,25.666666666666668,5.931840648477659,0.95,6.05,6,9,5.08,0.92
BHS01,27_1119_ANTIC-GOLD_40,0.7321428571428571,20.48780487804878,5.931840648477659,0.95,6.98,6,8,4.34,1.66
MUS01,24_1098_MAROON_40,0.8571428571428571,16.333333333333336,5.931840648477659,0.95,5.84,6,9,5.08,0.92
BHS01,28_1126_ROSE-GOLD_39,1.0357142857142858,24.137931034482758,5.931840648477659,0.95,5.09,6,11,6.14,-0.14
MUS01,10_1000_WHITE_38,0.9285714285714286,18.307692307692307,5.931840648477659,0.95,6.26,6,10,5.51,0.49
MUS01,10_1000_WHITE_39,1.4642857142857142,23.902439024390244,5.931840648477659,0.95,3.5,6,14,8.69,-2.69
MUS01,10_1000_WHITE_40,0.5892857142857143,47.515151515151516,5.931840648477659,0.95,9.71,6,7,3.5,2.5
PUS01,18_1056_ANTIC-GOLD_43,0.9821428571428571,14.254545454545456,5.931840648477659,0.95,6.1,6,10,5.83,0.17
CHS01,18_1056_BLACK_38,1.4285714285714286,24.5,5.931840648477659,0.95,3.74,6,14,8.47,-2.47
CHS01,16_1042_ANTIC-GOLD_39,1.6785714285714286,21.4468085106383,5.931840648477659,0.95,3.44,6,16,9.96,-3.96
CHS01,16_1042_ANTIC-GOLD_40,1.25,20.0,5.931840648477659,0.95,4.66,6,12,7.41,-1.41
CHS01,17_1049_MAROON_38,1.125,13.333333333333334,5.931840648477659,0.95,5.33,6,11,6.67,-0.67
BES01,13_1021_WHITE_43,0.5892857142857143,20.363636363636363,5.931840648477659,0.95,9.61,6,7,3.5,2.5
COS01,12_1014_ROSE-GOLD_43,0.9821428571428571,18.327272727272728,5.931840648477659,0.95,5.37,6,10,5.83,0.17
COS01,13_1021_BROWN_40,0.8214285714285714,17.043478260869566,5.931840648477659,0.95,6.56,6,9,4.87,1.13
CHS01,19_1063_MAROON_40,1.0,18.0,5.931840648477659,0.95,5.09,6,10,5.93,0.07
AHS01,13_1021_BROWN_40,0.5714285714285714,24.5,5.931840648477659,0.95,9.52,6,7,3.39,2.61
AHS01,14_1028_WHITE_41,0.9642857142857143,16.59259259259259,5.931840648477659,0.95,5.58,6,10,5.72,0.28
AHS01,16_1042_ANTIC-GOLD_39,0.5892857142857143,23.757575757575758,5.931840648477659,0.95,9.27,6,7,3.5,2.5
COS01,28_1126_TAN_42,1.1607142857142858,21.538461538461537,5.931840648477659,0.95,4.82,6,12,6.89,-0.89
COS01,29_1133_BROWN_39,0.8571428571428571,18.666666666666668,5.931840648477659,0.95,6.27,6,9,5.08,0.92
COS01,29_1133_BROWN_41,1.0535714285714286,19.93220338983051,5.931840648477659,0.95,5.52,6,11,6.25,-0.25
COS01,28_1126_ROSE-GOLD_41,1.0357142857142858,30.89655172413793,5.931840648477659,0.95,4.98,6,11,6.14,-0.14
COS01,33_1161_BLUE-NAVY_40,0.9285714285714286,21.538461538461537,5.931840648477659,0.95,5.98,6,10,5.51,0.49
AHS01,17_1049_BLACK_41,1.3571428571428572,23.57894736842105,5.931840648477659,0.95,3.91,6,13,8.05,-2.05
CHS01,28_1126_ROSE-GOLD_40,1.1785714285714286,20.363636363636363,5.931840648477659,0.95,4.84,6,12,6.99,-0.99
SUS01,33_1161_ROSE-GOLD_41,1.0,22.0,5.931840648477659,0.95,4.04,5,10,5.93,-0.93
SUS01,33_1161_BLUE-NAVY_41,1.2857142857142858,23.333333333333332,5.931840648477659,0.95,3.78,5,13,7.63,-2.63
KOS01,25_1105_BROWN_39,1.0,28.0,5.931840648477659,0.95,4.23,5,10,5.93,-0.93
KOS01,25_1105_BROWN_41,0.9464285714285714,24.30188679245283,5.931840648477659,0.95,4.58,5,10,5.61,-0.61
KOS01,25_1105_MAROON_40,0.875,26.285714285714285,5.931840648477659,0.95,4.66,5,9,5.19,-0.19
AHS01,10_1000_WHITE_40,0.8214285714285714,19.47826086956522,5.931840648477659,0.95,5.44,5,9,4.87,0.13
SUS01,31_1147_ANTIC-GOLD_42,1.125,27.555555555555557,5.931840648477659,0.95,3.96,5,11,6.67,-1.67
COS01,29_1133_BROWN_40,0.6071428571428571,32.94117647058824,5.931840648477659,0.95,6.87,5,7,3.6,1.4
BHS01,33_1161_ROSE-GOLD_40,0.75,21.333333333333332,5.931840648477659,0.95,6.55,5,8,4.45,0.55
PUS01,22_1084_NAVY_40,1.2857142857142858,23.333333333333332,5.931840648477659,0.95,3.77,5,13,7.63,-2.63
PUS01,23_1091_BLUE-NAVY_38,0.4642857142857143,17.23076923076923,5.931840648477659,0.95,9.04,5,6,2.75,2.25
BHS01,31_1147_WHITE_41,0.9821428571428571,23.418181818181818,5.931840648477659,0.95,4.33,5,10,5.83,-0.83
COS01,28_1126_BLUE-NAVY_39,1.0357142857142858,24.137931034482758,5.931840648477659,0.95,4.63,5,11,6.14,-1.14
COS01,28_1126_ROSE-GOLD_42,1.0714285714285714,24.266666666666666,5.931840648477659,0.95,4.56,5,11,6.36,-1.36
BHS01,32_1154_MAROON_40,0.4642857142857143,12.923076923076923,5.931840648477659,0.95,9.51,5,6,2.75,2.25
PUS01,23_1091_BROWN_40,0.9285714285714286,18.307692307692307,5.931840648477659,0.95,4.94,5,10,5.51,-0.51
BHS01,31_1147_WHITE_38,0.8035714285714286,17.42222222222222,5.931840648477659,0.95,5.63,5,9,4.77,0.23
BHS01,27_1119_WHITE_40,1.1785714285714286,28.848484848484848,5.931840648477659,0.95,3.82,5,12,6.99,-1.99
MUS01,24_1098_WHITE_40,0.9107142857142857,18.666666666666668,5.931840648477659,0.95,4.76,5,10,5.4,-0.4
MUS01,27_1119_WHITE_42,1.2321428571428572,25.97101449275362,5.931840648477659,0.95,4.05,5,12,7.31,-2.31
MUS01,29_1133_BROWN_39,1.2857142857142858,31.888888888888886,5.931840648477659,0.95,3.33,5,13,7.63,-2.63
PUS01,21_1077_BLUE-NAVY_40,0.5714285714285714,22.75,5.931840648477659,0.95,7.77,5,7,3.39,1.61
PUS01,22_1084_NAVY_38,0.9464285714285714,19.0188679245283,5.931840648477659,0.95,5.27,5,10,5.61,-0.61
BHS01,33_1161_BLUE-NAVY_41,0.6071428571428571,23.058823529411768,5.931840648477659,0.95,6.76,5,7,3.6,1.4
BHS01,23_1091_BROWN_39,0.8035714285714286,19.91111111111111,5.931840648477659,0.95,6.02,5,9,4.77,0.23
BHS01,28_1126_BLUE-NAVY_42,0.5892857142857143,13.575757575757576,5.931840648477659,0.95,7.8,5,7,3.5,1.5
BHS01,25_1105_BROWN_40,0.625,25.6,5.931840648477659,0.95,6.56,5,7,3.71,1.29
BHS01,25_1105_BROWN_41,0.875,25.142857142857142,5.931840648477659,0.95,5.11,5,9,5.19,-0.19
MUS01,24_1098_WHITE_39,1.3928571428571428,22.974358974358974,5.931840648477659,0.95,3.48,5,13,8.26,-3.26
HYS01,11_1007_BLACK_39,0.8392857142857143,21.4468085106383,5.931840648477659,0.95,4.84,5,9,4.98,0.02
HYS01,11_1007_BLACK_41,1.0892857142857142,22.032786885245905,5.931840648477659,0.95,3.77,5,11,6.46,-1.46
HYS01,12_1014_BROWN_37,1.4107142857142858,26.22784810126582,5.931840648477659,0.95,2.86,5,14,8.37,-3.37
PUS01,28_1126_ROSE-GOLD_38,1.0892857142857142,22.95081967213115,5.931840648477659,0.95,3.92,5,11,6.46,-1.46
HYS01,13_1021_BROWN_42,0.6964285714285714,17.23076923076923,5.931840648477659,0.95,6.48,5,8,4.13,0.87
PUS01,25_1105_BLACK_41,0.8571428571428571,19.833333333333336,5.931840648477659,0.95,5.5,5,9,5.08,-0.08
PUS01,25_1105_BROWN_39,0.9642857142857143,22.814814814814813,5.931840648477659,0.95,4.37,5,10,5.72,-0.72
COS01,23_1091_BLUE-NAVY_40,1.0178571428571428,21.614035087719298,5.931840648477659,0.95,4.0,5,11,6.04,-1.04
COS01,18_1056_GREY_40,1.3928571428571428,28.71794871794872,5.931840648477659,0.95,3.49,5,13,8.26,-3.26
CHS01,12_1014_ANTIC-GOLD_43,1.0892857142857142,17.442622950819672,5.931840648477659,0.95,4.2,5,11,6.46,-1.46
CHS01,10_1000_BROWN_41,1.2142857142857142,20.58823529411765,5.931840648477659,0.95,4.04,5,12,7.2,-2.2
HYS01,13_1021_WHITE_39,1.0357142857142858,21.241379310344826,5.931840648477659,0.95,4.01,5,11,6.14,-1.14
HYS01,14_1028_ROSE-GOLD_38,0.8392857142857143,17.872340425531913,5.931840648477659,0.95,5.48,5,9,4.98,0.02
HYS01,14_1028_ROSE-GOLD_40,0.6607142857142857,25.72972972972973,5.931840648477659,0.95,6.19,5,8,3.92,1.08
PUS01,27_1119_WHITE_38,1.0178571428571428,20.63157894736842,5.931840648477659,0.95,4.41,5,11,6.04,-1.04
PUS01,27_1119_WHITE_39,1.0357142857142858,27.999999999999996,5.931840648477659,0.95,4.26,5,11,6.14,-1.14
PUS01,27_1119_WHITE_41,1.125,23.11111111111111,5.931840648477659,0.95,4.3,5,11,6.67,-1.67
HYS01,16_1042_TAN_39,1.0357142857142858,24.137931034482758,5.931840648477659,0.95,4.03,5,11,6.14,-1.14
BHS01,22_1084_NAVY_42,0.3392857142857143,32.421052631578945,5.931840648477659,0.95,12.3,5,5,2.01,2.99
BHS01,21_1077_BLUE-NAVY_40,0.5892857142857143,20.363636363636363,5.931840648477659,0.95,7.6,5,7,3.5,1.5
BHS01,21_1077_BLUE-NAVY_41,0.7142857142857143,23.8,5.931840648477659,0.95,6.25,5,8,4.24,0.76
BHS01,21_1077_BLUE-NAVY_43,0.7321428571428571,17.75609756097561,5.931840648477659,0.95,6.05,5,8,4.34,0.66
HYS01,17_1049_BLACK_40,0.9821428571428571,29.527272727272727,5.931840648477659,0.95,4.33,5,10,5.83,-0.83
HYS01,14_1028_WHITE_40,1.25,27.2,5.931840648477659,0.95,3.67,5,12,7.41,-2.41
HYS01,14_1028_WHITE_42,1.0178571428571428,19.649122807017545,5.931840648477659,0.95,4.53,5,11,6.04,-1.04
HYS01,16_1042_TAN_38,1.1607142857142858,23.26153846153846,5.931840648477659,0.95,4.1,5,12,6.89,-1.89
CHS01,11_1007_TAN_39,1.2321428571428572,25.15942028985507,5.931840648477659,0.95,3.6,5,12,7.31,-2.31
CHS01,11_1007_TAN_40,0.9821428571428571,20.363636363636363,5.931840648477659,0.95,4.21,5,10,5.83,-0.83
HYS01,17_1049_MAROON_40,1.3928571428571428,28.71794871794872,5.931840648477659,0.95,3.35,5,13,8.26,-3.26
BHS01,18_1056_GREY_42,0.6607142857142857,21.18918918918919,5.931840648477659,0.95,6.95,5,8,3.92,1.08
BHS01,20_1070_ANTIC-GOLD_41,0.7678571428571429,15.627906976744185,5.931840648477659,0.95,5.94,5,9,4.55,0.45
MUS01,21_1077_BLUE-NAVY_40,0.9464285714285714,20.07547169811321,5.931840648477659,0.95,5.21,5,10,5.61,-0.61
MUS01,21_1077_MAROON_39,1.1785714285714286,28.848484848484848,5.931840648477659,0.95,3.4,5,12,6.99,-1.99
MUS01,21_1077_MAROON_40,1.0892857142857142,21.114754098360656,5.931840648477659,0.95,3.72,5,11,6.46,-1.46
MUS01,21_1077_MAROON_42,0.9285714285714286,16.153846153846153,5.931840648477659,0.95,4.96,5,10,5.51,-0.51
PUS01,28_1126_TAN_39,1.1964285714285714,32.59701492537314,5.931840648477659,0.95,3.47,5,12,7.1,-2.1
PUS01,28_1126_TAN_43,0.9821428571428571,21.381818181818183,5.931840648477659,0.95,4.55,5,10,5.83,-0.83
BHS01,16_1042_TAN_39,0.6964285714285714,21.53846153846154,5.931840648477659,0.95,5.99,5,8,4.13,0.87
BHS01,17_1049_BROWN_40,0.75,21.333333333333332,5.931840648477659,0.95,5.63,5,8,4.45,0.55
HYS01,20_1070_ANTIC-GOLD_41,1.1785714285714286,26.3030303030303,5.931840648477659,0.95,3.5,5,12,6.99,-1.99
PUS01,10_1000_BROWN_41,1.3214285714285714,26.486486486486488,5.931840648477659,0.95,3.09,5,13,7.84,-2.84
COS01,17_1049_BROWN_39,0.9642857142857143,19.703703703703702,5.931840648477659,0.95,4.62,5,10,5.72,-0.72
COS01,17_1049_BROWN_41,0.9464285714285714,27.471698113207548,5.931840648477659,0.95,4.32,5,10,5.61,-0.61
PUS01,18_1056_GREY_42,0.9107142857142857,30.745098039215687,5.931840648477659,0.95,4.49,5,10,5.4,-0.4
PUS01,18_1056_GREY_43,1.0,22.0,5.931840648477659,0.95,4.34,5,10,5.93,-0.93
HYS01,23_1091_BLACK_39,1.1964285714285714,20.895522388059703,5.931840648477659,0.95,4.04,5,12,7.1,-2.1
HYS01,23_1091_BLACK_40,1.0178571428571428,18.666666666666668,5.931840648477659,0.95,4.73,5,11,6.04,-1.04
HYS01,21_1077_BLUE-NAVY_40,1.1607142857142858,31.876923076923074,5.931840648477659,0.95,3.69,5,12,6.89,-1.89
HYS01,21_1077_MAROON_42,1.2678571428571428,25.23943661971831,5.931840648477659,0.95,3.44,5,13,7.52,-2.52
MUS01,17_1049_MAROON_41,1.0178571428571428,30.456140350877195,5.931840648477659,0.95,4.32,5,11,6.04,-1.04
MUS01,18_1056_ANTIC-GOLD_41,1.0178571428571428,29.47368421052632,5.931840648477659,0.95,4.74,5,11,6.04,-1.04
MUS01,18_1056_BLACK_38,1.0892857142857142,24.78688524590164,5.931840648477659,0.95,3.83,5,11,6.46,-1.46
PUS01,31_1147_MAROON_41,1.1607142857142858,19.815384615384612,5.931840648477659,0.95,3.86,5,12,6.89,-1.89
BHS01,14_1028_ROSE-GOLD_42,0.6428571428571429,26.444444444444443,5.931840648477659,0.95,6.89,5,8,3.81,1.19
BHS01,12_1014_ANTIC-GOLD_37,0.875,20.571428571428573,5.931840648477659,0.95,4.68,5,9,5.19,-0.19
BHS01,14_1028_WHITE_39,0.6428571428571429,20.22222222222222,5.931840648477659,0.95,7.44,5,8,3.81,1.19
COS01,17_1049_MAROON_42,0.7142857142857143,19.599999999999998,5.931840648477659,0.95,6.01,5,8,4.24,0.76
PUS01,10_1000_ROSE-GOLD_41,1.0178571428571428,19.649122807017545,5.931840648477659,0.95,4.84,5,11,6.04,-1.04
PUS01,11_1007_BLACK_40,1.2857142857142858,21.777777777777775,5.931840648477659,0.95,3.84,5,13,7.63,-2.63
COS01,16_1042_ANTIC-GOLD_40,0.8928571428571429,24.639999999999997,5.931840648477659,0.95,4.83,5,10,5.3,-0.3
BHS01,10_1000_BROWN_41,0.9821428571428571,23.418181818181818,5.931840648477659,0.95,4.74,5,10,5.83,-0.83
HYS01,23_1091_BROWN_40,0.875,19.428571428571427,5.931840648477659,0.95,5.1,5,9,5.19,-0.19
HYS01,23_1091_BROWN_41,0.625,14.4,5.931840648477659,0.95,6.98,5,7,3.71,1.29
HYS01,23_1091_BROWN_42,0.7857142857142857,15.272727272727273,5.931840648477659,0.95,6.34,5,9,4.66,0.34
BHS01,12_1014_ROSE-GOLD_37,0.8035714285714286,17.42222222222222,5.931840648477659,0.95,5.86,5,9,4.77,0.23
BES01,33_1161_ROSE-GOLD_42,0.32142857142857145,24.888888888888886,5.931840648477659,0.95,12.63,5,5,1.91,3.09
BES01,33_1161_ROSE-GOLD_43,0.42857142857142855,16.333333333333336,5.931840648477659,0.95,10.07,5,6,2.54,2.46
BES01,32_1154_MAROON_41,0.42857142857142855,16.333333333333336,5.931840648477659,0.95,10.78,5,6,2.54,2.46
BES01,31_1147_MAROON_39,0.42857142857142855,30.333333333333336,5.931840648477659,0.95,10.72,5,6,2.54,2.46
BES01,31_1147_MAROON_43,0.375,16.0,5.931840648477659,0.95,12.99,5,5,2.22,2.78
BES01,28_1126_TAN_38,0.9107142857142857,24.15686274509804,5.931840648477659,0.95,4.62,5,10,5.4,-0.4
BES01,27_1119_ANTIC-GOLD_37,0.30357142857142855,23.058823529411768,5.931840648477659,0.95,15.44,5,5,1.8,3.2
BES01,31_1147_ANTIC-GOLD_37,0.35714285714285715,28.0,5.931840648477659,0.95,12.71,5,5,2.12,2.88
CHS01,16_1042_TAN_41,0.9464285714285714,22.18867924528302,5.931840648477659,0.95,5.16,5,10,5.61,-0.61
COS01,14_1028_WHITE_39,0.625,20.8,5.931840648477659,0.95,6.68,5,7,3.71,1.29
PUS01,11_1007_TAN_40,1.0714285714285714,16.8,5.931840648477659,0.95,4.45,5,11,6.36,-1.36
MUS01,14_1028_WHITE_42,1.3392857142857142,25.386666666666667,5.931840648477659,0.95,3.26,5,13,7.94,-2.94
MUS01,16_1042_ANTIC-GOLD_41,0.9107142857142857,17.568627450980394,5.931840648477659,0.95,5.4,5,10,5.4,-0.4
BES01,24_1098_WHITE_40,0.7857142857142857,30.545454545454547,5.931840648477659,0.95,5.15,5,9,4.66,0.34
BES01,26_1112_WHITE_40,1.3214285714285714,26.486486486486488,5.931840648477659,0.95,3.72,5,13,7.84,-2.84
INS01,12_1014_ROSE-GOLD_38,1.1964285714285714,23.402985074626866,5.931840648477659,0.95,3.99,5,12,7.1,-2.1
SUS01,14_1028_ROSE-GOLD_42,1.1428571428571428,24.5,5.931840648477659,0.95,4.11,5,12,6.78,-1.78
SUS01,14_1028_WHITE_39,0.6964285714285714,17.23076923076923,5.931840648477659,0.95,5.94,5,8,4.13,0.87
BES01,23_1091_BLUE-NAVY_40,0.6785714285714286,23.57894736842105,5.931840648477659,0.95,6.47,5,8,4.03,0.97
BES01,23_1091_BROWN_38,0.5892857142857143,23.757575757575758,5.931840648477659,0.95,7.13,5,7,3.5,1.5
BES01,23_1091_BROWN_40,0.9464285714285714,25.358490566037737,5.931840648477659,0.95,4.83,5,10,5.61,-0.61
BES01,22_1084_NAVY_39,1.1785714285714286,24.606060606060606,5.931840648477659,0.95,3.78,5,12,6.99,-1.99
INS01,14_1028_NAVY_41,1.1785714285714286,22.90909090909091,5.931840648477659,0.95,3.98,5,12,6.99,-1.99
INS01,14_1028_ROSE-GOLD_42,0.75,20.0,5.931840648477659,0.95,5.47,5,8,4.45,0.55
INS01,14_1028_WHITE_39,0.6964285714285714,17.23076923076923,5.931840648477659,0.95,5.94,5,8,4.13,0.87
MUS01,14_1028_ROSE-GOLD_37,0.23214285714285715,34.46153846153846,5.931840648477659,0.95,18.36,5,4,1.38,3.62
INS01,16_1042_ANTIC-GOLD_41,0.9821428571428571,22.400000000000002,5.931840648477659,0.95,4.09,5,10,5.83,-0.83
INS01,16_1042_BLUE-NAVY_41,0.8214285714285714,18.26086956521739,5.931840648477659,0.95,4.89,5,9,4.87,0.13
MUS01,10_1000_ROSE-GOLD_40,1.0892857142857142,19.278688524590166,5.931840648477659,0.95,4.21,5,11,6.46,-1.46
MUS01,10_1000_ROSE-GOLD_41,0.9821428571428571,24.436363636363637,5.931840648477659,0.95,4.2,5,10,5.83,-0.83
SUS01,16_1042_TAN_39,0.9464285714285714,17.962264150943398,5.931840648477659,0.95,4.45,5,10,5.61,-0.61
MAS01,28_1126_BLUE-NAVY_40,0.5714285714285714,8.75,5.931840648477659,0.95,8.48,5,7,3.39,1.61
MAS01,28_1126_BLUE-NAVY_41,0.9821428571428571,18.327272727272728,5.931840648477659,0.95,4.38,5,10,5.83,-0.83
MAS01,28_1126_TAN_41,0.6607142857142857,18.16216216216216,5.931840648477659,0.95,6.83,5,8,3.92,1.08
BES01,16_1042_ANTIC-GOLD_41,0.625,32.0,5.931840648477659,0.95,6.89,5,7,3.71,1.29
INS01,18_1056_ANTIC-GOLD_38,0.8571428571428571,22.166666666666668,5.931840648477659,0.95,5.32,5,9,5.08,-0.08
MAS01,31_1147_ANTIC-GOLD_40,0.3392857142857143,23.57894736842105,5.931840648477659,0.95,14.63,5,5,2.01,2.99
CHS01,18_1056_ANTIC-GOLD_41,0.75,25.333333333333332,5.931840648477659,0.95,6.15,5,8,4.45,0.55
CHS01,18_1056_ANTIC-GOLD_43,1.1428571428571428,25.375,5.931840648477659,0.95,4.12,5,12,6.78,-1.78
CHS01,21_1077_BLUE-NAVY_40,0.6785714285714286,20.63157894736842,5.931840648477659,0.95,6.04,5,8,4.03,0.97
CHS01,21_1077_BLUE-NAVY_41,0.9285714285714286,21.538461538461537,5.931840648477659,0.95,5.12,5,10,5.51,-0.51
CHS01,21_1077_BLUE-NAVY_44,0.17857142857142858,28.0,5.931840648477659,0.95,23.39,5,3,1.06,3.94
CHS01,18_1056_BLACK_43,1.125,21.333333333333332,5.931840648477659,0.95,4.36,5,11,6.67,-1.67
COS01,14_1028_WHITE_38,0.6964285714285714,15.794871794871796,5.931840648477659,0.95,5.92,5,8,4.13,0.87
BES01,13_1021_BROWN_40,0.5714285714285714,28.0,5.931840648477659,0.95,7.94,5,7,3.39,1.61
BES01,13_1021_BROWN_42,0.9107142857142857,19.764705882352942,5.931840648477659,0.95,5.4,5,10,5.4,-0.4
BES01,16_1042_TAN_41,0.7857142857142857,29.272727272727273,5.931840648477659,0.95,6.2,5,9,4.66,0.34
BES01,16_1042_TAN_43,0.32142857142857145,27.999999999999996,5.931840648477659,0.95,13.77,5,5,1.91,3.09
SUS01,16_1042_TAN_41,0.8392857142857143,17.872340425531913,5.931840648477659,0.95,5.44,5,9,4.98,0.02
SUS01,17_1049_BLACK_40,1.0,27.0,5.931840648477659,0.95,4.09,5,10,5.93,-0.93
SUS01,17_1049_BLACK_41,0.9107142857142857,23.058823529411764,5.931840648477659,0.95,4.86,5,10,5.4,-0.4
BES01,14_1028_ROSE-GOLD_38,0.8214285714285714,20.695652173913043,5.931840648477659,0.95,5.01,5,9,4.87,0.13
BES01,14_1028_ROSE-GOLD_42,0.7142857142857143,28.0,5.931840648477659,0.95,6.89,5,8,4.24,0.76
INS01,18_1056_GREY_41,0.7857142857142857,15.272727272727273,5.931840648477659,0.95,5.85,5,9,4.66,0.34
INS01,18_1056_ANTIC-GOLD_42,0.75,20.0,5.931840648477659,0.95,5.58,5,8,4.45,0.55
BES01,14_1028_ROSE-GOLD_37,0.26785714285714285,26.133333333333333,5.931840648477659,0.95,15.78,5,4,1.59,3.41
COS01,13_1021_BROWN_39,0.7678571428571429,26.046511627906977,5.931840648477659,0.95,5.78,5,9,4.55,0.45
COS01,13_1021_BROWN_41,0.6964285714285714,28.71794871794872,5.931840648477659,0.95,6.16,5,8,4.13,0.87
PUS01,17_1049_BROWN_42,1.0178571428571428,21.614035087719298,5.931840648477659,0.95,4.06,5,11,6.04,-1.04
CHS01,19_1063_MAROON_41,1.1785714285714286,22.90909090909091,5.931840648477659,0.95,4.06,5,12,6.99,-1.99
BES01,12_1014_ROSE-GOLD_44,0.9821428571428571,20.363636363636363,5.931840648477659,0.95,4.45,5,10,5.83,-0.83
MAS01,18_1056_ANTIC-GOLD_40,0.7142857142857143,23.8,5.931840648477659,0.95,6.13,5,8,4.24,0.76
MAS01,18_1056_BLACK_38,0.7321428571428571,15.02439024390244,5.931840648477659,0.95,5.5,5,8,4.34,0.66
MAS01,18_1056_BLACK_41,0.5178571428571429,19.310344827586206,5.931840648477659,0.95,7.97,5,6,3.07,1.93
BES01,11_1007_TAN_41,0.75,18.666666666666668,5.931840648477659,0.95,5.34,5,8,4.45,0.55
AHS01,33_1161_BLUE-NAVY_38,0.5178571428571429,27.034482758620687,5.931840648477659,0.95,8.08,5,6,3.07,1.93
AHS01,33_1161_BLUE-NAVY_42,0.7857142857142857,25.454545454545457,5.931840648477659,0.95,5.32,5,9,4.66,0.34
INS01,25_1105_MAROON_41,0.7142857142857143,22.4,5.931840648477659,0.95,6.27,5,8,4.24,0.76
CHS01,23_1091_BLACK_40,0.8214285714285714,15.82608695652174,5.931840648477659,0.95,5.67,5,9,4.87,0.13
PUS01,17_1049_BLACK_40,0.9642857142857143,24.88888888888889,5.931840648477659,0.95,4.78,5,10,5.72,-0.72
PUS01,17_1049_BLACK_41,1.25,27.2,5.931840648477659,0.95,3.61,5,12,7.41,-2.41
COS01,12_1014_ROSE-GOLD_38,0.8035714285714286,24.88888888888889,5.931840648477659,0.95,5.39,5,9,4.77,0.23
INS01,29_1133_BROWN_39,1.6071428571428572,28.62222222222222,5.931840648477659,0.95,3.08,5,15,9.53,-4.53
INS01,29_1133_BROWN_42,1.1785714285714286,28.848484848484848,5.931840648477659,0.95,3.74,5,12,6.99,-1.99
INS01,31_1147_ANTIC-GOLD_42,0.75,13.333333333333334,5.931840648477659,0.95,6.23,5,8,4.45,0.55
INS01,27_1119_ANTIC-GOLD_42,1.1964285714285714,23.402985074626866,5.931840648477659,0.95,4.13,5,12,7.1,-2.1
AHS01,33_1161_ROSE-GOLD_41,0.42857142857142855,25.666666666666668,5.931840648477659,0.95,10.0,5,6,2.54,2.46
AHS01,31_1147_WHITE_38,0.8571428571428571,18.666666666666668,5.931840648477659,0.95,4.9,5,9,5.08,-0.08
AHS01,31_1147_WHITE_41,1.1071428571428572,25.29032258064516,5.931840648477659,0.95,4.5,5,11,6.57,-1.57
MAS01,12_1014_BROWN_39,0.6071428571428571,26.35294117647059,5.931840648477659,0.95,6.79,5,7,3.6,1.4
AHS01,27_1119_ANTIC-GOLD_44,0.6428571428571429,23.333333333333332,5.931840648477659,0.95,6.9,5,8,3.81,1.19
AHS01,31_1147_MAROON_43,0.39285714285714285,20.363636363636363,5.931840648477659,0.95,10.63,5,5,2.33,2.67
SUS01,24_1098_WHITE_39,0.75,17.333333333333332,5.931840648477659,0.95,5.66,5,8,4.45,0.55
COS01,11_1007_BLACK_39,0.875,22.857142857142858,5.931840648477659,0.95,4.67,5,9,5.19,-0.19
COS01,12_1014_ANTIC-GOLD_38,1.0357142857142858,21.241379310344826,5.931840648477659,0.95,4.11,5,11,6.14,-1.14
CHS01,23_1091_BROWN_39,1.0892857142857142,23.868852459016395,5.931840648477659,0.95,4.01,5,11,6.46,-1.46
CHS01,23_1091_BROWN_41,1.0535714285714286,22.779661016949152,5.931840648477659,0.95,4.3,5,11,6.25,-1.25
CHS01,24_1098_MAROON_40,0.9107142857142857,25.254901960784313,5.931840648477659,0.95,4.48,5,10,5.4,-0.4
PUS01,13_1021_BROWN_40,0.9285714285714286,21.538461538461537,5.931840648477659,0.95,4.78,5,10,5.51,-0.51
PUS01,13_1021_BROWN_43,0.9285714285714286,15.076923076923077,5.931840648477659,0.95,4.88,5,10,5.51,-0.51
PUS01,14_1028_NAVY_39,1.4107142857142858,30.481012658227847,5.931840648477659,0.95,2.96,5,14,8.37,-3.37
MAS01,12_1014_ANTIC-GOLD_42,1.4464285714285714,24.88888888888889,5.931840648477659,0.95,2.97,5,14,8.58,-3.58
KOS01,13_1021_BROWN_39,0.8214285714285714,30.434782608695652,5.931840648477659,0.95,5.07,5,9,4.87,0.13
AHS01,29_1133_BROWN_43,0.48214285714285715,29.037037037037038,5.931840648477659,0.95,9.34,5,6,2.86,2.14
AHS01,27_1119_WHITE_43,0.42857142857142855,23.333333333333336,5.931840648477659,0.95,10.9,5,6,2.54,2.46
AHS01,25_1105_BROWN_38,0.42857142857142855,25.666666666666668,5.931840648477659,0.95,9.34,5,6,2.54,2.46
KOS01,31_1147_WHITE_41,0.9464285714285714,22.18867924528302,5.931840648477659,0.95,4.28,5,10,5.61,-0.61
KOS01,16_1042_ANTIC-GOLD_39,0.9642857142857143,21.77777777777778,5.931840648477659,0.95,4.35,5,10,5.72,-0.72
KOS01,33_1161_BLUE-NAVY_39,0.9821428571428571,20.363636363636363,5.931840648477659,0.95,5.08,5,10,5.83,-0.83
PUS01,17_1049_BLACK_38,1.3214285714285714,22.7027027027027,5.931840648477659,0.95,3.47,5,13,7.84,-2.84
CHS01,25_1105_BROWN_39,0.875,19.428571428571427,5.931840648477659,0.95,5.31,5,9,5.19,-0.19
CHS01,25_1105_BROWN_42,0.8392857142857143,19.06382978723404,5.931840648477659,0.95,5.24,5,9,4.98,0.02
PUS01,14_1028_ROSE-GOLD_38,1.0357142857142858,21.241379310344826,5.931840648477659,0.95,4.31,5,11,6.14,-1.14
SUS01,25_1105_BROWN_39,0.9285714285714286,17.23076923076923,5.931840648477659,0.95,4.93,5,10,5.51,-0.51
AHS01,20_1070_ANTIC-GOLD_40,0.4107142857142857,29.217391304347828,5.931840648477659,0.95,10.03,5,6,2.44,2.56
KOS01,16_1042_TAN_38,0.5714285714285714,15.75,5.931840648477659,0.95,7.29,5,7,3.39,1.61
KOS01,16_1042_TAN_39,0.5357142857142857,22.400000000000002,5.931840648477659,0.95,7.86,5,7,3.18,1.82
KOS01,16_1042_TAN_41,0.6428571428571429,20.22222222222222,5.931840648477659,0.95,6.74,5,8,3.81,1.19
KOS01,17_1049_BLACK_38,0.21428571428571427,28.0,5.931840648477659,0.95,19.34,5,4,1.27,3.73
KOS01,31_1147_ANTIC-GOLD_42,0.5178571428571429,38.62068965517241,5.931840648477659,0.95,8.17,5,6,3.07,1.93
AHS01,18_1056_ANTIC-GOLD_43,0.6964285714285714,14.35897435897436,5.931840648477659,0.95,6.79,5,8,4.13,0.87
AHS01,18_1056_ANTIC-GOLD_44,0.5,26.0,5.931840648477659,0.95,9.79,5,6,2.97,2.03
AHS01,18_1056_GREY_38,0.6964285714285714,18.666666666666668,5.931840648477659,0.95,6.07,5,8,4.13,0.87
KOS01,17_1049_BLACK_40,0.8392857142857143,30.97872340425532,5.931840648477659,0.95,4.88,5,9,4.98,0.02
KOS01,17_1049_BLACK_43,0.5892857142857143,28.848484848484848,5.931840648477659,0.95,7.93,5,7,3.5,1.5
KOS01,17_1049_BROWN_41,1.0178571428571428,22.596491228070178,5.931840648477659,0.95,4.83,5,11,6.04,-1.04
PUS01,14_1028_ROSE-GOLD_41,1.0,26.0,5.931840648477659,0.95,4.61,5,10,5.93,-0.93
CHS01,28_1126_ROSE-GOLD_38,1.1964285714285714,23.402985074626866,5.931840648477659,0.95,3.95,5,12,7.1,-2.1
CHS01,26_1112_WHITE_42,0.9107142857142857,19.764705882352942,5.931840648477659,0.95,4.8,5,10,5.4,-0.4
CHS01,27_1119_ANTIC-GOLD_42,1.1428571428571428,27.125,5.931840648477659,0.95,4.34,5,12,6.78,-1.78
CHS01,30_1140_WHITE_39,0.875,19.428571428571427,5.931840648477659,0.95,4.63,5,9,5.19,-0.19
AHS01,16_1042_TAN_38,0.9285714285714286,17.23076923076923,5.931840648477659,0.95,5.16,5,10,5.51,-0.51
AHS01,16_1042_TAN_42,0.2857142857142857,56.0,5.931840648477659,0.95,16.74,5,4,1.69,3.31
AHS01,17_1049_BLACK_42,1.3571428571428572,27.263157894736842,5.931840648477659,0.95,3.0,5,13,8.05,-3.05
KOS01,20_1070_ANTIC-GOLD_40,0.48214285714285715,10.37037037037037,5.931840648477659,0.95,9.42,5,6,2.86,2.14
KOS01,21_1077_BLUE-NAVY_40,0.625,19.2,5.931840648477659,0.95,6.98,5,7,3.71,1.29
KOS01,21_1077_MAROON_38,0.4107142857142857,31.65217391304348,5.931840648477659,0.95,11.55,5,6,2.44,2.56
KOS01,21_1077_MAROON_39,0.6071428571428571,16.47058823529412,5.931840648477659,0.95,7.11,5,7,3.6,1.4
SUS01,26_1112_WHITE_39,0.9285714285714286,25.846153846153847,5.931840648477659,0.95,4.81,5,10,5.51,-0.51
SUS01,26_1112_WHITE_41,1.3214285714285714,28.0,5.931840648477659,0.95,3.46,5,13,7.84,-2.84
SUS01,26_1112_WHITE_42,1.2857142857142858,23.333333333333332,5.931840648477659,0.95,3.3,5,13,7.63,-2.63
SUS01,27_1119_WHITE_38,0.9107142857142857,17.568627450980394,5.931840648477659,0.95,4.69,5,10,5.4,-0.4
KOS01,28_1126_BLUE-NAVY_40,0.75,22.666666666666668,5.931840648477659,0.95,5.41,5,8,4.45,0.55
KOS01,28_1126_ROSE-GOLD_37,0.3392857142857143,29.473684210526315,5.931840648477659,0.95,13.16,5,5,2.01,2.99
AHS01,14_1028_NAVY_39,0.8928571428571429,28.0,5.931840648477659,0.95,5.09,5,10,5.3,-0.3
SUS01,31_1147_ANTIC-GOLD_39,1.2321428571428572,22.724637681159418,5.931840648477659,0.95,3.94,5,12,7.31,-2.31
CHS01,28_1126_TAN_38,1.0357142857142858,24.137931034482758,5.931840648477659,0.95,4.43,5,11,6.14,-1.14
CHS01,27_1119_WHITE_39,1.1428571428571428,32.375,5.931840648477659,0.95,3.91,5,12,6.78,-1.78
CHS01,27_1119_WHITE_42,0.8571428571428571,21.0,5.931840648477659,0.95,5.57,5,9,5.08,-0.08
CHS01,28_1126_BLUE-NAVY_40,0.9821428571428571,20.363636363636363,5.931840648477659,0.95,4.93,5,10,5.83,-0.83
AHS01,10_1000_ROSE-GOLD_42,0.6607142857142857,34.810810810810814,5.931840648477659,0.95,6.72,5,8,3.92,1.08
AHS01,10_1000_WHITE_38,0.39285714285714285,20.363636363636363,5.931840648477659,0.95,12.38,5,5,2.33,2.67
CHS01,28_1126_BLUE-NAVY_42,0.9642857142857143,21.77777777777778,5.931840648477659,0.95,4.05,4,10,5.72,-1.72
AHS01,10_1000_WHITE_43,0.35714285714285715,22.4,5.931840648477659,0.95,8.63,4,5,2.12,1.88
SUS01,33_1161_BLUE-NAVY_40,0.5714285714285714,19.25,5.931840648477659,0.95,6.28,4,7,3.39,0.61
AHS01,10_1000_ROSE-GOLD_44,0.42857142857142855,18.666666666666668,5.931840648477659,0.95,9.22,4,6,2.54,1.46
KOS01,28_1126_BLUE-NAVY_38,0.35714285714285715,14.0,5.931840648477659,0.95,8.49,4,5,2.12,1.88
KOS01,23_1091_BROWN_39,0.7678571428571429,23.441860465116278,5.931840648477659,0.95,4.95,4,9,4.55,-0.55
CHS01,27_1119_ANTIC-GOLD_43,0.7142857142857143,21.0,5.931840648477659,0.95,5.02,4,8,4.24,-0.24
CHS01,30_1140_WHITE_40,0.6607142857142857,21.18918918918919,5.931840648477659,0.95,5.27,4,8,3.92,0.08
CHS01,30_1140_WHITE_42,0.6071428571428571,18.117647058823533,5.931840648477659,0.95,5.3,4,7,3.6,0.4
CHS01,32_1154_MAROON_40,0.23214285714285715,43.07692307692307,5.931840648477659,0.95,15.89,4,4,1.38,2.62
CHS01,33_1161_ROSE-GOLD_38,1.0714285714285714,24.266666666666666,5.931840648477659,0.95,3.69,4,11,6.36,-2.36
CHS01,28_1126_TAN_37,0.7142857142857143,23.8,5.931840648477659,0.95,4.43,4,8,4.24,-0.24
KOS01,23_1091_BROWN_42,0.8571428571428571,29.166666666666668,5.931840648477659,0.95,4.27,4,9,5.08,-1.08
KOS01,24_1098_MAROON_38,0.3392857142857143,23.57894736842105,5.931840648477659,0.95,9.02,4,5,2.01,1.99
KOS01,24_1098_MAROON_39,0.6428571428571429,18.666666666666664,5.931840648477659,0.95,5.47,4,8,3.81,0.19
KOS01,24_1098_MAROON_41,0.5714285714285714,24.5,5.931840648477659,0.95,6.09,4,7,3.39,0.61
KOS01,21_1077_MAROON_41,0.625,24.0,5.931840648477659,0.95,5.19,4,7,3.71,0.29
KOS01,21_1077_MAROON_42,0.6428571428571429,23.333333333333332,5.931840648477659,0.95,5.0,4,8,3.81,0.19
KOS01,21_1077_MAROON_44,0.16071428571428573,18.666666666666664,5.931840648477659,0.95,23.21,4,3,0.95,3.05
PUS01,16_1042_TAN_37,0.6607142857142857,16.64864864864865,5.931840648477659,0.95,4.91,4,8,3.92,0.08
PUS01,16_1042_TAN_38,0.9285714285714286,22.615384615384613,5.931840648477659,0.95,4.28,4,10,5.51,-1.51
PUS01,16_1042_TAN_39,0.7857142857142857,22.90909090909091,5.931840648477659,0.95,4.38,4,9,4.66,-0.66
COS01,10_1000_ROSE-GOLD_40,0.5892857142857143,20.363636363636363,5.931840648477659,0.95,5.71,4,7,3.5,0.5
COS01,10_1000_ROSE-GOLD_41,0.6428571428571429,23.333333333333332,5.931840648477659,0.95,4.91,4,8,3.81,0.19
PUS01,14_1028_NAVY_40,0.75,22.666666666666668,5.931840648477659,0.95,5.33,4,8,4.45,-0.45
PUS01,14_1028_NAVY_42,0.7321428571428571,21.853658536585368,5.931840648477659,0.95,4.5,4,8,4.34,-0.34
PUS01,14_1028_ROSE-GOLD_37,0.5714285714285714,12.25,5.931840648477659,0.95,6.36,4,7,3.39,0.61
CHS01,28_1126_BLUE-NAVY_43,0.75,21.333333333333332,5.931840648477659,0.95,4.34,4,8,4.45,-0.45
CHS01,26_1112_WHITE_43,0.9642857142857143,25.925925925925924,5.931840648477659,0.95,3.39,4,10,5.72,-1.72
SUS01,27_1119_WHITE_39,0.9821428571428571,30.545454545454547,5.931840648477659,0.95,3.73,4,10,5.83,-1.83
AHS01,16_1042_ANTIC-GOLD_42,1.0535714285714286,22.779661016949152,5.931840648477659,0.95,3.72,4,11,6.25,-2.25
KOS01,28_1126_BLUE-NAVY_39,0.6964285714285714,28.71794871794872,5.931840648477659,0.95,4.74,4,8,4.13,-0.13
KOS01,28_1126_ROSE-GOLD_43,0.5357142857142857,20.533333333333335,5.931840648477659,0.95,6.34,4,7,3.18,0.82
KOS01,18_1056_GREY_39,0.6071428571428571,31.294117647058826,5.931840648477659,0.95,5.82,4,7,3.6,0.4
KOS01,18_1056_GREY_41,0.6071428571428571,24.705882352941178,5.931840648477659,0.95,5.75,4,7,3.6,0.4
AHS01,18_1056_GREY_37,0.375,34.666666666666664,5.931840648477659,0.95,8.8,4,5,2.22,1.78
AHS01,16_1042_TAN_43,0.44642857142857145,20.16,5.931840648477659,0.95,7.89,4,6,2.65,1.35
AHS01,17_1049_BLACK_37,0.8392857142857143,22.638297872340424,5.931840648477659,0.95,4.59,4,9,4.98,-0.98
CHS01,25_1105_MAROON_41,0.8392857142857143,25.02127659574468,5.931840648477659,0.95,4.61,4,9,4.98,-0.98
CHS01,23_1091_BROWN_42,0.6785714285714286,23.57894736842105,5.931840648477659,0.95,5.03,4,8,4.03,-0.03
PUS01,13_1021_BROWN_37,0.4642857142857143,10.769230769230768,5.931840648477659,0.95,7.01,4,6,2.75,1.25
CHS01,33_1161_ROSE-GOLD_39,0.7142857142857143,28.0,5.931840648477659,0.95,4.2,4,8,4.24,-0.24
CHS01,33_1161_ROSE-GOLD_42,0.5178571428571429,17.379310344827584,5.931840648477659,0.95,6.26,4,6,3.07,0.93
CHS01,27_1119_WHITE_38,0.6785714285714286,22.105263157894736,5.931840648477659,0.95,5.12,4,8,4.03,-0.03
AHS01,17_1049_BLACK_43,0.48214285714285715,24.88888888888889,5.931840648477659,0.95,6.25,4,6,2.86,1.14
SUS01,25_1105_MAROON_40,0.7678571428571429,23.441860465116278,5.931840648477659,0.95,4.29,4,9,4.55,-0.55
KOS01,18_1056_GREY_42,0.5892857142857143,28.848484848484848,5.931840648477659,0.95,6.25,4,7,3.5,0.5
KOS01,18_1056_GREY_43,0.5178571428571429,17.379310344827584,5.931840648477659,0.95,7.26,4,6,3.07,0.93
KOS01,17_1049_BROWN_38,0.5892857142857143,16.96969696969697,5.931840648477659,0.95,5.58,4,7,3.5,0.5
KOS01,17_1049_BROWN_42,0.7142857142857143,19.599999999999998,5.931840648477659,0.95,5.57,4,8,4.24,-0.24
KOS01,17_1049_BROWN_44,0.19642857142857142,20.363636363636363,5.931840648477659,0.95,19.24,4,3,1.17,2.83
AHS01,19_1063_MAROON_42,0.32142857142857145,21.777777777777775,5.931840648477659,0.95,9.58,4,5,1.91,2.09
AHS01,17_1049_MAROON_38,0.4642857142857143,34.46153846153846,5.931840648477659,0.95,7.99,4,6,2.75,1.25
AHS01,17_1049_MAROON_43,0.625,24.0,5.931840648477659,0.95,5.44,4,7,3.71,0.29
CHS01,23_1091_BLACK_39,0.7321428571428571,20.48780487804878,5.931840648477659,0.95,4.85,4,8,4.34,-0.34
CHS01,23_1091_BLACK_41,0.7678571428571429,20.83720930232558,5.931840648477659,0.95,4.96,4,9,4.55,-0.55
COS01,10_1000_WHITE_39,0.6071428571428571,26.35294117647059,5.931840648477659,0.95,5.06,4,7,3.6,0.4
COS01,10_1000_WHITE_41,0.875,19.428571428571427,5.931840648477659,0.95,4.54,4,9,5.19,-1.19
COS01,11_1007_BLACK_42,0.5,14.0,5.931840648477659,0.95,7.0,4,6,2.97,1.03
PUS01,12_1014_BROWN_43,0.9464285714285714,26.41509433962264,5.931840648477659,0.95,4.15,4,10,5.61,-1.61
AHS01,23_1091_BLUE-NAVY_37,0.19642857142857142,15.272727272727273,5.931840648477659,0.95,16.51,4,3,1.17,2.83
AHS01,18_1056_GREY_44,0.4107142857142857,29.217391304347828,5.931840648477659,0.95,9.17,4,6,2.44,1.56
AHS01,19_1063_MAROON_38,0.3392857142857143,23.57894736842105,5.931840648477659,0.95,9.88,4,5,2.01,1.99
KOS01,29_1133_BROWN_44,0.48214285714285715,20.74074074074074,5.931840648477659,0.95,7.66,4,6,2.86,1.14
KOS01,30_1140_WHITE_40,0.6785714285714286,20.63157894736842,5.931840648477659,0.95,5.69,4,8,4.03,-0.03
KOS01,30_1140_WHITE_41,0.26785714285714285,26.133333333333333,5.931840648477659,0.95,13.66,4,4,1.59,2.41
KOS01,31_1147_ANTIC-GOLD_38,0.6607142857142857,24.216216216216218,5.931840648477659,0.95,4.57,4,8,3.92,0.08
KOS01,16_1042_BLUE-NAVY_42,0.4642857142857143,21.538461538461537,5.931840648477659,0.95,7.25,4,6,2.75,1.25
AHS01,25_1105_BROWN_37,0.2857142857142857,17.5,5.931840648477659,0.95,10.64,4,4,1.69,2.31
SUS01,25_1105_BLACK_40,0.7857142857142857,34.36363636363637,5.931840648477659,0.95,3.9,4,9,4.66,-0.66
CHS01,19_1063_MAROON_42,0.5892857142857143,16.96969696969697,5.931840648477659,0.95,5.89,4,7,3.5,0.5
CHS01,19_1063_MAROON_43,0.6964285714285714,14.35897435897436,5.931840648477659,0.95,5.66,4,8,4.13,-0.13
COS01,12_1014_ANTIC-GOLD_42,1.3392857142857142,29.12,5.931840648477659,0.95,2.96,4,13,7.94,-3.94
COS01,12_1014_ANTIC-GOLD_43,0.8571428571428571,21.0,5.931840648477659,0.95,4.31,4,9,5.08,-1.08
COS01,12_1014_BROWN_43,0.8214285714285714,25.565217391304348,5.931840648477659,0.95,4.32,4,9,4.87,-0.87
COS01,12_1014_BROWN_44,0.8928571428571429,19.04,5.931840648477659,0.95,3.45,4,10,5.3,-1.3
CHS01,24_1098_MAROON_41,0.7321428571428571,21.853658536585368,5.931840648477659,0.95,4.76,4,8,4.34,-0.34
CHS01,25_1105_BROWN_37,0.5,18.0,5.931840648477659,0.95,6.56,4,6,2.97,1.03
SUS01,25_1105_BROWN_40,0.6071428571428571,24.705882352941178,5.931840648477659,0.95,5.01,4,7,3.6,0.4
SUS01,25_1105_MAROON_38,0.2857142857142857,21.0,5.931840648477659,0.95,11.44,4,4,1.69,2.31
AHS01,20_1070_ANTIC-GOLD_39,0.9821428571428571,25.454545454545457,5.931840648477659,0.95,3.86,4,10,5.83,-1.83
AHS01,20_1070_ANTIC-GOLD_41,0.8214285714285714,20.695652173913043,5.931840648477659,0.95,4.48,4,9,4.87,-0.87
AHS01,20_1070_ANTIC-GOLD_42,0.2857142857142857,28.0,5.931840648477659,0.95,11.38,4,4,1.69,2.31
KOS01,16_1042_TAN_43,0.7678571428571429,24.744186046511626,5.931840648477659,0.95,3.96,4,9,4.55,-0.55
KOS01,31_1147_ANTIC-GOLD_40,0.5,20.0,5.931840648477659,0.95,7.54,4,6,2.97,1.03
KOS01,31_1147_ANTIC-GOLD_41,0.6607142857142857,19.675675675675677,5.931840648477659,0.95,5.97,4,8,3.92,0.08
KOS01,31_1147_WHITE_37,0.5357142857142857,18.666666666666668,5.931840648477659,0.95,6.89,4,7,3.18,0.82
KOS01,31_1147_WHITE_39,0.6607142857142857,22.7027027027027,5.931840648477659,0.95,4.77,4,8,3.92,0.08
CHS01,22_1084_NAVY_38,1.3392857142857142,24.64,5.931840648477659,0.95,2.97,4,13,7.94,-3.94
COS01,14_1028_ROSE-GOLD_41,0.6607142857142857,27.243243243243246,5.931840648477659,0.95,5.02,4,8,3.92,0.08
COS01,14_1028_ROSE-GOLD_42,0.5357142857142857,26.133333333333333,5.931840648477659,0.95,6.39,4,7,3.18,0.82
COS01,12_1014_ROSE-GOLD_44,0.5,20.0,5.931840648477659,0.95,6.22,4,6,2.97,1.03
PUS01,17_1049_BLACK_42,1.25,32.8,5.931840648477659,0.95,2.66,4,12,7.41,-3.41
PUS01,17_1049_BLACK_43,0.6607142857142857,31.783783783783786,5.931840648477659,0.95,5.45,4,8,3.92,0.08
PUS01,18_1056_ANTIC-GOLD_37,0.6964285714285714,20.102564102564102,5.931840648477659,0.95,4.88,4,8,4.13,-0.13
KOS01,31_1147_WHITE_40,0.7321428571428571,20.48780487804878,5.931840648477659,0.95,4.96,4,8,4.34,-0.34
KOS01,33_1161_BLUE-NAVY_37,0.17857142857142858,22.4,5.931840648477659,0.95,18.13,4,3,1.06,2.94
KOS01,16_1042_ANTIC-GOLD_42,0.6785714285714286,20.63157894736842,5.931840648477659,0.95,4.52,4,8,4.03,-0.03
MAS01,10_1000_ROSE-GOLD_39,0.3392857142857143,23.57894736842105,5.931840648477659,0.95,11.04,4,5,2.01,1.99
AHS01,25_1105_MAROON_43,0.5535714285714286,27.096774193548384,5.931840648477659,0.95,6.9,4,7,3.28,0.72
AHS01,23_1091_BLUE-NAVY_40,0.9821428571428571,29.527272727272727,5.931840648477659,0.95,3.34,4,10,5.83,-1.83
AHS01,27_1119_WHITE_38,1.0,25.0,5.931840648477659,0.95,3.87,4,10,5.93,-1.93
PUS01,11_1007_TAN_41,0.8214285714285714,26.782608695652176,5.931840648477659,0.95,3.83,4,9,4.87,-0.87
PUS01,11_1007_TAN_42,0.6785714285714286,19.157894736842103,5.931840648477659,0.95,4.95,4,8,4.03,-0.03
PUS01,12_1014_BROWN_37,0.5357142857142857,22.400000000000002,5.931840648477659,0.95,6.94,4,7,3.18,0.82
COS01,13_1021_WHITE_40,0.8392857142857143,22.638297872340424,5.931840648477659,0.95,4.03,4,9,4.98,-0.98
COS01,13_1021_WHITE_41,1.0,23.0,5.931840648477659,0.95,3.61,4,10,5.93,-1.93
CHS01,18_1056_GREY_40,0.8214285714285714,26.782608695652176,5.931840648477659,0.95,4.8,4,9,4.87,-0.87
CHS01,18_1056_GREY_43,0.6607142857142857,24.216216216216218,5.931840648477659,0.95,4.98,4,8,3.92,0.08
CHS01,18_1056_ANTIC-GOLD_38,0.7678571428571429,31.25581395348837,5.931840648477659,0.95,5.01,4,9,4.55,-0.55
AHS01,25_1105_BROWN_42,0.6071428571428571,28.000000000000004,5.931840648477659,0.95,5.08,4,7,3.6,0.4
KOS01,14_1028_WHITE_41,0.875,32.0,5.931840648477659,0.95,4.15,4,9,5.19,-1.19
KOS01,14_1028_WHITE_42,0.7857142857142857,28.0,5.931840648477659,0.95,4.17,4,9,4.66,-0.66
MAS01,12_1014_ANTIC-GOLD_38,0.7321428571428571,15.02439024390244,5.931840648477659,0.95,5.05,4,8,4.34,-0.34
AHS01,29_1133_BROWN_37,0.42857142857142855,21.0,5.931840648477659,0.95,8.28,4,6,2.54,1.46
AHS01,27_1119_ANTIC-GOLD_38,0.9821428571428571,29.527272727272727,5.931840648477659,0.95,3.09,4,10,5.83,-1.83
CHS01,16_1042_ANTIC-GOLD_41,0.75,25.333333333333332,5.931840648477659,0.95,4.75,4,8,4.45,-0.45
CHS01,16_1042_TAN_37,0.7321428571428571,15.02439024390244,5.931840648477659,0.95,5.32,4,8,4.34,-0.34
COS01,17_1049_BLACK_40,0.625,25.6,5.931840648477659,0.95,6.2,4,7,3.71,0.29
COS01,17_1049_BROWN_38,0.9285714285714286,20.46153846153846,5.931840648477659,0.95,3.53,4,10,5.51,-1.51
AHS01,31_1147_MAROON_38,0.30357142857142855,26.35294117647059,5.931840648477659,0.95,10.64,4,5,1.8,2.2
SUS01,25_1105_BLACK_39,0.4642857142857143,19.384615384615383,5.931840648477659,0.95,6.59,4,6,2.75,1.25
KOS01,13_1021_BROWN_42,0.48214285714285715,22.814814814814813,5.931840648477659,0.95,6.68,4,6,2.86,1.14
KOS01,13_1021_WHITE_41,0.6785714285714286,19.157894736842103,5.931840648477659,0.95,5.53,4,8,4.03,-0.03
KOS01,14_1028_ROSE-GOLD_38,0.5,20.0,5.931840648477659,0.95,6.62,4,6,2.97,1.03
KOS01,11_1007_TAN_41,0.5,16.0,5.931840648477659,0.95,7.34,4,6,2.97,1.03
KOS01,11_1007_TAN_42,0.5892857142857143,22.06060606060606,5.931840648477659,0.95,5.37,4,7,3.5,0.5
KOS01,12_1014_ROSE-GOLD_43,0.5892857142857143,23.757575757575758,5.931840648477659,0.95,6.33,4,7,3.5,0.5
KOS01,12_1014_ROSE-GOLD_44,0.6785714285714286,23.57894736842105,5.931840648477659,0.95,4.95,4,8,4.03,-0.03
KOS01,10_1000_WHITE_38,0.6071428571428571,18.117647058823533,5.931840648477659,0.95,6.09,4,7,3.6,0.4
KOS01,10_1000_WHITE_41,0.6428571428571429,18.666666666666664,5.931840648477659,0.95,6.08,4,8,3.81,0.19
KOS01,10_1000_WHITE_43,0.5535714285714286,19.870967741935484,5.931840648477659,0.95,5.58,4,7,3.28,0.72
AHS01,31_1147_WHITE_43,0.4107142857142857,21.91304347826087,5.931840648477659,0.95,7.6,4,6,2.44,1.56
COS01,17_1049_MAROON_40,0.9285714285714286,28.0,5.931840648477659,0.95,3.58,4,10,5.51,-1.51
COS01,17_1049_MAROON_41,0.7142857142857143,30.8,5.931840648477659,0.95,4.72,4,8,4.24,-0.24
PUS01,10_1000_ROSE-GOLD_42,0.5,26.0,5.931840648477659,0.95,6.73,4,6,2.97,1.03
PUS01,11_1007_BLACK_39,0.8035714285714286,27.377777777777776,5.931840648477659,0.95,3.75,4,9,4.77,-0.77
COS01,16_1042_ANTIC-GOLD_39,0.6964285714285714,20.102564102564102,5.931840648477659,0.95,4.42,4,8,4.13,-0.13
SUS01,23_1091_BROWN_41,0.6428571428571429,17.11111111111111,5.931840648477659,0.95,5.43,4,8,3.81,0.19
MAS01,12_1014_ROSE-GOLD_38,0.7678571428571429,20.83720930232558,5.931840648477659,0.95,4.86,4,9,4.55,-0.55
MAS01,12_1014_ROSE-GOLD_42,0.5892857142857143,32.24242424242424,5.931840648477659,0.95,6.68,4,7,3.5,0.5
MAS01,13_1021_BROWN_40,0.5535714285714286,19.870967741935484,5.931840648477659,0.95,5.43,4,7,3.28,0.72
MAS01,13_1021_BROWN_41,0.48214285714285715,22.814814814814813,5.931840648477659,0.95,6.56,4,6,2.86,1.14
INS01,31_1147_ANTIC-GOLD_41,0.5892857142857143,20.363636363636363,5.931840648477659,0.95,5.81,4,7,3.5,0.5
INS01,27_1119_ANTIC-GOLD_41,0.625,19.2,5.931840648477659,0.95,5.11,4,7,3.71,0.29
AHS01,33_1161_ROSE-GOLD_42,0.5892857142857143,28.848484848484848,5.931840648477659,0.95,6.43,4,7,3.5,0.5
SUS01,18_1056_ANTIC-GOLD_41,0.625,25.6,5.931840648477659,0.95,5.74,4,7,3.71,0.29
CHS01,14_1028_NAVY_38,0.875,26.285714285714285,5.931840648477659,0.95,3.91,4,9,5.19,-1.19
CHS01,11_1007_TAN_41,0.6071428571428571,21.411764705882355,5.931840648477659,0.95,5.29,4,7,3.6,0.4
CHS01,11_1007_TAN_42,0.7321428571428571,19.121951219512198,5.931840648477659,0.95,5.07,4,8,4.34,-0.34
MUS01,33_1161_ROSE-GOLD_41,0.7142857142857143,26.599999999999998,5.931840648477659,0.95,4.37,4,8,4.24,-0.24
MUS01,33_1161_ROSE-GOLD_42,0.7678571428571429,24.744186046511626,5.931840648477659,0.95,4.04,4,9,4.55,-0.55
PUS01,10_1000_BROWN_38,0.6607142857142857,15.135135135135135,5.931840648477659,0.95,5.62,4,8,3.92,0.08
PUS01,10_1000_ROSE-GOLD_39,0.5892857142857143,22.06060606060606,5.931840648477659,0.95,5.73,4,7,3.5,0.5
COS01,17_1049_BROWN_42,0.75,22.666666666666668,5.931840648477659,0.95,4.96,4,8,4.45,-0.45
SUS01,23_1091_BLUE-NAVY_38,0.5892857142857143,18.666666666666668,5.931840648477659,0.95,5.38,4,7,3.5,0.5
AHS01,31_1147_WHITE_40,1.25,25.6,5.931840648477659,0.95,3.08,4,12,7.41,-3.41
MAS01,14_1028_NAVY_41,0.75,25.333333333333332,5.931840648477659,0.95,4.2,4,8,4.45,-0.45
MAS01,14_1028_ROSE-GOLD_40,0.375,24.0,5.931840648477659,0.95,8.07,4,5,2.22,1.78
INS01,25_1105_BROWN_39,0.7142857142857143,21.0,5.931840648477659,0.95,4.73,4,8,4.24,-0.24
BES01,11_1007_TAN_42,1.2321428571428572,32.463768115942024,5.931840648477659,0.95,2.87,4,12,7.31,-3.31
AHS01,33_1161_BLUE-NAVY_43,0.25,24.0,5.931840648477659,0.95,12.47,4,4,1.48,2.52
INS01,25_1105_BROWN_41,0.6428571428571429,13.999999999999998,5.931840648477659,0.95,6.17,4,8,3.81,0.19
CHS01,10_1000_WHITE_41,0.6428571428571429,21.777777777777775,5.931840648477659,0.95,5.13,4,8,3.81,0.19
COS01,18_1056_GREY_38,0.23214285714285715,25.846153846153847,5.931840648477659,0.95,14.6,4,4,1.38,2.62
CHS01,13_1021_WHITE_40,0.8571428571428571,24.5,5.931840648477659,0.95,4.13,4,9,5.08,-1.08
CHS01,13_1021_WHITE_41,0.6428571428571429,18.666666666666664,5.931840648477659,0.95,5.35,4,8,3.81,0.19
MAS01,17_1049_BLACK_40,0.6964285714285714,20.102564102564102,5.931840648477659,0.95,5.51,4,8,4.13,-0.13
MAS01,17_1049_MAROON_39,0.7857142857142857,25.454545454545457,5.931840648477659,0.95,4.06,4,9,4.66,-0.66
MAS01,17_1049_MAROON_41,0.5,16.0,5.931840648477659,0.95,7.63,4,6,2.97,1.03
INS01,23_1091_BLUE-NAVY_43,0.14285714285714285,21.0,5.931840648477659,0.95,21.84,4,3,0.85,3.15
SUS01,17_1049_BROWN_42,0.8571428571428571,18.666666666666668,5.931840648477659,0.95,4.38,4,9,5.08,-1.08
SUS01,17_1049_MAROON_39,0.625,16.0,5.931840648477659,0.95,6.24,4,7,3.71,0.29
BES01,11_1007_BLACK_41,0.5,24.0,5.931840648477659,0.95,7.55,4,6,2.97,1.03
MAS01,27_1119_WHITE_39,0.75,25.333333333333332,5.931840648477659,0.95,4.54,4,8,4.45,-0.45
INS01,18_1056_GREY_39,0.7678571428571429,32.55813953488372,5.931840648477659,0.95,4.2,4,9,4.55,-0.55
INS01,18_1056_GREY_40,0.8214285714285714,21.91304347826087,5.931840648477659,0.95,4.81,4,9,4.87,-0.87
INS01,18_1056_BLACK_38,0.9107142857142857,21.96078431372549,5.931840648477659,0.95,4.07,4,10,5.4,-1.4
INS01,18_1056_BLACK_43,0.6785714285714286,19.157894736842103,5.931840648477659,0.95,4.89,4,8,4.03,-0.03
BES01,13_1021_WHITE_41,0.8571428571428571,25.666666666666668,5.931840648477659,0.95,4.59,4,9,5.08,-1.08
BES01,13_1021_WHITE_42,0.44642857142857145,40.32,5.931840648477659,0.95,8.83,4,6,2.65,1.35
SUS01,17_1049_BLACK_38,0.9821428571428571,19.345454545454547,5.931840648477659,0.95,3.93,4,10,5.83,-1.83
SUS01,17_1049_BLACK_39,0.6607142857142857,18.16216216216216,5.931840648477659,0.95,5.16,4,8,3.92,0.08
SUS01,17_1049_BLACK_43,0.32142857142857145,15.555555555555554,5.931840648477659,0.95,11.99,4,5,1.91,2.09
MUS01,32_1154_MAROON_41,0.6071428571428571,16.47058823529412,5.931840648477659,0.95,5.78,4,7,3.6,0.4
MUS01,33_1161_BLUE-NAVY_38,0.5535714285714286,19.870967741935484,5.931840648477659,0.95,6.12,4,7,3.28,0.72
MUS01,33_1161_BLUE-NAVY_42,0.9107142857142857,20.862745098039216,5.931840648477659,0.95,4.23,4,10,5.4,-1.4
COS01,18_1056_GREY_39,0.7142857142857143,25.2,5.931840648477659,0.95,4.63,4,8,4.24,-0.24
CHS01,10_1000_BROWN_40,0.9107142857142857,28.54901960784314,5.931840648477659,0.95,3.6,4,10,5.4,-1.4
CHS01,10_1000_WHITE_39,0.7678571428571429,28.651162790697672,5.931840648477659,0.95,4.04,4,9,4.55,-0.55
SUS01,17_1049_BROWN_39,1.1428571428571428,22.75,5.931840648477659,0.95,3.41,4,12,6.78,-2.78
MAS01,28_1126_TAN_43,0.6785714285714286,17.684210526315788,5.931840648477659,0.95,5.24,4,8,4.03,-0.03
MAS01,29_1133_BROWN_41,0.4642857142857143,19.384615384615383,5.931840648477659,0.95,6.96,4,6,2.75,1.25
MAS01,30_1140_WHITE_39,0.25,4.0,5.931840648477659,0.95,13.27,4,4,1.48,2.52
BES01,17_1049_BROWN_38,0.6964285714285714,28.71794871794872,5.931840648477659,0.95,5.46,4,8,4.13,-0.13
BES01,17_1049_BROWN_43,0.35714285714285715,42.0,5.931840648477659,0.95,8.41,4,5,2.12,1.88
BHS01,33_1161_ROSE-GOLD_39,0.5357142857142857,24.266666666666666,5.931840648477659,0.95,6.19,4,7,3.18,0.82
MUS01,30_1140_WHITE_40,0.6428571428571429,18.666666666666664,5.931840648477659,0.95,5.51,4,8,3.81,0.19
MUS01,30_1140_WHITE_41,0.9821428571428571,26.472727272727273,5.931840648477659,0.95,3.58,4,10,5.83,-1.83
COS01,23_1091_BLUE-NAVY_39,0.5357142857142857,26.133333333333333,5.931840648477659,0.95,5.72,4,7,3.18,0.82
COS01,23_1091_BROWN_41,0.625,27.2,5.931840648477659,0.95,4.96,4,7,3.71,0.29
COS01,23_1091_BROWN_42,0.4107142857142857,17.043478260869566,5.931840648477659,0.95,8.06,4,6,2.44,1.56
BES01,17_1049_BROWN_44,0.25,32.0,5.931840648477659,0.95,12.78,4,4,1.48,2.52
BES01,18_1056_ANTIC-GOLD_37,0.48214285714285715,22.814814814814813,5.931840648477659,0.95,6.69,4,6,2.86,1.14
BES01,16_1042_ANTIC-GOLD_40,0.75,28.0,5.931840648477659,0.95,4.39,4,8,4.45,-0.45
INS01,17_1049_BLACK_41,0.44642857142857145,15.68,5.931840648477659,0.95,6.99,4,6,2.65,1.35
INS01,17_1049_MAROON_41,0.8392857142857143,29.78723404255319,5.931840648477659,0.95,4.32,4,9,4.98,-0.98
MAS01,33_1161_BLUE-NAVY_39,0.9107142857142857,18.666666666666668,5.931840648477659,0.95,4.34,4,10,5.4,-1.4
INS01,16_1042_ANTIC-GOLD_40,0.8928571428571429,24.639999999999997,5.931840648477659,0.95,3.91,4,10,5.3,-1.3
MUS01,10_1000_WHITE_41,1.1428571428571428,26.25,5.931840648477659,0.95,3.46,4,12,6.78,-2.78
MUS01,13_1021_BROWN_38,0.8214285714285714,20.695652173913043,5.931840648477659,0.95,4.77,4,9,4.87,-0.87
SUS01,16_1042_BLUE-NAVY_40,0.7321428571428571,30.04878048780488,5.931840648477659,0.95,4.34,4,8,4.34,-0.34
MUS01,27_1119_WHITE_43,0.35714285714285715,16.8,5.931840648477659,0.95,10.66,4,5,2.12,1.88
MUS01,28_1126_TAN_37,0.5714285714285714,15.75,5.931840648477659,0.95,6.02,4,7,3.39,0.61
MUS01,28_1126_TAN_43,0.9464285714285714,28.528301886792455,5.931840648477659,0.95,3.76,4,10,5.61,-1.61
PUS01,20_1070_ANTIC-GOLD_40,0.7857142857142857,17.81818181818182,5.931840648477659,0.95,5.08,4,9,4.66,-0.66
PUS01,20_1070_ANTIC-GOLD_41,0.875,22.857142857142858,5.931840648477659,0.95,4.08,4,9,5.19,-1.19
PUS01,21_1077_BLUE-NAVY_42,1.1964285714285714,30.92537313432836,5.931840648477659,0.95,3.02,4,12,7.1,-3.1
PUS01,22_1084_NAVY_39,1.0,27.0,5.931840648477659,0.95,3.54,4,10,5.93,-1.93
BHS01,33_1161_BLUE-NAVY_40,1.0535714285714286,30.372881355932204,5.931840648477659,0.95,3.66,4,11,6.25,-2.25
BES01,17_1049_BLACK_38,0.8035714285714286,29.866666666666667,5.931840648477659,0.95,4.92,4,9,4.77,-0.77
INS01,14_1028_WHITE_40,0.9464285714285714,27.471698113207548,5.931840648477659,0.95,3.47,4,10,5.61,-1.61
MUS01,14_1028_NAVY_38,0.9464285714285714,27.471698113207548,5.931840648477659,0.95,3.49,4,10,5.61,-1.61
MUS01,14_1028_NAVY_40,0.9821428571428571,28.50909090909091,5.931840648477659,0.95,3.5,4,10,5.83,-1.83
MUS01,14_1028_ROSE-GOLD_38,0.7321428571428571,21.853658536585368,5.931840648477659,0.95,4.79,4,8,4.34,-0.34
MUS01,14_1028_ROSE-GOLD_39,0.5,28.0,5.931840648477659,0.95,6.49,4,6,2.97,1.03
INS01,14_1028_NAVY_40,1.0892857142857142,27.54098360655738,5.931840648477659,0.95,3.16,4,11,6.46,-2.46
BES01,22_1084_NAVY_43,0.5,20.0,5.931840648477659,0.95,6.22,4,6,2.97,1.03
BES01,23_1091_BLACK_38,0.5714285714285714,17.5,5.931840648477659,0.95,5.35,4,7,3.39,0.61
BES01,23_1091_BLACK_43,0.4107142857142857,24.347826086956523,5.931840648477659,0.95,8.92,4,6,2.44,1.56
PUS01,23_1091_BLUE-NAVY_40,0.9464285714285714,29.58490566037736,5.931840648477659,0.95,3.38,4,10,5.61,-1.61
PUS01,23_1091_BLUE-NAVY_42,1.0714285714285714,26.133333333333333,5.931840648477659,0.95,3.52,4,11,6.36,-2.36
PUS01,23_1091_BROWN_39,0.6785714285714286,22.105263157894736,5.931840648477659,0.95,4.77,4,8,4.03,-0.03
COS01,29_1133_BROWN_43,0.5357142857142857,20.533333333333335,5.931840648477659,0.95,5.97,4,7,3.18,0.82
COS01,28_1126_BLUE-NAVY_42,1.25,29.6,5.931840648477659,0.95,3.19,4,12,7.41,-3.41
COS01,28_1126_ROSE-GOLD_40,1.0,32.0,5.931840648477659,0.95,3.99,4,10,5.93,-1.93
BES01,19_1063_MAROON_39,0.6071428571428571,18.117647058823533,5.931840648477659,0.95,5.48,4,7,3.6,0.4
BES01,19_1063_MAROON_40,0.9821428571428571,25.454545454545457,5.931840648477659,0.95,4.02,4,10,5.83,-1.83
BES01,21_1077_BLUE-NAVY_38,0.32142857142857145,18.666666666666664,5.931840648477659,0.95,11.21,4,5,1.91,2.09
INS01,14_1028_NAVY_42,0.6785714285714286,20.63157894736842,5.931840648477659,0.95,4.42,4,8,4.03,-0.03
INS01,14_1028_ROSE-GOLD_39,0.4107142857142857,14.608695652173914,5.931840648477659,0.95,9.61,4,6,2.44,1.56
INS01,14_1028_ROSE-GOLD_41,0.8214285714285714,26.782608695652176,5.931840648477659,0.95,4.44,4,9,4.87,-0.87
INS01,12_1014_ROSE-GOLD_43,0.8035714285714286,22.4,5.931840648477659,0.95,4.78,4,9,4.77,-0.77
BES01,24_1098_WHITE_37,0.17857142857142858,28.0,5.931840648477659,0.95,17.13,4,3,1.06,2.94
PUS01,24_1098_WHITE_41,0.9107142857142857,26.352941176470587,5.931840648477659,0.95,3.86,4,10,5.4,-1.4
COS01,31_1147_MAROON_39,0.9821428571428571,25.454545454545457,5.931840648477659,0.95,3.2,4,10,5.83,-1.83
COS01,31_1147_MAROON_42,0.8571428571428571,23.333333333333336,5.931840648477659,0.95,3.52,4,9,5.08,-1.08
COS01,28_1126_TAN_39,0.7142857142857143,21.0,5.931840648477659,0.95,5.48,4,8,4.24,-0.24
COS01,28_1126_TAN_43,0.5178571428571429,21.241379310344826,5.931840648477659,0.95,6.54,4,6,3.07,0.93
COS01,29_1133_BROWN_38,0.7321428571428571,16.390243902439025,5.931840648477659,0.95,5.16,4,8,4.34,-0.34
CHS01,10_1000_BROWN_38,0.5357142857142857,16.8,5.931840648477659,0.95,5.98,4,7,3.18,0.82
PUS01,23_1091_BLUE-NAVY_39,1.0178571428571428,26.526315789473685,5.931840648477659,0.95,3.27,4,11,6.04,-2.04
SUS01,14_1028_WHITE_40,0.6785714285714286,30.94736842105263,5.931840648477659,0.95,4.86,4,8,4.03,-0.03
SUS01,16_1042_ANTIC-GOLD_39,0.8928571428571429,19.04,5.931840648477659,0.95,3.97,4,10,5.3,-1.3
INS01,13_1021_BROWN_40,0.5357142857142857,22.400000000000002,5.931840648477659,0.95,6.13,4,7,3.18,0.82
INS01,11_1007_TAN_41,0.7678571428571429,22.13953488372093,5.931840648477659,0.95,4.11,4,9,4.55,-0.55
INS01,11_1007_TAN_42,0.6428571428571429,15.555555555555554,5.931840648477659,0.95,5.32,4,8,3.81,0.19
COS01,33_1161_BLUE-NAVY_39,0.9464285714285714,23.245283018867926,5.931840648477659,0.95,4.01,4,10,5.61,-1.61
MUS01,25_1105_BROWN_42,0.9107142857142857,21.96078431372549,5.931840648477659,0.95,4.39,4,10,5.4,-1.4
MUS01,25_1105_MAROON_39,0.6785714285714286,33.89473684210526,5.931840648477659,0.95,4.62,4,8,4.03,-0.03
MUS01,25_1105_MAROON_42,1.0,30.0,5.931840648477659,0.95,3.28,4,10,5.93,-1.93
MUS01,27_1119_WHITE_38,0.8571428571428571,26.833333333333336,5.931840648477659,0.95,3.89,4,9,5.08,-1.08
SUS01,13_1021_BROWN_42,0.6071428571428571,21.411764705882355,5.931840648477659,0.95,5.19,4,7,3.6,0.4
SUS01,14_1028_ROSE-GOLD_38,0.5714285714285714,24.5,5.931840648477659,0.95,5.28,4,7,3.39,0.61
BES01,23_1091_BLUE-NAVY_39,0.9565217391304348,35.54545454545455,5.931840648477659,0.95,3.4,4,10,5.67,-1.67
MUS01,14_1028_WHITE_39,0.8035714285714286,26.133333333333333,5.931840648477659,0.95,4.64,4,9,4.77,-0.77
MUS01,16_1042_ANTIC-GOLD_38,0.5178571428571429,15.448275862068964,5.931840648477659,0.95,5.94,4,6,3.07,0.93
INS01,10_1000_WHITE_41,0.7857142857142857,20.363636363636363,5.931840648477659,0.95,4.34,4,9,4.66,-0.66
HYS01,33_1161_ROSE-GOLD_39,0.7142857142857143,25.2,5.931840648477659,0.95,4.52,4,8,4.24,-0.24
HYS01,33_1161_ROSE-GOLD_40,1.0,31.0,5.931840648477659,0.95,3.84,4,10,5.93,-1.93
HYS01,33_1161_ROSE-GOLD_43,0.5178571428571429,17.379310344827584,5.931840648477659,0.95,5.8,4,6,3.07,0.93
HYS01,33_1161_ROSE-GOLD_44,0.5357142857142857,14.933333333333334,5.931840648477659,0.95,5.86,4,7,3.18,0.82
BES01,24_1098_WHITE_38,0.32142857142857145,34.22222222222222,5.931840648477659,0.95,12.38,4,5,1.91,2.09
BES01,28_1126_ROSE-GOLD_37,0.44642857142857145,17.919999999999998,5.931840648477659,0.95,6.82,4,6,2.65,1.35
BHS01,29_1133_BROWN_39,1.0535714285714286,28.47457627118644,5.931840648477659,0.95,3.54,4,11,6.25,-2.25
BHS01,27_1119_WHITE_42,0.48214285714285715,20.74074074074074,5.931840648477659,0.95,7.1,4,6,2.86,1.14
BHS01,28_1126_BLUE-NAVY_39,0.7857142857142857,24.181818181818183,5.931840648477659,0.95,4.08,4,9,4.66,-0.66
HYS01,10_1000_WHITE_42,0.8214285714285714,29.217391304347828,5.931840648477659,0.95,3.69,4,9,4.87,-0.87
MUS01,25_1105_BLACK_38,1.1428571428571428,25.375,5.931840648477659,0.95,3.03,4,12,6.78,-2.78
MUS01,25_1105_BLACK_39,0.9642857142857143,32.148148148148145,5.931840648477659,0.95,3.84,4,10,5.72,-1.72
MUS01,25_1105_BLACK_41,0.75,28.0,5.931840648477659,0.95,4.57,4,8,4.45,-0.45
MUS01,25_1105_BLACK_42,0.6428571428571429,17.11111111111111,5.931840648477659,0.95,5.39,4,8,3.81,0.19
BES01,28_1126_ROSE-GOLD_38,0.6428571428571429,21.777777777777775,5.931840648477659,0.95,6.04,4,8,3.81,0.19
MUS01,16_1042_BLUE-NAVY_37,0.3392857142857143,20.63157894736842,5.931840648477659,0.95,9.24,4,5,2.01,1.99
MUS01,16_1042_TAN_38,0.6428571428571429,18.666666666666664,5.931840648477659,0.95,5.58,4,8,3.81,0.19
BES01,29_1133_BROWN_38,0.7678571428571429,26.046511627906977,5.931840648477659,0.95,4.03,4,9,4.55,-0.55
BES01,33_1161_BLUE-NAVY_39,0.5178571428571429,30.89655172413793,5.931840648477659,0.95,6.2,4,6,3.07,0.93
BES01,31_1147_ANTIC-GOLD_43,0.35714285714285715,22.4,5.931840648477659,0.95,8.52,4,5,2.12,1.88
HYS01,28_1126_TAN_43,0.6607142857142857,21.18918918918919,5.931840648477659,0.95,5.56,4,8,3.92,0.08
SUS01,12_1014_ANTIC-GOLD_43,1.1964285714285714,20.059701492537314,5.931840648477659,0.95,3.19,4,12,7.1,-3.1
SUS01,12_1014_ROSE-GOLD_37,0.7321428571428571,19.121951219512198,5.931840648477659,0.95,4.16,4,8,4.34,-0.34
SUS01,12_1014_ROSE-GOLD_38,0.8928571428571429,24.639999999999997,5.931840648477659,0.95,4.24,4,10,5.3,-1.3
SUS01,12_1014_ROSE-GOLD_43,0.75,28.0,5.931840648477659,0.95,4.92,4,8,4.45,-0.45
HYS01,11_1007_BLACK_42,0.9464285714285714,24.30188679245283,5.931840648477659,0.95,3.56,4,10,5.61,-1.61
HYS01,11_1007_BLACK_43,0.75,22.666666666666668,5.931840648477659,0.95,4.44,4,8,4.45,-0.45
HYS01,11_1007_TAN_39,0.625,20.8,5.931840648477659,0.95,5.24,4,7,3.71,0.29
HYS01,10_1000_BROWN_40,0.8214285714285714,26.782608695652176,5.931840648477659,0.95,3.92,4,9,4.87,-0.87
HYS01,10_1000_BROWN_41,0.8392857142857143,22.638297872340424,5.931840648477659,0.95,4.28,4,9,4.98,-0.98
HYS01,10_1000_WHITE_37,0.21428571428571427,32.66666666666667,5.931840648477659,0.95,16.75,4,4,1.27,2.73
HYS01,10_1000_WHITE_39,0.6964285714285714,21.53846153846154,5.931840648477659,0.95,5.11,4,8,4.13,-0.13
HYS01,10_1000_WHITE_40,0.9464285714285714,39.09433962264151,5.931840648477659,0.95,3.32,4,10,5.61,-1.61
HYS01,10_1000_WHITE_41,0.6071428571428571,18.117647058823533,5.931840648477659,0.95,5.91,4,7,3.6,0.4
BHS01,29_1133_BROWN_37,0.375,16.0,5.931840648477659,0.95,8.19,4,5,2.22,1.78
SUS01,13_1021_BROWN_39,0.6071428571428571,24.705882352941178,5.931840648477659,0.95,5.35,4,7,3.6,0.4
BES01,32_1154_MAROON_39,0.26785714285714285,37.333333333333336,5.931840648477659,0.95,13.3,4,4,1.59,2.41
HYS01,31_1147_ANTIC-GOLD_38,0.9107142857142857,19.764705882352942,5.931840648477659,0.95,4.33,4,10,5.4,-1.4
MUS01,17_1049_BLACK_38,0.7678571428571429,19.53488372093023,5.931840648477659,0.95,4.65,4,9,4.55,-0.55
MUS01,17_1049_BLACK_39,1.0178571428571428,24.56140350877193,5.931840648477659,0.95,3.9,4,11,6.04,-2.04
MUS01,17_1049_BLACK_42,0.8928571428571429,28.0,5.931840648477659,0.95,3.4,4,10,5.3,-1.3
MUS01,17_1049_MAROON_38,1.1964285714285714,23.402985074626866,5.931840648477659,0.95,3.34,4,12,7.1,-3.1
MUS01,17_1049_MAROON_39,0.7321428571428571,30.04878048780488,5.931840648477659,0.95,4.19,4,8,4.34,-0.34
BES01,33_1161_ROSE-GOLD_44,0.19642857142857142,25.454545454545457,5.931840648477659,0.95,17.72,4,3,1.17,2.83
BHS01,28_1126_ROSE-GOLD_38,0.75,21.333333333333332,5.931840648477659,0.95,5.06,4,8,4.45,-0.45
BHS01,27_1119_ANTIC-GOLD_38,0.5892857142857143,22.06060606060606,5.931840648477659,0.95,5.6,4,7,3.5,0.5
BHS01,27_1119_ANTIC-GOLD_41,1.0892857142857142,31.213114754098363,5.931840648477659,0.95,3.47,4,11,6.46,-2.46
HYS01,13_1021_WHITE_38,0.9107142857142857,27.450980392156865,5.931840648477659,0.95,3.38,4,10,5.4,-1.4
MUS01,23_1091_BLUE-NAVY_40,1.1071428571428572,25.29032258064516,5.931840648477659,0.95,3.6,4,11,6.57,-2.57
MUS01,23_1091_BLUE-NAVY_41,1.0,30.0,5.931840648477659,0.95,3.2,4,10,5.93,-1.93
MUS01,23_1091_BLUE-NAVY_43,0.6607142857142857,15.135135135135135,5.931840648477659,0.95,5.73,4,8,3.92,0.08
BHS01,11_1007_BLACK_41,0.7678571428571429,23.441860465116278,5.931840648477659,0.95,3.91,4,9,4.55,-0.55
BHS01,12_1014_ANTIC-GOLD_38,0.6607142857142857,24.216216216216218,5.931840648477659,0.95,5.39,4,8,3.92,0.08
BHS01,14_1028_WHITE_41,0.6607142857142857,27.243243243243246,5.931840648477659,0.95,5.74,4,8,3.92,0.08
HYS01,14_1028_ROSE-GOLD_43,1.0535714285714286,29.423728813559322,5.931840648477659,0.95,3.55,4,11,6.25,-2.25
PUS01,25_1105_BLACK_42,0.8392857142857143,17.872340425531913,5.931840648477659,0.95,4.75,4,9,4.98,-0.98
PUS01,25_1105_BROWN_42,1.0892857142857142,29.377049180327873,5.931840648477659,0.95,3.34,4,11,6.46,-2.46
PUS01,25_1105_BROWN_43,0.8571428571428571,18.666666666666668,5.931840648477659,0.95,4.29,4,9,5.08,-1.08
BHS01,23_1091_BROWN_40,0.6071428571428571,26.35294117647059,5.931840648477659,0.95,5.67,4,7,3.6,0.4
BHS01,23_1091_BROWN_41,0.625,22.4,5.931840648477659,0.95,6.26,4,7,3.71,0.29
BHS01,23_1091_BROWN_42,0.42857142857142855,18.666666666666668,5.931840648477659,0.95,7.16,4,6,2.54,1.46
MUS01,17_1049_MAROON_40,1.25,30.4,5.931840648477659,0.95,3.15,4,12,7.41,-3.41
PUS01,31_1147_MAROON_42,0.8928571428571429,20.16,5.931840648477659,0.95,4.0,4,10,5.3,-1.3
PUS01,31_1147_MAROON_44,0.17857142857142858,28.0,5.931840648477659,0.95,20.63,4,3,1.06,2.94
SUS01,10_1000_WHITE_39,0.8392857142857143,23.829787234042552,5.931840648477659,0.95,3.87,4,9,4.98,-0.98
BHS01,14_1028_ROSE-GOLD_39,0.3392857142857143,29.473684210526315,5.931840648477659,0.95,9.18,4,5,2.01,1.99
BHS01,14_1028_ROSE-GOLD_41,0.6428571428571429,26.444444444444443,5.931840648477659,0.95,5.75,4,8,3.81,0.19
HYS01,23_1091_BROWN_38,0.4642857142857143,15.076923076923077,5.931840648477659,0.95,6.64,4,6,2.75,1.25
HYS01,21_1077_BLUE-NAVY_43,0.5892857142857143,16.96969696969697,5.931840648477659,0.95,5.71,4,7,3.5,0.5
PUS01,31_1147_ANTIC-GOLD_42,0.8928571428571429,23.52,5.931840648477659,0.95,4.38,4,10,5.3,-1.3
PUS01,31_1147_MAROON_38,0.5,18.0,5.931840648477659,0.95,6.07,4,6,2.97,1.03
PUS01,31_1147_MAROON_39,0.625,17.6,5.931840648477659,0.95,5.1,4,7,3.71,0.29
MUS01,23_1091_BLACK_39,0.5714285714285714,17.5,5.931840648477659,0.95,5.62,4,7,3.39,0.61
MUS01,23_1091_BLACK_41,0.7321428571428571,21.853658536585368,5.931840648477659,0.95,4.64,4,8,4.34,-0.34
HYS01,14_1028_WHITE_39,0.8571428571428571,28.0,5.931840648477659,0.95,4.54,4,9,5.08,-1.08
HYS01,15_1035_GREY_41,0.10714285714285714,46.66666666666667,5.931840648477659,0.95,31.42,4,2,0.64,3.36
HYS01,13_1021_WHITE_41,0.8035714285714286,26.133333333333333,5.931840648477659,0.95,3.95,4,9,4.77,-0.77
BHS01,25_1105_BLACK_40,0.7678571428571429,23.441860465116278,5.931840648477659,0.95,4.39,4,9,4.55,-0.55
BHS01,25_1105_BLACK_41,0.5,22.0,5.931840648477659,0.95,7.81,4,6,2.97,1.03
BHS01,25_1105_BLACK_42,0.35714285714285715,16.8,5.931840648477659,0.95,8.51,4,5,2.12,1.88
PUS01,28_1126_ROSE-GOLD_37,0.4642857142857143,21.538461538461537,5.931840648477659,0.95,6.63,4,6,2.75,1.25
BHS01,16_1042_BLUE-NAVY_42,0.8035714285714286,21.155555555555555,5.931840648477659,0.95,4.14,4,9,4.77,-0.77
MUS01,18_1056_BLACK_42,0.8928571428571429,24.639999999999997,5.931840648477659,0.95,4.28,4,10,5.3,-1.3
MUS01,18_1056_BLACK_43,0.4642857142857143,21.538461538461537,5.931840648477659,0.95,6.67,4,6,2.75,1.25
MUS01,21_1077_BLUE-NAVY_37,0.5357142857142857,13.066666666666666,5.931840648477659,0.95,6.21,4,7,3.18,0.82
HYS01,19_1063_MAROON_40,0.9642857142857143,26.962962962962962,5.931840648477659,0.95,3.88,4,10,5.72,-1.72
BHS01,18_1056_BLACK_38,0.5892857142857143,23.757575757575758,5.931840648477659,0.95,5.33,4,7,3.5,0.5
BHS01,22_1084_NAVY_39,0.7142857142857143,25.2,5.931840648477659,0.95,5.31,4,8,4.24,-0.24
BHS01,22_1084_NAVY_40,0.6964285714285714,21.53846153846154,5.931840648477659,0.95,5.29,4,8,4.13,-0.13
BHS01,23_1091_BLACK_40,0.6607142857142857,27.243243243243246,5.931840648477659,0.95,5.1,4,8,3.92,0.08
BHS01,23_1091_BLACK_41,0.625,24.0,5.931840648477659,0.95,4.98,4,7,3.71,0.29
BHS01,21_1077_MAROON_39,0.625,27.2,5.931840648477659,0.95,5.64,4,7,3.71,0.29
HYS01,17_1049_BLACK_42,1.0,26.0,5.931840648477659,0.95,3.64,4,10,5.93,-1.93
MUS01,22_1084_NAVY_41,0.5714285714285714,21.0,5.931840648477659,0.95,6.22,4,7,3.39,0.61
MUS01,23_1091_BLACK_38,0.7321428571428571,17.75609756097561,5.931840648477659,0.95,4.59,4,8,4.34,-0.34
BHS01,17_1049_BROWN_39,1.1428571428571428,22.75,5.931840648477659,0.95,3.41,4,12,6.78,-2.78
HYS01,20_1070_ANTIC-GOLD_38,0.5714285714285714,15.75,5.931840648477659,0.95,6.12,4,7,3.39,0.61
HYS01,21_1077_BLUE-NAVY_38,0.9642857142857143,24.88888888888889,5.931840648477659,0.95,3.89,4,10,5.72,-1.72
HYS01,18_1056_BLACK_38,0.5892857142857143,20.363636363636363,5.931840648477659,0.95,5.78,4,7,3.5,0.5
PUS01,30_1140_WHITE_39,0.8392857142857143,22.638297872340424,5.931840648477659,0.95,4.01,4,9,4.98,-0.98
BHS01,17_1049_MAROON_42,0.6785714285714286,28.0,5.931840648477659,0.95,5.37,4,8,4.03,-0.03
HYS01,17_1049_MAROON_38,0.6964285714285714,18.666666666666668,5.931840648477659,0.95,5.0,4,8,4.13,-0.13
HYS01,17_1049_MAROON_42,0.7142857142857143,26.599999999999998,5.931840648477659,0.95,4.57,4,8,4.24,-0.24
BHS01,21_1077_MAROON_42,0.6785714285714286,22.105263157894736,5.931840648477659,0.95,5.63,4,8,4.03,-0.03
BHS01,18_1056_GREY_39,0.6071428571428571,31.294117647058826,5.931840648477659,0.95,5.54,4,7,3.6,0.4
BHS01,18_1056_GREY_41,0.6071428571428571,31.294117647058826,5.931840648477659,0.95,5.38,4,7,3.6,0.4
BHS01,18_1056_GREY_43,0.8035714285714286,23.644444444444442,5.931840648477659,0.95,4.87,4,9,4.77,-0.77
BHS01,20_1070_ANTIC-GOLD_42,0.48214285714285715,16.59259259259259,5.931840648477659,0.95,7.5,4,6,2.86,1.14
BHS01,21_1077_BLUE-NAVY_38,0.375,16.0,5.931840648477659,0.95,8.81,4,5,2.22,1.78
MUS01,21_1077_BLUE-NAVY_41,0.6964285714285714,25.846153846153847,5.931840648477659,0.95,4.77,4,8,4.13,-0.13
HYS01,16_1042_TAN_41,0.5714285714285714,22.75,5.931840648477659,0.95,6.11,4,7,3.39,0.61
HYS01,17_1049_BLACK_38,0.5714285714285714,14.0,5.931840648477659,0.95,6.74,4,7,3.39,0.61
HYS01,17_1049_BLACK_39,0.7321428571428571,20.48780487804878,5.931840648477659,0.95,5.24,4,8,4.34,-0.34
PUS01,28_1126_ROSE-GOLD_39,0.9821428571428571,26.472727272727273,5.931840648477659,0.95,3.85,4,10,5.83,-1.83
AHS01,14_1028_ROSE-GOLD_40,0.5892857142857143,40.72727272727273,5.931840648477659,0.95,5.32,4,7,3.5,0.5
AHS01,14_1028_ROSE-GOLD_42,0.7321428571428571,24.585365853658537,5.931840648477659,0.95,5.23,4,8,4.34,-0.34
AHS01,14_1028_ROSE-GOLD_43,0.4642857142857143,32.30769230769231,5.931840648477659,0.95,6.98,4,6,2.75,1.25
KOS01,27_1119_WHITE_42,0.5892857142857143,22.06060606060606,5.931840648477659,0.95,6.63,4,7,3.5,0.5
KOS01,27_1119_WHITE_43,0.5357142857142857,20.533333333333335,5.931840648477659,0.95,5.81,4,7,3.18,0.82
KOS01,25_1105_BROWN_40,0.625,33.6,5.931840648477659,0.95,4.94,4,7,3.71,0.29
KOS01,25_1105_BROWN_42,0.5178571428571429,19.310344827586206,5.931840648477659,0.95,6.66,4,6,3.07,0.93
KOS01,25_1105_MAROON_38,0.7678571428571429,23.441860465116278,5.931840648477659,0.95,4.13,4,9,4.55,-0.55
AHS01,14_1028_WHITE_38,0.5714285714285714,22.75,5.931840648477659,0.95,6.07,4,7,3.39,0.61
AHS01,14_1028_WHITE_42,1.125,25.77777777777778,5.931840648477659,0.95,3.42,4,11,6.67,-2.67
AHS01,13_1021_BROWN_39,0.7142857142857143,25.2,5.931840648477659,0.95,5.38,4,8,4.24,-0.24
AHS01,13_1021_BROWN_43,0.4107142857142857,34.08695652173913,5.931840648477659,0.95,8.35,4,6,2.44,1.56
SUS01,33_1161_ROSE-GOLD_42,0.7321428571428571,21.853658536585368,5.931840648477659,0.95,4.11,4,8,4.34,-0.34
SUS01,33_1161_ROSE-GOLD_40,0.625,22.4,5.931840648477659,0.95,5.01,4,7,3.71,0.29
AHS01,14_1028_NAVY_38,0.5357142857142857,24.266666666666666,5.931840648477659,0.95,5.58,3,7,3.18,-0.18
AHS01,14_1028_WHITE_43,0.4107142857142857,34.08695652173913,5.931840648477659,0.95,5.34,3,6,2.44,0.56
AHS01,14_1028_ROSE-GOLD_44,0.2857142857142857,31.5,5.931840648477659,0.95,10.2,3,4,1.69,1.31
KOS01,27_1119_ANTIC-GOLD_40,0.5892857142857143,27.151515151515152,5.931840648477659,0.95,4.92,3,7,3.5,-0.5
KOS01,27_1119_ANTIC-GOLD_38,0.5,30.0,5.931840648477659,0.95,5.14,3,6,2.97,0.03
KOS01,25_1105_MAROON_43,0.32142857142857145,15.555555555555554,5.931840648477659,0.95,7.49,3,5,1.91,1.09
CHS01,30_1140_WHITE_43,0.6428571428571429,27.999999999999996,5.931840648477659,0.95,3.73,3,8,3.81,-0.81
CHS01,32_1154_MAROON_38,0.4107142857142857,17.043478260869566,5.931840648477659,0.95,5.89,3,6,2.44,0.56
CHS01,28_1126_ROSE-GOLD_44,0.23214285714285715,12.923076923076923,5.931840648477659,0.95,8.85,3,4,1.38,1.62
CHS01,28_1126_TAN_43,0.5714285714285714,28.0,5.931840648477659,0.95,4.89,3,7,3.39,-0.39
AHS01,10_1000_ROSE-GOLD_41,0.8214285714285714,30.434782608695652,5.931840648477659,0.95,3.25,3,9,4.87,-1.87
AHS01,10_1000_ROSE-GOLD_38,0.6964285714285714,20.102564102564102,5.931840648477659,0.95,4.31,3,8,4.13,-1.13
KOS01,23_1091_BROWN_41,0.42857142857142855,28.0,5.931840648477659,0.95,6.64,3,6,2.54,0.46
KOS01,23_1091_BROWN_43,0.30357142857142855,13.176470588235295,5.931840648477659,0.95,8.86,3,5,1.8,1.2
KOS01,24_1098_MAROON_42,0.16071428571428573,24.888888888888886,5.931840648477659,0.95,14.63,3,3,0.95,2.05
KOS01,21_1077_BLUE-NAVY_39,0.625,27.2,5.931840648477659,0.95,4.25,3,7,3.71,-0.71
KOS01,21_1077_BLUE-NAVY_43,0.2857142857142857,21.0,5.931840648477659,0.95,7.19,3,4,1.69,1.31
KOS01,21_1077_MAROON_40,0.35714285714285715,28.0,5.931840648477659,0.95,6.34,3,5,2.12,0.88
KOS01,21_1077_MAROON_43,0.42857142857142855,28.0,5.931840648477659,0.95,4.68,3,6,2.54,0.46
SUS01,25_1105_MAROON_41,0.5178571428571429,30.89655172413793,5.931840648477659,0.95,4.22,3,6,3.07,-0.07
SUS01,25_1105_MAROON_42,0.6607142857142857,30.27027027027027,5.931840648477659,0.95,4.13,3,8,3.92,-0.92
PUS01,15_1035_GREY_40,0.35714285714285715,16.8,5.931840648477659,0.95,6.1,3,5,2.12,0.88
HYS01,18_1056_ANTIC-GOLD_43,0.4642857142857143,23.69230769230769,5.931840648477659,0.95,6.07,3,6,2.75,0.25
HYS01,18_1056_ANTIC-GOLD_44,0.375,18.666666666666668,5.931840648477659,0.95,6.8,3,5,2.22,0.78
PUS01,28_1126_ROSE-GOLD_44,0.30357142857142855,23.058823529411768,5.931840648477659,0.95,8.53,3,5,1.8,1.2
PUS01,28_1126_TAN_37,0.4107142857142857,21.91304347826087,5.931840648477659,0.95,5.59,3,6,2.44,0.56
BHS01,17_1049_MAROON_39,0.4642857142857143,30.153846153846153,5.931840648477659,0.95,6.33,3,6,2.75,0.25
BHS01,17_1049_MAROON_40,0.30357142857142855,29.647058823529413,5.931840648477659,0.95,6.69,3,5,1.8,1.2
BHS01,17_1049_MAROON_43,0.4642857142857143,17.23076923076923,5.931840648477659,0.95,5.99,3,6,2.75,0.25
HYS01,18_1056_BLACK_43,0.44642857142857145,31.36,5.931840648477659,0.95,4.79,3,6,2.65,0.35
HYS01,19_1063_MAROON_38,0.7142857142857143,28.0,5.931840648477659,0.95,3.71,3,8,4.24,-1.24
HYS01,17_1049_BROWN_42,0.75,32.0,5.931840648477659,0.95,3.62,3,8,4.45,-1.45
HYS01,17_1049_BROWN_43,0.48214285714285715,20.74074074074074,5.931840648477659,0.95,4.69,3,6,2.86,0.14
HYS01,17_1049_MAROON_43,0.7142857142857143,25.2,5.931840648477659,0.95,3.83,3,8,4.24,-1.24
HYS01,18_1056_ANTIC-GOLD_37,0.4107142857142857,29.217391304347828,5.931840648477659,0.95,4.99,3,6,2.44,0.56
BHS01,21_1077_MAROON_41,0.48214285714285715,26.962962962962962,5.931840648477659,0.95,5.93,3,6,2.86,0.14
BHS01,18_1056_GREY_44,0.125,8.0,5.931840648477659,0.95,16.16,3,3,0.74,2.26
BHS01,20_1070_ANTIC-GOLD_39,0.42857142857142855,23.333333333333336,5.931840648477659,0.95,6.69,3,6,2.54,0.46
BHS01,23_1091_BLACK_39,0.7321428571428571,30.04878048780488,5.931840648477659,0.95,3.79,3,8,4.34,-1.34
BHS01,23_1091_BLACK_42,0.42857142857142855,25.666666666666668,5.931840648477659,0.95,6.13,3,6,2.54,0.46
BHS01,21_1077_BLUE-NAVY_39,0.35714285714285715,19.599999999999998,5.931840648477659,0.95,7.43,3,5,2.12,0.88
BHS01,21_1077_BLUE-NAVY_42,0.5357142857142857,35.46666666666667,5.931840648477659,0.95,5.57,3,7,3.18,-0.18
BHS01,21_1077_MAROON_40,0.5,20.0,5.931840648477659,0.95,5.56,3,6,2.97,0.03
HYS01,17_1049_BLACK_43,0.25,28.0,5.931840648477659,0.95,10.85,3,4,1.48,1.52
HYS01,17_1049_BROWN_38,0.4642857142857143,21.538461538461537,5.931840648477659,0.95,4.9,3,6,2.75,0.25
BHS01,16_1042_TAN_41,0.39285714285714285,28.0,5.931840648477659,0.95,6.38,3,5,2.33,0.67
BHS01,16_1042_TAN_42,0.5535714285714286,32.516129032258064,5.931840648477659,0.95,3.72,3,7,3.28,-0.28
BHS01,17_1049_BROWN_38,0.42857142857142855,21.0,5.931840648477659,0.95,6.14,3,6,2.54,0.46
BHS01,17_1049_BROWN_41,0.6964285714285714,30.153846153846157,5.931840648477659,0.95,3.67,3,8,4.13,-1.13
BHS01,17_1049_BROWN_42,0.5,22.0,5.931840648477659,0.95,5.65,3,6,2.97,0.03
BHS01,17_1049_MAROON_38,0.30357142857142855,16.47058823529412,5.931840648477659,0.95,8.87,3,5,1.8,1.2
HYS01,19_1063_MAROON_43,0.5,24.0,5.931840648477659,0.95,4.61,3,6,2.97,0.03
HYS01,20_1070_ANTIC-GOLD_39,0.4642857142857143,23.69230769230769,5.931840648477659,0.95,5.39,3,6,2.75,0.25
HYS01,20_1070_ANTIC-GOLD_42,0.39285714285714285,22.90909090909091,5.931840648477659,0.95,5.64,3,5,2.33,0.67
MUS01,23_1091_BLUE-NAVY_37,0.2857142857142857,17.5,5.931840648477659,0.95,8.71,3,4,1.69,1.31
MUS01,23_1091_BLUE-NAVY_38,0.30357142857142855,26.35294117647059,5.931840648477659,0.95,8.85,3,5,1.8,1.2
HYS01,14_1028_WHITE_43,0.6428571428571429,21.777777777777775,5.931840648477659,0.95,4.58,3,8,3.81,-0.81
PUS01,27_1119_WHITE_37,0.5,26.0,5.931840648477659,0.95,4.9,3,6,2.97,0.03
PUS01,27_1119_WHITE_43,0.48214285714285715,24.88888888888889,5.931840648477659,0.95,4.75,3,6,2.86,0.14
HYS01,21_1077_MAROON_43,0.4642857142857143,23.69230769230769,5.931840648477659,0.95,4.7,3,6,2.75,0.25
HYS01,22_1084_NAVY_37,0.5892857142857143,27.151515151515152,5.931840648477659,0.95,3.55,3,7,3.5,-0.5
HYS01,22_1084_NAVY_38,0.42857142857142855,21.0,5.931840648477659,0.95,5.16,3,6,2.54,0.46
MUS01,20_1070_ANTIC-GOLD_39,0.625,35.2,5.931840648477659,0.95,3.42,3,7,3.71,-0.71
MUS01,20_1070_ANTIC-GOLD_40,0.5535714285714286,25.29032258064516,5.931840648477659,0.95,4.6,3,7,3.28,-0.28
MUS01,20_1070_ANTIC-GOLD_41,0.48214285714285715,24.88888888888889,5.931840648477659,0.95,4.89,3,6,2.86,0.14
MUS01,20_1070_ANTIC-GOLD_42,0.5892857142857143,25.454545454545453,5.931840648477659,0.95,4.2,3,7,3.5,-0.5
MUS01,21_1077_BLUE-NAVY_39,0.7678571428571429,33.860465116279066,5.931840648477659,0.95,3.5,3,9,4.55,-1.55
BHS01,18_1056_BLACK_42,0.5178571428571429,34.75862068965517,5.931840648477659,0.95,4.51,3,6,3.07,-0.07
BHS01,18_1056_BLACK_44,0.42857142857142855,23.333333333333336,5.931840648477659,0.95,6.48,3,6,2.54,0.46
BHS01,22_1084_NAVY_41,0.4642857142857143,32.30769230769231,5.931840648477659,0.95,5.49,3,6,2.75,0.25
PUS01,32_1154_MAROON_41,0.4107142857142857,21.91304347826087,5.931840648477659,0.95,5.65,3,6,2.44,0.56
PUS01,32_1154_MAROON_42,0.48214285714285715,22.814814814814813,5.931840648477659,0.95,5.06,3,6,2.86,0.14
SUS01,10_1000_WHITE_38,0.35714285714285715,19.599999999999998,5.931840648477659,0.95,5.88,3,5,2.12,0.88
BHS01,14_1028_ROSE-GOLD_43,0.23214285714285715,25.846153846153847,5.931840648477659,0.95,8.66,3,4,1.38,1.62
BHS01,14_1028_WHITE_38,0.2857142857142857,24.5,5.931840648477659,0.95,7.17,3,4,1.69,1.31
HYS01,23_1091_BLACK_42,0.6071428571428571,26.35294117647059,5.931840648477659,0.95,4.15,3,7,3.6,-0.6
HYS01,21_1077_BLUE-NAVY_39,0.5178571428571429,27.034482758620687,5.931840648477659,0.95,5.08,3,6,3.07,-0.07
HYS01,21_1077_BLUE-NAVY_42,0.5357142857142857,31.733333333333334,5.931840648477659,0.95,4.3,3,7,3.18,-0.18
HYS01,21_1077_BLUE-NAVY_44,0.39285714285714285,15.272727272727273,5.931840648477659,0.95,6.72,3,5,2.33,0.67
HYS01,21_1077_MAROON_41,0.5178571428571429,32.82758620689655,5.931840648477659,0.95,4.22,3,6,3.07,-0.07
PUS01,30_1140_WHITE_40,0.5535714285714286,21.677419354838708,5.931840648477659,0.95,5.3,3,7,3.28,-0.28
PUS01,30_1140_WHITE_42,0.5357142857142857,22.400000000000002,5.931840648477659,0.95,4.61,3,7,3.18,-0.18
PUS01,31_1147_ANTIC-GOLD_38,0.75,26.666666666666668,5.931840648477659,0.95,3.57,3,8,4.45,-1.45
BHS01,16_1042_BLUE-NAVY_38,0.8571428571428571,29.166666666666668,5.931840648477659,0.95,3.22,3,9,5.08,-2.08
MUS01,23_1091_BLACK_42,0.5535714285714286,19.870967741935484,5.931840648477659,0.95,5.2,3,7,3.28,-0.28
MUS01,23_1091_BLACK_43,0.48214285714285715,18.666666666666668,5.931840648477659,0.95,5.16,3,6,2.86,0.14
HYS01,14_1028_ROSE-GOLD_44,0.48214285714285715,20.74074074074074,5.931840648477659,0.95,5.27,3,6,2.86,0.14
HYS01,14_1028_WHITE_37,0.4642857142857143,15.076923076923077,5.931840648477659,0.95,6.22,3,6,2.75,0.25
HYS01,14_1028_WHITE_38,0.42857142857142855,23.333333333333336,5.931840648477659,0.95,5.2,3,6,2.54,0.46
HYS01,12_1014_BROWN_44,0.5,18.0,5.931840648477659,0.95,4.91,3,6,2.97,0.03
HYS01,13_1021_BROWN_43,0.5,22.0,5.931840648477659,0.95,5.03,3,6,2.97,0.03
PUS01,25_1105_BROWN_38,0.44642857142857145,20.16,5.931840648477659,0.95,5.07,3,6,2.65,0.35
PUS01,25_1105_MAROON_38,0.44642857142857145,35.839999999999996,5.931840648477659,0.95,5.5,3,6,2.65,0.35
BHS01,25_1105_BLACK_38,0.5357142857142857,16.8,5.931840648477659,0.95,4.95,3,7,3.18,-0.18
BHS01,28_1126_BLUE-NAVY_43,0.5,22.0,5.931840648477659,0.95,5.1,3,6,2.97,0.03
SUS01,11_1007_BLACK_42,0.3392857142857143,11.789473684210526,5.931840648477659,0.95,7.34,3,5,2.01,0.99
SUS01,12_1014_ANTIC-GOLD_37,0.9285714285714286,29.076923076923077,5.931840648477659,0.95,2.53,3,10,5.51,-2.51
MUS01,17_1049_MAROON_43,0.4107142857142857,17.043478260869566,5.931840648477659,0.95,5.91,3,6,2.44,0.56
MUS01,18_1056_ANTIC-GOLD_37,0.5535714285714286,27.096774193548384,5.931840648477659,0.95,4.37,3,7,3.28,-0.28
PUS01,31_1147_MAROON_43,0.32142857142857145,34.22222222222222,5.931840648477659,0.95,7.34,3,5,1.91,1.09
PUS01,32_1154_MAROON_39,0.5178571428571429,21.241379310344826,5.931840648477659,0.95,4.83,3,6,3.07,-0.07
PUS01,32_1154_MAROON_40,0.375,18.666666666666668,5.931840648477659,0.95,6.74,3,5,2.22,0.78
MUS01,23_1091_BLUE-NAVY_42,0.8392857142857143,29.78723404255319,5.931840648477659,0.95,3.5,3,9,4.98,-1.98
MUS01,24_1098_MAROON_39,0.7142857142857143,25.2,5.931840648477659,0.95,3.78,3,8,4.24,-1.24
MUS01,24_1098_MAROON_41,0.48214285714285715,20.74074074074074,5.931840648477659,0.95,5.54,3,6,2.86,0.14
BHS01,10_1000_BROWN_40,0.5,24.0,5.931840648477659,0.95,5.28,3,6,2.97,0.03
HYS01,25_1105_BLACK_43,0.30357142857142855,19.764705882352942,5.931840648477659,0.95,6.86,3,5,1.8,1.2
HYS01,24_1098_MAROON_41,0.5178571428571429,23.172413793103445,5.931840648477659,0.95,5.26,3,6,3.07,-0.07
HYS01,24_1098_MAROON_42,0.3392857142857143,14.736842105263158,5.931840648477659,0.95,7.55,3,5,2.01,0.99
HYS01,25_1105_BLACK_38,0.39285714285714285,22.90909090909091,5.931840648477659,0.95,5.28,3,5,2.33,0.67
BHS01,12_1014_ROSE-GOLD_43,0.44642857142857145,33.6,5.931840648477659,0.95,6.29,3,6,2.65,0.35
BHS01,12_1014_ROSE-GOLD_44,0.3392857142857143,20.63157894736842,5.931840648477659,0.95,7.91,3,5,2.01,0.99
BHS01,11_1007_BLACK_38,0.5535714285714286,18.064516129032256,5.931840648477659,0.95,4.66,3,7,3.28,-0.28
BHS01,11_1007_BLACK_39,0.4642857142857143,25.846153846153847,5.931840648477659,0.95,6.13,3,6,2.75,0.25
BHS01,11_1007_BLACK_40,0.44642857142857145,31.36,5.931840648477659,0.95,5.62,3,6,2.65,0.35
BHS01,14_1028_WHITE_42,0.4642857142857143,34.46153846153846,5.931840648477659,0.95,5.01,3,6,2.75,0.25
SUS01,10_1000_WHITE_41,0.5892857142857143,23.757575757575758,5.931840648477659,0.95,4.37,3,7,3.5,-0.5
SUS01,11_1007_BLACK_39,0.48214285714285715,24.88888888888889,5.931840648477659,0.95,4.54,3,6,2.86,0.14
HYS01,11_1007_TAN_41,0.75,30.666666666666668,5.931840648477659,0.95,3.79,3,8,4.45,-1.45
HYS01,11_1007_TAN_42,0.42857142857142855,25.666666666666668,5.931840648477659,0.95,5.18,3,6,2.54,0.46
HYS01,10_1000_WHITE_38,0.3392857142857143,23.57894736842105,5.931840648477659,0.95,6.12,3,5,2.01,0.99
SUS01,13_1021_BROWN_38,0.5,26.0,5.931840648477659,0.95,4.57,3,6,2.97,0.03
BES01,32_1154_MAROON_40,0.2857142857142857,42.0,5.931840648477659,0.95,10.11,3,4,1.69,1.31
HYS01,25_1105_BLACK_42,0.5714285714285714,26.25,5.931840648477659,0.95,4.46,3,7,3.39,-0.39
BHS01,12_1014_ANTIC-GOLD_43,0.5714285714285714,31.5,5.931840648477659,0.95,3.61,3,7,3.39,-0.39
BHS01,12_1014_ANTIC-GOLD_44,0.32142857142857145,21.777777777777775,5.931840648477659,0.95,6.51,3,5,1.91,1.09
BHS01,12_1014_BROWN_37,0.42857142857142855,23.333333333333336,5.931840648477659,0.95,5.04,3,6,2.54,0.46
BHS01,10_1000_BROWN_39,0.39285714285714285,25.454545454545457,5.931840648477659,0.95,5.4,3,5,2.33,0.67
BHS01,25_1105_BROWN_39,0.26785714285714285,22.400000000000002,5.931840648477659,0.95,9.19,3,4,1.59,1.41
BHS01,25_1105_BROWN_42,0.4107142857142857,31.65217391304348,5.931840648477659,0.95,5.93,3,6,2.44,0.56
BHS01,27_1119_ANTIC-GOLD_43,0.5535714285714286,32.516129032258064,5.931840648477659,0.95,4.22,3,7,3.28,-0.28
BHS01,27_1119_ANTIC-GOLD_44,0.375,13.333333333333334,5.931840648477659,0.95,6.24,3,5,2.22,0.78
BHS01,27_1119_WHITE_38,0.42857142857142855,28.0,5.931840648477659,0.95,5.4,3,6,2.54,0.46
HYS01,13_1021_BROWN_44,0.375,16.0,5.931840648477659,0.95,5.96,3,5,2.22,0.78
BES01,33_1161_BLUE-NAVY_44,0.17857142857142858,22.4,5.931840648477659,0.95,12.9,3,3,1.06,1.94
BES01,31_1147_MAROON_37,0.17857142857142858,28.0,5.931840648477659,0.95,12.54,3,3,1.06,1.94
BES01,31_1147_MAROON_38,0.6964285714285714,34.46153846153846,5.931840648477659,0.95,3.03,3,8,4.13,-1.13
HYS01,31_1147_MAROON_41,0.7678571428571429,31.25581395348837,5.931840648477659,0.95,3.39,3,9,4.55,-1.55
HYS01,31_1147_MAROON_42,0.5178571428571429,27.034482758620687,5.931840648477659,0.95,4.26,3,6,3.07,-0.07
HYS01,33_1161_ROSE-GOLD_37,0.44642857142857145,20.16,5.931840648477659,0.95,5.23,3,6,2.65,0.35
HYS01,28_1126_TAN_42,0.4642857142857143,21.538461538461537,5.931840648477659,0.95,6.28,3,6,2.75,0.25
HYS01,30_1140_WHITE_38,0.4107142857142857,21.91304347826087,5.931840648477659,0.95,5.14,3,6,2.44,0.56
HYS01,30_1140_WHITE_39,0.5,28.0,5.931840648477659,0.95,4.5,3,6,2.97,0.03
HYS01,30_1140_WHITE_41,0.6428571428571429,34.22222222222222,5.931840648477659,0.95,3.71,3,8,3.81,-0.81
HYS01,30_1140_WHITE_42,0.5357142857142857,18.666666666666668,5.931840648477659,0.95,5.46,3,7,3.18,-0.18
HYS01,30_1140_WHITE_43,0.375,21.333333333333332,5.931840648477659,0.95,5.65,3,5,2.22,0.78
BHS01,10_1000_BROWN_42,0.375,26.666666666666668,5.931840648477659,0.95,6.47,3,5,2.22,0.78
MUS01,24_1098_MAROON_42,0.5178571428571429,21.241379310344826,5.931840648477659,0.95,4.84,3,6,3.07,-0.07
MUS01,24_1098_WHITE_38,0.2857142857142857,14.0,5.931840648477659,0.95,7.58,3,4,1.69,1.31
HYS01,11_1007_BLACK_40,0.6964285714285714,27.282051282051285,5.931840648477659,0.95,4.28,3,8,4.13,-1.13
BHS01,27_1119_WHITE_43,0.44642857142857145,22.4,5.931840648477659,0.95,6.56,3,6,2.65,0.35
HYS01,10_1000_WHITE_43,0.4642857142857143,21.538461538461537,5.931840648477659,0.95,5.31,3,6,2.75,0.25
HYS01,10_1000_WHITE_44,0.30357142857142855,13.176470588235295,5.931840648477659,0.95,7.75,3,5,1.8,1.2
MUS01,24_1098_WHITE_41,0.7321428571428571,27.31707317073171,5.931840648477659,0.95,4.09,3,8,4.34,-1.34
MUS01,25_1105_BLACK_43,0.6785714285714286,17.684210526315788,5.931840648477659,0.95,4.37,3,8,4.03,-1.03
MUS01,25_1105_BROWN_38,0.875,28.571428571428573,5.931840648477659,0.95,3.0,3,9,5.19,-2.19
COS01,31_1147_WHITE_39,0.5,28.0,5.931840648477659,0.95,4.34,3,6,2.97,0.03
COS01,31_1147_WHITE_41,0.6071428571428571,31.294117647058826,5.931840648477659,0.95,3.99,3,7,3.6,-0.6
MUS01,16_1042_ANTIC-GOLD_43,0.6071428571428571,24.705882352941178,5.931840648477659,0.95,3.68,3,7,3.6,-0.6
MUS01,16_1042_BLUE-NAVY_38,0.39285714285714285,20.363636363636363,5.931840648477659,0.95,5.33,3,5,2.33,0.67
MUS01,16_1042_BLUE-NAVY_39,0.6071428571428571,32.94117647058824,5.931840648477659,0.95,3.31,3,7,3.6,-0.6
MUS01,16_1042_BLUE-NAVY_41,0.6785714285714286,23.57894736842105,5.931840648477659,0.95,4.1,3,8,4.03,-1.03
MUS01,16_1042_BLUE-NAVY_42,0.5892857142857143,28.848484848484848,5.931840648477659,0.95,3.5,3,7,3.5,-0.5
MUS01,16_1042_TAN_37,0.30357142857142855,16.47058823529412,5.931840648477659,0.95,6.75,3,5,1.8,1.2
HYS01,31_1147_MAROON_38,0.6964285714285714,24.410256410256412,5.931840648477659,0.95,3.9,3,8,4.13,-1.13
BES01,32_1154_MAROON_44,0.14285714285714285,35.0,5.931840648477659,0.95,14.25,3,3,0.85,2.15
MUS01,14_1028_ROSE-GOLD_43,0.5535714285714286,32.516129032258064,5.931840648477659,0.95,4.05,3,7,3.28,-0.28
MUS01,14_1028_WHITE_38,0.75,30.666666666666668,5.931840648477659,0.95,3.21,3,8,4.45,-1.45
MUS01,14_1028_WHITE_43,0.4642857142857143,25.846153846153847,5.931840648477659,0.95,4.44,3,6,2.75,0.25
MUS01,16_1042_ANTIC-GOLD_37,0.4642857142857143,21.538461538461537,5.931840648477659,0.95,4.32,3,6,2.75,0.25
INS01,10_1000_WHITE_42,0.39285714285714285,20.363636363636363,5.931840648477659,0.95,6.5,3,5,2.33,0.67
INS01,10_1000_WHITE_43,0.39285714285714285,20.363636363636363,5.931840648477659,0.95,5.17,3,5,2.33,0.67
INS01,11_1007_BLACK_42,0.5535714285714286,21.677419354838708,5.931840648477659,0.95,4.15,3,7,3.28,-0.28
INS01,10_1000_BROWN_39,0.6607142857142857,31.783783783783786,5.931840648477659,0.95,3.13,3,8,3.92,-0.92
INS01,10_1000_BROWN_40,0.44642857142857145,24.639999999999997,5.931840648477659,0.95,4.66,3,6,2.65,0.35
INS01,10_1000_BROWN_41,0.875,25.142857142857142,5.931840648477659,0.95,3.39,3,9,5.19,-2.19
INS01,10_1000_BROWN_42,0.5178571428571429,25.103448275862068,5.931840648477659,0.95,4.29,3,6,3.07,-0.07
INS01,10_1000_WHITE_38,0.48214285714285715,24.88888888888889,5.931840648477659,0.95,4.42,3,6,2.86,0.14
MUS01,16_1042_ANTIC-GOLD_40,0.8571428571428571,38.5,5.931840648477659,0.95,3.13,3,9,5.08,-2.08
MUS01,16_1042_ANTIC-GOLD_42,0.5357142857142857,22.400000000000002,5.931840648477659,0.95,4.87,3,7,3.18,-0.18
BES01,24_1098_WHITE_44,0.17857142857142858,22.4,5.931840648477659,0.95,14.57,3,3,1.06,1.94
BES01,27_1119_ANTIC-GOLD_43,0.5357142857142857,31.733333333333334,5.931840648477659,0.95,4.26,3,7,3.18,-0.18
SUS01,13_1021_BROWN_40,0.4107142857142857,26.782608695652176,5.931840648477659,0.95,5.45,3,6,2.44,0.56
COS01,33_1161_BLUE-NAVY_41,0.5178571428571429,32.82758620689655,5.931840648477659,0.95,4.38,3,6,3.07,-0.07
COS01,33_1161_BLUE-NAVY_42,0.39285714285714285,22.90909090909091,5.931840648477659,0.95,6.26,3,5,2.33,0.67
HYS01,10_1000_BROWN_38,0.6071428571428571,21.411764705882355,5.931840648477659,0.95,4.51,3,7,3.6,-0.6
MUS01,25_1105_BROWN_40,0.6428571428571429,31.111111111111107,5.931840648477659,0.95,4.55,3,8,3.81,-0.81
MUS01,25_1105_BROWN_43,0.6964285714285714,24.410256410256412,5.931840648477659,0.95,3.84,3,8,4.13,-1.13
MUS01,25_1105_MAROON_38,0.6607142857142857,31.783783783783786,5.931840648477659,0.95,3.66,3,8,3.92,-0.92
MUS01,25_1105_MAROON_43,0.5714285714285714,17.5,5.931840648477659,0.95,4.92,3,7,3.39,-0.39
MUS01,27_1119_WHITE_37,0.39285714285714285,17.81818181818182,5.931840648477659,0.95,5.92,3,5,2.33,0.67
BHS01,32_1154_MAROON_41,0.30357142857142855,26.35294117647059,5.931840648477659,0.95,7.16,3,5,1.8,1.2
BHS01,33_1161_BLUE-NAVY_37,0.26785714285714285,18.666666666666668,5.931840648477659,0.95,7.97,3,4,1.59,1.41
BHS01,33_1161_BLUE-NAVY_38,0.39285714285714285,17.81818181818182,5.931840648477659,0.95,6.92,3,5,2.33,0.67
SUS01,14_1028_ROSE-GOLD_44,0.32142857142857145,24.888888888888886,5.931840648477659,0.95,6.62,3,5,1.91,1.09
SUS01,14_1028_WHITE_38,0.6607142857142857,25.72972972972973,5.931840648477659,0.95,3.52,3,8,3.92,-0.92
BES01,23_1091_BLUE-NAVY_44,0.19642857142857142,20.363636363636363,5.931840648477659,0.95,14.72,3,3,1.17,1.83
MUS01,14_1028_ROSE-GOLD_41,0.375,32.0,5.931840648477659,0.95,5.95,3,5,2.22,0.78
PUS01,24_1098_WHITE_40,0.44642857142857145,24.639999999999997,5.931840648477659,0.95,5.23,3,6,2.65,0.35
PUS01,25_1105_BLACK_38,0.5,24.0,5.931840648477659,0.95,4.38,3,6,2.97,0.03
BHS01,28_1126_ROSE-GOLD_40,0.8035714285714286,31.11111111111111,5.931840648477659,0.95,3.56,3,9,4.77,-1.77
COS01,31_1147_MAROON_37,0.19642857142857142,5.090909090909091,5.931840648477659,0.95,13.59,3,3,1.17,1.83
COS01,31_1147_MAROON_41,0.5714285714285714,22.75,5.931840648477659,0.95,4.74,3,7,3.39,-0.39
BHS01,33_1161_ROSE-GOLD_42,0.17857142857142858,22.4,5.931840648477659,0.95,11.31,3,3,1.06,1.94
SUS01,14_1028_WHITE_41,0.48214285714285715,20.74074074074074,5.931840648477659,0.95,5.73,3,6,2.86,0.14
SUS01,14_1028_WHITE_42,0.6071428571428571,19.764705882352942,5.931840648477659,0.95,4.75,3,7,3.6,-0.6
SUS01,16_1042_ANTIC-GOLD_38,0.6071428571428571,24.705882352941178,5.931840648477659,0.95,3.74,3,7,3.6,-0.6
BES01,22_1084_NAVY_38,0.8571428571428571,30.333333333333336,5.931840648477659,0.95,2.98,3,9,5.08,-2.08
INS01,13_1021_BROWN_42,0.30357142857142855,19.764705882352942,5.931840648477659,0.95,7.28,3,5,1.8,1.2
INS01,14_1028_NAVY_38,0.5,26.0,5.931840648477659,0.95,4.31,3,6,2.97,0.03
INS01,11_1007_TAN_39,0.6071428571428571,19.764705882352942,5.931840648477659,0.95,4.79,3,7,3.6,-0.6
INS01,11_1007_TAN_40,0.4642857142857143,23.69230769230769,5.931840648477659,0.95,4.44,3,6,2.75,0.25
INS01,12_1014_BROWN_37,0.5535714285714286,16.258064516129032,5.931840648477659,0.95,4.9,3,7,3.28,-0.28
INS01,12_1014_BROWN_43,0.44642857142857145,26.88,5.931840648477659,0.95,5.09,3,6,2.65,0.35
COS01,31_1147_ANTIC-GOLD_38,0.375,18.666666666666668,5.931840648477659,0.95,5.86,3,5,2.22,0.78
COS01,28_1126_BLUE-NAVY_41,0.48214285714285715,39.407407407407405,5.931840648477659,0.95,4.37,3,6,2.86,0.14
COS01,28_1126_ROSE-GOLD_37,0.39285714285714285,20.363636363636363,5.931840648477659,0.95,5.26,3,5,2.33,0.67
COS01,28_1126_ROSE-GOLD_38,0.5357142857142857,29.866666666666667,5.931840648477659,0.95,4.85,3,7,3.18,-0.18
COS01,28_1126_ROSE-GOLD_39,0.6071428571428571,28.000000000000004,5.931840648477659,0.95,4.3,3,7,3.6,-0.6
COS01,28_1126_ROSE-GOLD_43,0.5178571428571429,21.241379310344826,5.931840648477659,0.95,5.4,3,6,3.07,-0.07
BES01,23_1091_BLACK_44,0.125,40.0,5.931840648477659,0.95,16.78,3,3,0.74,2.26
BES01,21_1077_BLUE-NAVY_37,0.17857142857142858,22.4,5.931840648477659,0.95,13.32,3,3,1.06,1.94
INS01,14_1028_NAVY_43,0.35714285714285715,14.0,5.931840648477659,0.95,6.33,3,5,2.12,0.88
INS01,14_1028_ROSE-GOLD_38,0.42857142857142855,21.0,5.931840648477659,0.95,5.6,3,6,2.54,0.46
INS01,14_1028_ROSE-GOLD_40,0.4642857142857143,30.153846153846153,5.931840648477659,0.95,5.65,3,6,2.75,0.25
INS01,14_1028_ROSE-GOLD_44,0.3392857142857143,17.684210526315788,5.931840648477659,0.95,5.91,3,5,2.01,0.99
BES01,23_1091_BROWN_39,0.5535714285714286,25.29032258064516,5.931840648477659,0.95,4.98,3,7,3.28,-0.28
BES01,23_1091_BROWN_43,0.375,16.0,5.931840648477659,0.95,7.93,3,5,2.22,0.78
PUS01,24_1098_WHITE_38,0.42857142857142855,18.666666666666668,5.931840648477659,0.95,5.43,3,6,2.54,0.46
PUS01,24_1098_WHITE_39,0.5178571428571429,23.172413793103445,5.931840648477659,0.95,4.97,3,6,3.07,-0.07
MUS01,29_1133_BROWN_37,0.4642857142857143,19.384615384615383,5.931840648477659,0.95,5.38,3,6,2.75,0.25
COS01,24_1098_MAROON_39,0.4107142857142857,21.91304347826087,5.931840648477659,0.95,5.92,3,6,2.44,0.56
COS01,24_1098_MAROON_40,0.39285714285714285,25.454545454545457,5.931840648477659,0.95,5.75,3,5,2.33,0.67
PUS01,20_1070_ANTIC-GOLD_42,0.32142857142857145,12.444444444444443,5.931840648477659,0.95,8.33,3,5,1.91,1.09
PUS01,21_1077_BLUE-NAVY_37,0.42857142857142855,16.333333333333336,5.931840648477659,0.95,5.91,3,6,2.54,0.46
PUS01,21_1077_BLUE-NAVY_39,0.5714285714285714,24.5,5.931840648477659,0.95,4.96,3,7,3.39,-0.39
INS01,14_1028_WHITE_42,0.35714285714285715,19.599999999999998,5.931840648477659,0.95,5.95,3,5,2.12,0.88
BES01,21_1077_BLUE-NAVY_42,0.5178571428571429,23.172413793103445,5.931840648477659,0.95,5.4,3,6,3.07,-0.07
BES01,21_1077_BLUE-NAVY_43,0.4107142857142857,21.91304347826087,5.931840648477659,0.95,6.5,3,6,2.44,0.56
BES01,18_1056_BLACK_37,0.6071428571428571,23.058823529411768,5.931840648477659,0.95,4.62,3,7,3.6,-0.6
BES01,18_1056_BLACK_38,0.44642857142857145,20.16,5.931840648477659,0.95,6.5,3,6,2.65,0.35
BES01,23_1091_BLACK_42,0.5535714285714286,30.709677419354836,5.931840648477659,0.95,4.07,3,7,3.28,-0.28
PUS01,23_1091_BLUE-NAVY_43,0.5714285714285714,21.0,5.931840648477659,0.95,4.9,3,7,3.39,-0.39
BHS01,31_1147_WHITE_39,0.5892857142857143,23.757575757575758,5.931840648477659,0.95,4.6,3,7,3.5,-0.5
BHS01,31_1147_WHITE_40,0.5178571428571429,27.034482758620687,5.931840648477659,0.95,5.26,3,6,3.07,-0.07
COS01,29_1133_BROWN_42,0.44642857142857145,31.36,5.931840648477659,0.95,6.32,3,6,2.65,0.35
MAS01,31_1147_WHITE_41,0.4642857142857143,21.538461538461537,5.931840648477659,0.95,4.52,3,6,2.75,0.25
MUS01,10_1000_ROSE-GOLD_38,0.6964285714285714,30.153846153846157,5.931840648477659,0.95,3.22,3,8,4.13,-1.13
INS01,16_1042_ANTIC-GOLD_39,0.6785714285714286,20.63157894736842,5.931840648477659,0.95,4.16,3,8,4.03,-1.03
INS01,16_1042_ANTIC-GOLD_42,0.5,26.0,5.931840648477659,0.95,4.16,3,6,2.97,0.03
INS01,16_1042_BLUE-NAVY_38,0.5535714285714286,16.258064516129032,5.931840648477659,0.95,4.9,3,7,3.28,-0.28
INS01,16_1042_BLUE-NAVY_39,0.7678571428571429,23.441860465116278,5.931840648477659,0.95,3.52,3,9,4.55,-1.55
INS01,16_1042_BLUE-NAVY_40,0.375,24.0,5.931840648477659,0.95,5.73,3,5,2.22,0.78
INS01,16_1042_BLUE-NAVY_42,0.9107142857142857,28.54901960784314,5.931840648477659,0.95,2.67,3,10,5.4,-2.4
MUS01,10_1000_ROSE-GOLD_42,0.7142857142857143,28.0,5.931840648477659,0.95,3.45,3,8,4.24,-1.24
BES01,18_1056_BLACK_43,0.4642857142857143,28.0,5.931840648477659,0.95,5.08,3,6,2.75,0.25
BES01,19_1063_MAROON_37,0.17857142857142858,33.6,5.931840648477659,0.95,13.84,3,3,1.06,1.94
SUS01,16_1042_ANTIC-GOLD_42,0.42857142857142855,18.666666666666668,5.931840648477659,0.95,5.53,3,6,2.54,0.46
SUS01,16_1042_BLUE-NAVY_38,0.4107142857142857,19.47826086956522,5.931840648477659,0.95,5.76,3,6,2.44,0.56
SUS01,16_1042_BLUE-NAVY_39,0.625,20.8,5.931840648477659,0.95,4.15,3,7,3.71,-0.71
COS01,28_1126_TAN_38,0.35714285714285715,30.8,5.931840648477659,0.95,6.19,3,5,2.12,0.88
MUS01,27_1119_WHITE_44,0.5,24.0,5.931840648477659,0.95,4.1,3,6,2.97,0.03
BHS01,33_1161_ROSE-GOLD_38,0.4107142857142857,26.782608695652176,5.931840648477659,0.95,5.17,3,6,2.44,0.56
COS01,24_1098_MAROON_41,0.26785714285714285,22.400000000000002,5.931840648477659,0.95,7.64,3,4,1.59,1.41
COS01,24_1098_MAROON_42,0.23214285714285715,12.923076923076923,5.931840648477659,0.95,10.01,3,4,1.38,1.62
COS01,24_1098_WHITE_41,0.42857142857142855,21.0,5.931840648477659,0.95,6.83,3,6,2.54,0.46
COS01,28_1126_BLUE-NAVY_38,0.44642857142857145,20.16,5.931840648477659,0.95,5.38,3,6,2.65,0.35
MUS01,29_1133_BROWN_44,0.5892857142857143,18.666666666666668,5.931840648477659,0.95,4.97,3,7,3.5,-0.5
MUS01,30_1140_WHITE_42,0.6607142857142857,24.216216216216218,5.931840648477659,0.95,4.0,3,8,3.92,-0.92
COS01,23_1091_BROWN_40,0.42857142857142855,21.0,5.931840648477659,0.95,5.87,3,6,2.54,0.46
BES01,16_1042_ANTIC-GOLD_43,0.35714285714285715,16.8,5.931840648477659,0.95,7.31,3,5,2.12,0.88
BES01,16_1042_TAN_37,0.42857142857142855,18.666666666666668,5.931840648477659,0.95,5.7,3,6,2.54,0.46
MAS01,30_1140_WHITE_41,0.5,16.0,5.931840648477659,0.95,5.78,3,6,2.97,0.03
INS01,17_1049_BLACK_42,0.6428571428571429,27.999999999999996,5.931840648477659,0.95,3.55,3,8,3.81,-0.81
INS01,17_1049_MAROON_39,0.5,24.0,5.931840648477659,0.95,5.25,3,6,2.97,0.03
MAS01,31_1147_ANTIC-GOLD_41,0.375,21.333333333333332,5.931840648477659,0.95,6.57,3,5,2.22,0.78
MAS01,31_1147_WHITE_39,0.5,16.0,5.931840648477659,0.95,5.27,3,6,2.97,0.03
MAS01,31_1147_WHITE_40,0.6964285714285714,20.102564102564102,5.931840648477659,0.95,4.01,3,8,4.13,-1.13
CHS01,10_1000_BROWN_39,0.5357142857142857,33.6,5.931840648477659,0.95,3.81,3,7,3.18,-0.18
CHS01,10_1000_BROWN_42,0.5535714285714286,28.903225806451612,5.931840648477659,0.95,5.08,3,7,3.28,-0.28
CHS01,10_1000_BROWN_44,0.26785714285714285,22.400000000000002,5.931840648477659,0.95,7.84,3,4,1.59,1.41
CHS01,10_1000_WHITE_38,0.5714285714285714,22.75,5.931840648477659,0.95,5.01,3,7,3.39,-0.39
SUS01,17_1049_BROWN_38,0.39285714285714285,15.272727272727273,5.931840648477659,0.95,5.71,3,5,2.33,0.67
MAS01,28_1126_TAN_37,0.4107142857142857,12.173913043478262,5.931840648477659,0.95,7.09,3,6,2.44,0.56
MAS01,28_1126_TAN_38,0.5178571428571429,23.172413793103445,5.931840648477659,0.95,4.99,3,6,3.07,-0.07
MAS01,28_1126_TAN_39,0.5178571428571429,23.172413793103445,5.931840648477659,0.95,5.36,3,6,3.07,-0.07
MAS01,28_1126_TAN_42,0.3392857142857143,14.736842105263158,5.931840648477659,0.95,7.62,3,5,2.01,0.99
MAS01,29_1133_BROWN_39,0.6071428571428571,24.705882352941178,5.931840648477659,0.95,4.66,3,7,3.6,-0.6
MAS01,29_1133_BROWN_42,0.42857142857142855,23.333333333333336,5.931840648477659,0.95,6.51,3,6,2.54,0.46
MAS01,29_1133_BROWN_43,0.35714285714285715,19.599999999999998,5.931840648477659,0.95,5.76,3,5,2.12,0.88
MAS01,30_1140_WHITE_40,0.48214285714285715,26.962962962962962,5.931840648477659,0.95,4.3,3,6,2.86,0.14
BES01,17_1049_BLACK_43,0.30357142857142855,29.647058823529413,5.931840648477659,0.95,7.2,3,5,1.8,1.2
BHS01,33_1161_BLUE-NAVY_42,0.3392857142857143,32.421052631578945,5.931840648477659,0.95,5.94,3,5,2.01,0.99
BHS01,33_1161_BLUE-NAVY_43,0.3392857142857143,17.684210526315788,5.931840648477659,0.95,6.78,3,5,2.01,0.99
MAS01,27_1119_WHITE_41,0.4642857142857143,17.23076923076923,5.931840648477659,0.95,6.41,3,6,2.75,0.25
MAS01,27_1119_WHITE_42,0.6071428571428571,26.35294117647059,5.931840648477659,0.95,4.59,3,7,3.6,-0.6
INS01,18_1056_GREY_43,0.6785714285714286,23.57894736842105,5.931840648477659,0.95,4.38,3,8,4.03,-1.03
INS01,21_1077_BLUE-NAVY_38,0.4642857142857143,19.384615384615383,5.931840648477659,0.95,5.35,3,6,2.75,0.25
INS01,18_1056_ANTIC-GOLD_43,0.32142857142857145,21.777777777777775,5.931840648477659,0.95,6.57,3,5,1.91,1.09
INS01,18_1056_BLACK_42,0.6964285714285714,38.769230769230774,5.931840648477659,0.95,3.1,3,8,4.13,-1.13
INS01,18_1056_GREY_38,0.5714285714285714,17.5,5.931840648477659,0.95,5.05,3,7,3.39,-0.39
BES01,13_1021_BROWN_43,0.48214285714285715,22.814814814814813,5.931840648477659,0.95,4.99,3,6,2.86,0.14
BES01,13_1021_BROWN_44,0.125,24.0,5.931840648477659,0.95,20.72,3,3,0.74,2.26
SUS01,16_1042_TAN_42,0.23214285714285715,38.76923076923077,5.931840648477659,0.95,10.56,3,4,1.38,1.62
MUS01,32_1154_MAROON_42,0.4107142857142857,14.608695652173914,5.931840648477659,0.95,7.13,3,6,2.44,0.56
MUS01,32_1154_MAROON_43,0.32142857142857145,15.555555555555554,5.931840648477659,0.95,6.61,3,5,1.91,1.09
MUS01,33_1161_ROSE-GOLD_37,0.48214285714285715,24.88888888888889,5.931840648477659,0.95,4.18,3,6,2.86,0.14
MUS01,33_1161_ROSE-GOLD_39,0.75,28.0,5.931840648477659,0.95,3.91,3,8,4.45,-1.45
COS01,18_1056_GREY_41,0.5178571428571429,30.89655172413793,5.931840648477659,0.95,5.3,3,6,3.07,-0.07
CHS01,12_1014_ANTIC-GOLD_44,0.6071428571428571,23.058823529411768,5.931840648477659,0.95,4.0,3,7,3.6,-0.6
MAS01,18_1056_BLACK_43,0.375,13.333333333333334,5.931840648477659,0.95,7.43,3,5,2.22,0.78
MAS01,21_1077_BLUE-NAVY_44,0.17857142857142858,5.6,5.931840648477659,0.95,11.83,3,3,1.06,1.94
MAS01,21_1077_MAROON_38,0.14285714285714285,21.0,5.931840648477659,0.95,17.26,3,3,0.85,2.15
MAS01,21_1077_MAROON_40,0.42857142857142855,18.666666666666668,5.931840648477659,0.95,5.13,3,6,2.54,0.46
MAS01,21_1077_MAROON_41,0.5178571428571429,17.379310344827584,5.931840648477659,0.95,5.44,3,6,3.07,-0.07
MAS01,24_1098_MAROON_39,0.42857142857142855,18.666666666666668,5.931840648477659,0.95,5.07,3,6,2.54,0.46
MAS01,25_1105_BROWN_39,0.44642857142857145,22.4,5.931840648477659,0.95,5.3,3,6,2.65,0.35
INS01,21_1077_BLUE-NAVY_39,0.5357142857142857,20.533333333333335,5.931840648477659,0.95,5.26,3,7,3.18,-0.18
INS01,21_1077_BLUE-NAVY_41,0.5714285714285714,29.75,5.931840648477659,0.95,4.31,3,7,3.39,-0.39
INS01,22_1084_NAVY_39,0.6607142857142857,24.216216216216218,5.931840648477659,0.95,4.1,3,8,3.92,-0.92
INS01,22_1084_NAVY_40,0.6071428571428571,24.705882352941178,5.931840648477659,0.95,4.35,3,7,3.6,-0.6
INS01,22_1084_NAVY_41,0.625,27.2,5.931840648477659,0.95,4.65,3,7,3.71,-0.71
INS01,22_1084_NAVY_42,0.4642857142857143,36.61538461538461,5.931840648477659,0.95,5.32,3,6,2.75,0.25
INS01,23_1091_BLUE-NAVY_37,0.17857142857142858,28.0,5.931840648477659,0.95,15.92,3,3,1.06,1.94
MAS01,25_1105_BROWN_40,0.5357142857142857,22.400000000000002,5.931840648477659,0.95,5.43,3,7,3.18,-0.18
MAS01,25_1105_BROWN_41,0.42857142857142855,23.333333333333336,5.931840648477659,0.95,5.06,3,6,2.54,0.46
INS01,25_1105_BLACK_42,0.5892857142857143,30.545454545454543,5.931840648477659,0.95,3.44,3,7,3.5,-0.5
INS01,25_1105_BROWN_37,0.30357142857142855,9.882352941176471,5.931840648477659,0.95,7.29,3,5,1.8,1.2
MAS01,17_1049_BLACK_42,0.39285714285714285,20.363636363636363,5.931840648477659,0.95,5.27,3,5,2.33,0.67
MAS01,17_1049_MAROON_37,0.125,24.0,5.931840648477659,0.95,16.09,3,3,0.74,2.26
MAS01,18_1056_ANTIC-GOLD_38,0.25,16.0,5.931840648477659,0.95,10.12,3,4,1.48,1.52
INS01,23_1091_BLUE-NAVY_42,0.42857142857142855,16.333333333333336,5.931840648477659,0.95,6.3,3,6,2.54,0.46
SUS01,17_1049_BROWN_41,0.5178571428571429,28.965517241379306,5.931840648477659,0.95,4.29,3,6,3.07,-0.07
SUS01,17_1049_MAROON_40,0.6607142857142857,28.756756756756758,5.931840648477659,0.95,4.48,3,8,3.92,-0.92
SUS01,17_1049_MAROON_42,0.6607142857142857,25.72972972972973,5.931840648477659,0.95,4.2,3,8,3.92,-0.92
BES01,11_1007_BLACK_39,0.39285714285714285,38.18181818181818,5.931840648477659,0.95,5.25,3,5,2.33,0.67
INS01,24_1098_MAROON_40,0.6071428571428571,29.647058823529413,5.931840648477659,0.95,4.08,3,7,3.6,-0.6
INS01,24_1098_MAROON_42,0.4107142857142857,19.47826086956522,5.931840648477659,0.95,5.19,3,6,2.44,0.56
INS01,24_1098_WHITE_38,0.48214285714285715,18.666666666666668,5.931840648477659,0.95,4.75,3,6,2.86,0.14
MAS01,18_1056_ANTIC-GOLD_41,0.35714285714285715,28.0,5.931840648477659,0.95,6.63,3,5,2.12,0.88
MAS01,18_1056_BLACK_39,0.44642857142857145,24.639999999999997,5.931840648477659,0.95,6.11,3,6,2.65,0.35
MAS01,18_1056_BLACK_42,0.5,26.0,5.931840648477659,0.95,4.6,3,6,2.97,0.03
CHS01,10_1000_WHITE_43,0.625,24.0,5.931840648477659,0.95,4.36,3,7,3.71,-0.71
COS01,18_1056_GREY_43,0.4642857142857143,23.69230769230769,5.931840648477659,0.95,5.45,3,6,2.75,0.25
COS01,20_1070_ANTIC-GOLD_40,0.39285714285714285,25.454545454545457,5.931840648477659,0.95,5.99,3,5,2.33,0.67
COS01,20_1070_ANTIC-GOLD_41,0.39285714285714285,30.545454545454547,5.931840648477659,0.95,5.28,3,5,2.33,0.67
COS01,23_1091_BLUE-NAVY_38,0.375,13.333333333333334,5.931840648477659,0.95,6.49,3,5,2.22,0.78
COS01,18_1056_ANTIC-GOLD_43,0.35714285714285715,22.4,5.931840648477659,0.95,6.48,3,5,2.12,0.88
COS01,18_1056_ANTIC-GOLD_44,0.42857142857142855,16.333333333333336,5.931840648477659,0.95,6.44,3,6,2.54,0.46
COS01,18_1056_BLACK_38,0.42857142857142855,32.66666666666667,5.931840648477659,0.95,5.2,3,6,2.54,0.46
COS01,18_1056_BLACK_42,0.5178571428571429,28.965517241379306,5.931840648477659,0.95,4.59,3,6,3.07,-0.07
CHS01,13_1021_WHITE_38,0.6428571428571429,27.999999999999996,5.931840648477659,0.95,3.83,3,8,3.81,-0.81
CHS01,13_1021_WHITE_39,0.5,28.0,5.931840648477659,0.95,4.39,3,6,2.97,0.03
INS01,24_1098_WHITE_40,0.19642857142857142,40.72727272727273,5.931840648477659,0.95,13.46,3,3,1.17,1.83
INS01,24_1098_WHITE_41,0.32142857142857145,18.666666666666664,5.931840648477659,0.95,6.79,3,5,1.91,1.09
INS01,24_1098_WHITE_44,0.125,24.0,5.931840648477659,0.95,18.91,3,3,0.74,2.26
INS01,25_1105_BLACK_39,0.5714285714285714,28.0,5.931840648477659,0.95,4.76,3,7,3.39,-0.39
INS01,25_1105_BLACK_40,0.6071428571428571,32.94117647058824,5.931840648477659,0.95,3.8,3,7,3.6,-0.6
INS01,25_1105_BROWN_40,0.5535714285714286,30.709677419354836,5.931840648477659,0.95,4.49,3,7,3.28,-0.28
BES01,11_1007_BLACK_42,0.26785714285714285,33.6,5.931840648477659,0.95,10.43,3,4,1.59,1.41
BES01,11_1007_TAN_38,0.48214285714285715,20.74074074074074,5.931840648477659,0.95,4.99,3,6,2.86,0.14
BES01,11_1007_TAN_43,0.4107142857142857,29.217391304347828,5.931840648477659,0.95,6.51,3,6,2.44,0.56
AHS01,33_1161_ROSE-GOLD_37,0.26785714285714285,26.133333333333333,5.931840648477659,0.95,11.08,3,4,1.59,1.41
INS01,25_1105_BROWN_42,0.2857142857142857,24.5,5.931840648477659,0.95,8.17,3,4,1.69,1.31
INS01,25_1105_MAROON_39,0.6785714285714286,25.052631578947366,5.931840648477659,0.95,4.19,3,8,4.03,-1.03
INS01,25_1105_MAROON_42,0.6964285714285714,28.71794871794872,5.931840648477659,0.95,3.56,3,8,4.13,-1.13
INS01,27_1119_ANTIC-GOLD_38,0.5714285714285714,24.5,5.931840648477659,0.95,4.53,3,7,3.39,-0.39
MAS01,16_1042_ANTIC-GOLD_40,0.4642857142857143,25.846153846153847,5.931840648477659,0.95,4.77,3,6,2.75,0.25
MAS01,16_1042_ANTIC-GOLD_41,0.5,26.0,5.931840648477659,0.95,4.64,3,6,2.97,0.03
MAS01,16_1042_TAN_38,0.19642857142857142,10.181818181818182,5.931840648477659,0.95,10.85,3,3,1.17,1.83
MAS01,16_1042_TAN_40,0.35714285714285715,30.8,5.931840648477659,0.95,5.93,3,5,2.12,0.88
MAS01,16_1042_TAN_42,0.23214285714285715,25.846153846153847,5.931840648477659,0.95,10.93,3,4,1.38,1.62
MAS01,17_1049_BLACK_39,0.6607142857142857,22.7027027027027,5.931840648477659,0.95,4.28,3,8,3.92,-0.92
CHS01,10_1000_WHITE_42,0.5714285714285714,31.5,5.931840648477659,0.95,4.06,3,7,3.39,-0.39
CHS01,11_1007_TAN_43,0.5714285714285714,21.0,5.931840648477659,0.95,4.42,3,7,3.39,-0.39
MUS01,33_1161_ROSE-GOLD_43,0.5,22.0,5.931840648477659,0.95,4.81,3,6,2.97,0.03
PUS01,10_1000_ROSE-GOLD_38,0.5892857142857143,27.151515151515152,5.931840648477659,0.95,3.74,3,7,3.5,-0.5
COS01,17_1049_MAROON_38,0.5535714285714286,28.903225806451612,5.931840648477659,0.95,3.73,3,7,3.28,-0.28
PUS01,18_1056_GREY_37,0.5357142857142857,24.266666666666666,5.931840648477659,0.95,4.47,3,7,3.18,-0.18
PUS01,18_1056_GREY_44,0.44642857142857145,22.4,5.931840648477659,0.95,4.96,3,6,2.65,0.35
PUS01,20_1070_ANTIC-GOLD_39,0.4642857142857143,19.384615384615383,5.931840648477659,0.95,5.83,3,6,2.75,0.25
INS01,28_1126_BLUE-NAVY_41,0.7857142857142857,29.272727272727273,5.931840648477659,0.95,3.53,3,9,4.66,-1.66
MAS01,14_1028_NAVY_40,0.39285714285714285,22.90909090909091,5.931840648477659,0.95,5.25,3,5,2.33,0.67
MAS01,14_1028_NAVY_42,0.44642857142857145,17.919999999999998,5.931840648477659,0.95,5.54,3,6,2.65,0.35
MAS01,14_1028_ROSE-GOLD_38,0.44642857142857145,20.16,5.931840648477659,0.95,5.46,3,6,2.65,0.35
MAS01,14_1028_ROSE-GOLD_41,0.4642857142857143,21.538461538461537,5.931840648477659,0.95,6.22,3,6,2.75,0.25
MAS01,14_1028_ROSE-GOLD_42,0.23214285714285715,25.846153846153847,5.931840648477659,0.95,8.98,3,4,1.38,1.62
MAS01,14_1028_WHITE_38,0.35714285714285715,16.8,5.931840648477659,0.95,5.84,3,5,2.12,0.88
MAS01,14_1028_WHITE_39,0.5,26.0,5.931840648477659,0.95,4.99,3,6,2.97,0.03
MAS01,14_1028_WHITE_41,0.42857142857142855,28.0,5.931840648477659,0.95,4.79,3,6,2.54,0.46
MAS01,12_1014_ROSE-GOLD_44,0.32142857142857145,9.333333333333332,5.931840648477659,0.95,9.02,3,5,1.91,1.09
MAS01,13_1021_BROWN_39,0.44642857142857145,22.4,5.931840648477659,0.95,6.25,3,6,2.65,0.35
MAS01,13_1021_WHITE_40,0.5357142857142857,16.8,5.931840648477659,0.95,5.38,3,7,3.18,-0.18
MAS01,13_1021_WHITE_43,0.5,18.0,5.931840648477659,0.95,4.44,3,6,2.97,0.03
INS01,29_1133_BROWN_43,0.35714285714285715,19.599999999999998,5.931840648477659,0.95,5.95,3,5,2.12,0.88
INS01,31_1147_ANTIC-GOLD_39,0.5,30.0,5.931840648477659,0.95,4.57,3,6,2.97,0.03
KOS01,10_1000_BROWN_37,0.17857142857142858,16.8,5.931840648477659,0.95,15.75,3,3,1.06,1.94
KOS01,10_1000_BROWN_38,0.5892857142857143,22.06060606060606,5.931840648477659,0.95,4.43,3,7,3.5,-0.5
INS01,27_1119_ANTIC-GOLD_43,0.6071428571428571,24.705882352941178,5.931840648477659,0.95,4.18,3,7,3.6,-0.6
INS01,28_1126_BLUE-NAVY_38,0.5357142857142857,22.400000000000002,5.931840648477659,0.95,4.42,3,7,3.18,-0.18
AHS01,33_1161_ROSE-GOLD_39,0.35714285714285715,42.0,5.931840648477659,0.95,7.59,3,5,2.12,0.88
AHS01,33_1161_ROSE-GOLD_40,0.44642857142857145,29.119999999999997,5.931840648477659,0.95,5.27,3,6,2.65,0.35
AHS01,33_1161_ROSE-GOLD_43,0.3392857142857143,20.63157894736842,5.931840648477659,0.95,5.92,3,5,2.01,0.99
SUS01,18_1056_ANTIC-GOLD_42,0.5535714285714286,28.903225806451612,5.931840648477659,0.95,4.91,3,7,3.28,-0.28
SUS01,20_1070_ANTIC-GOLD_41,0.4107142857142857,21.91304347826087,5.931840648477659,0.95,5.23,3,6,2.44,0.56
CHS01,13_1021_WHITE_42,0.7142857142857143,26.599999999999998,5.931840648477659,0.95,3.84,3,8,4.24,-1.24
PUS01,11_1007_TAN_39,0.5535714285714286,27.096774193548384,5.931840648477659,0.95,4.38,3,7,3.28,-0.28
COS01,16_1042_ANTIC-GOLD_41,0.375,24.0,5.931840648477659,0.95,6.02,3,5,2.22,0.78
CHS01,14_1028_NAVY_42,0.6428571428571429,27.999999999999996,5.931840648477659,0.95,4.2,3,8,3.81,-0.81
CHS01,14_1028_NAVY_43,0.5178571428571429,25.103448275862068,5.931840648477659,0.95,4.28,3,6,3.07,-0.07
CHS01,14_1028_NAVY_44,0.44642857142857145,17.919999999999998,5.931840648477659,0.95,5.55,3,6,2.65,0.35
CHS01,14_1028_ROSE-GOLD_43,0.4642857142857143,19.384615384615383,5.931840648477659,0.95,6.46,3,6,2.75,0.25
CHS01,16_1042_ANTIC-GOLD_38,0.42857142857142855,18.666666666666668,5.931840648477659,0.95,5.98,3,6,2.54,0.46
CHS01,18_1056_ANTIC-GOLD_44,0.5,24.0,5.931840648477659,0.95,5.15,3,6,2.97,0.03
SUS01,23_1091_BLUE-NAVY_40,0.48214285714285715,22.814814814814813,5.931840648477659,0.95,4.89,3,6,2.86,0.14
SUS01,23_1091_BLUE-NAVY_42,0.3392857142857143,23.57894736842105,5.931840648477659,0.95,6.71,3,5,2.01,0.99
SUS01,23_1091_BROWN_39,0.3392857142857143,14.736842105263158,5.931840648477659,0.95,7.46,3,5,2.01,0.99
SUS01,23_1091_BROWN_40,0.5,24.0,5.931840648477659,0.95,4.8,3,6,2.97,0.03
SUS01,24_1098_MAROON_39,0.3392857142857143,17.684210526315788,5.931840648477659,0.95,5.99,3,5,2.01,0.99
AHS01,31_1147_ANTIC-GOLD_41,0.5,34.0,5.931840648477659,0.95,5.69,3,6,2.97,0.03
AHS01,31_1147_ANTIC-GOLD_42,0.5178571428571429,34.75862068965517,5.931840648477659,0.95,5.68,3,6,3.07,-0.07
MAS01,12_1014_ROSE-GOLD_43,0.30357142857142855,23.058823529411768,5.931840648477659,0.95,6.77,3,5,1.8,1.2
KOS01,13_1021_WHITE_39,0.4642857142857143,19.384615384615383,5.931840648477659,0.95,6.19,3,6,2.75,0.25
KOS01,13_1021_WHITE_40,0.5714285714285714,26.25,5.931840648477659,0.95,4.96,3,7,3.39,-0.39
KOS01,11_1007_TAN_39,0.42857142857142855,35.0,5.931840648477659,0.95,4.67,3,6,2.54,0.46
KOS01,11_1007_TAN_40,0.375,24.0,5.931840648477659,0.95,5.94,3,5,2.22,0.78
KOS01,11_1007_TAN_44,0.16071428571428573,18.666666666666664,5.931840648477659,0.95,15.14,3,3,0.95,2.05
KOS01,13_1021_BROWN_38,0.5535714285714286,28.903225806451612,5.931840648477659,0.95,5.01,3,7,3.28,-0.28
KOS01,10_1000_BROWN_39,0.375,24.0,5.931840648477659,0.95,6.02,3,5,2.22,0.78
KOS01,10_1000_BROWN_40,0.7142857142857143,29.4,5.931840648477659,0.95,3.54,3,8,4.24,-1.24
KOS01,10_1000_BROWN_41,0.4642857142857143,23.69230769230769,5.931840648477659,0.95,5.64,3,6,2.75,0.25
KOS01,10_1000_BROWN_42,0.44642857142857145,22.4,5.931840648477659,0.95,6.05,3,6,2.65,0.35
KOS01,10_1000_WHITE_40,0.625,36.8,5.931840648477659,0.95,4.09,3,7,3.71,-0.71
KOS01,10_1000_WHITE_42,0.44642857142857145,20.16,5.931840648477659,0.95,6.51,3,6,2.65,0.35
AHS01,32_1154_MAROON_41,0.44642857142857145,24.639999999999997,5.931840648477659,0.95,5.05,3,6,2.65,0.35
COS01,17_1049_MAROON_39,0.625,32.0,5.931840648477659,0.95,3.97,3,7,3.71,-0.71
PUS01,11_1007_BLACK_41,0.5535714285714286,25.29032258064516,5.931840648477659,0.95,4.2,3,7,3.28,-0.28
PUS01,11_1007_BLACK_42,0.75,25.333333333333332,5.931840648477659,0.95,3.58,3,8,4.45,-1.45
CHS01,16_1042_TAN_44,0.5,22.0,5.931840648477659,0.95,4.45,3,6,2.97,0.03
CHS01,17_1049_MAROON_37,0.48214285714285715,20.74074074074074,5.931840648477659,0.95,4.46,3,6,2.86,0.14
COS01,16_1042_ANTIC-GOLD_42,0.3392857142857143,26.52631578947368,5.931840648477659,0.95,6.01,3,5,2.01,0.99
COS01,16_1042_ANTIC-GOLD_44,0.48214285714285715,16.59259259259259,5.931840648477659,0.95,5.87,3,6,2.86,0.14
COS01,17_1049_BLACK_38,0.4642857142857143,23.69230769230769,5.931840648477659,0.95,4.83,3,6,2.75,0.25
COS01,17_1049_BLACK_39,0.4642857142857143,25.846153846153847,5.931840648477659,0.95,4.96,3,6,2.75,0.25
COS01,17_1049_BLACK_41,0.75,34.666666666666664,5.931840648477659,0.95,3.28,3,8,4.45,-1.45
COS01,17_1049_BLACK_42,0.375,29.333333333333332,5.931840648477659,0.95,5.4,3,5,2.22,0.78
COS01,14_1028_WHITE_40,0.39285714285714285,22.90909090909091,5.931840648477659,0.95,6.88,3,5,2.33,0.67
COS01,14_1028_WHITE_41,0.5,30.0,5.931840648477659,0.95,4.34,3,6,2.97,0.03
AHS01,31_1147_MAROON_39,0.32142857142857145,27.999999999999996,5.931840648477659,0.95,6.81,3,5,1.91,1.09
SUS01,24_1098_MAROON_41,0.5178571428571429,19.310344827586206,5.931840648477659,0.95,5.18,3,6,3.07,-0.07
SUS01,24_1098_WHITE_38,0.35714285714285715,22.4,5.931840648477659,0.95,5.77,3,5,2.12,0.88
SUS01,25_1105_BLACK_38,0.5892857142857143,23.757575757575758,5.931840648477659,0.95,3.76,3,7,3.5,-0.5
KOS01,13_1021_BROWN_40,0.44642857142857145,31.36,5.931840648477659,0.95,5.59,3,6,2.65,0.35
KOS01,13_1021_WHITE_38,0.4642857142857143,21.538461538461537,5.931840648477659,0.95,5.63,3,6,2.75,0.25
COS01,13_1021_WHITE_42,0.48214285714285715,31.11111111111111,5.931840648477659,0.95,4.38,3,6,2.86,0.14
CHS01,17_1049_MAROON_43,0.75,25.333333333333332,5.931840648477659,0.95,3.74,3,8,4.45,-1.45
CHS01,18_1056_ANTIC-GOLD_37,0.3392857142857143,23.57894736842105,5.931840648477659,0.95,6.23,3,5,2.01,0.99
CHS01,19_1063_MAROON_44,0.4107142857142857,17.043478260869566,5.931840648477659,0.95,5.92,3,6,2.44,0.56
AHS01,27_1119_WHITE_44,0.6964285714285714,24.410256410256412,5.931840648477659,0.95,3.51,3,8,4.13,-1.13
AHS01,25_1105_BROWN_43,0.375,18.666666666666668,5.931840648477659,0.95,8.0,3,5,2.22,0.78
AHS01,25_1105_BROWN_44,0.23214285714285715,30.153846153846153,5.931840648477659,0.95,8.69,3,4,1.38,1.62
AHS01,25_1105_MAROON_38,0.4642857142857143,28.0,5.931840648477659,0.95,6.35,3,6,2.75,0.25
KOS01,14_1028_ROSE-GOLD_43,0.30357142857142855,19.764705882352942,5.931840648477659,0.95,8.14,3,5,1.8,1.2
MAS01,11_1007_BLACK_39,0.32142857142857145,15.555555555555554,5.931840648477659,0.95,6.97,3,5,1.91,1.09
MAS01,12_1014_ANTIC-GOLD_43,0.5,16.0,5.931840648477659,0.95,4.98,3,6,2.97,0.03
MAS01,12_1014_BROWN_38,0.7142857142857143,28.0,5.931840648477659,0.95,3.69,3,8,4.24,-1.24
AHS01,28_1126_TAN_44,0.48214285714285715,22.814814814814813,5.931840648477659,0.95,4.73,3,6,2.86,0.14
AHS01,31_1147_ANTIC-GOLD_44,0.25,16.0,5.931840648477659,0.95,11.05,3,4,1.48,1.52
CHS01,18_1056_BLACK_37,0.44642857142857145,15.68,5.931840648477659,0.95,6.69,3,6,2.65,0.35
CHS01,16_1042_TAN_42,0.5535714285714286,27.096774193548384,5.931840648477659,0.95,4.14,3,7,3.28,-0.28
PUS01,17_1049_BROWN_38,0.5,20.0,5.931840648477659,0.95,4.74,3,6,2.97,0.03
PUS01,17_1049_BROWN_43,0.44642857142857145,17.919999999999998,5.931840648477659,0.95,5.06,3,6,2.65,0.35
CHS01,19_1063_MAROON_39,0.6071428571428571,21.411764705882355,5.931840648477659,0.95,4.91,3,7,3.6,-0.6
KOS01,15_1035_GREY_39,0.23214285714285715,8.615384615384615,5.931840648477659,0.95,9.37,3,4,1.38,1.62
KOS01,15_1035_GREY_40,0.125,24.0,5.931840648477659,0.95,23.36,3,3,0.74,2.26
KOS01,16_1042_BLUE-NAVY_38,0.4107142857142857,17.043478260869566,5.931840648477659,0.95,6.57,3,6,2.44,0.56
MAS01,10_1000_ROSE-GOLD_40,0.4642857142857143,28.0,5.931840648477659,0.95,4.63,3,6,2.75,0.25
AHS01,25_1105_MAROON_39,0.5357142857142857,18.666666666666668,5.931840648477659,0.95,4.75,3,7,3.18,-0.18
AHS01,25_1105_MAROON_42,0.375,18.666666666666668,5.931840648477659,0.95,6.69,3,5,2.22,0.78
AHS01,23_1091_BLUE-NAVY_41,0.5892857142857143,32.24242424242424,5.931840648477659,0.95,3.88,3,7,3.5,-0.5
AHS01,23_1091_BLUE-NAVY_43,0.32142857142857145,24.888888888888886,5.931840648477659,0.95,7.6,3,5,1.91,1.09
AHS01,25_1105_BLACK_44,0.16071428571428573,24.888888888888886,5.931840648477659,0.95,13.18,3,3,0.95,2.05
COS01,15_1035_GREY_41,0.125,24.0,5.931840648477659,0.95,16.83,3,3,0.74,2.26
COS01,16_1042_ANTIC-GOLD_38,0.5535714285714286,28.903225806451612,5.931840648477659,0.95,3.67,3,7,3.28,-0.28
PUS01,12_1014_ANTIC-GOLD_43,1.1071428571428572,30.709677419354836,5.931840648477659,0.95,2.59,3,11,6.57,-3.57
PUS01,12_1014_ANTIC-GOLD_44,0.6607142857142857,27.243243243243246,5.931840648477659,0.95,3.24,3,8,3.92,-0.92
CHS01,25_1105_BROWN_38,0.32142857142857145,15.555555555555554,5.931840648477659,0.95,7.13,3,5,1.91,1.09
CHS01,22_1084_NAVY_39,0.7321428571428571,43.707317073170735,5.931840648477659,0.95,2.94,3,8,4.34,-1.34
CHS01,22_1084_NAVY_42,0.6964285714285714,25.846153846153847,5.931840648477659,0.95,4.24,3,8,4.13,-1.13
CHS01,23_1091_BLACK_38,0.5178571428571429,28.965517241379306,5.931840648477659,0.95,3.97,3,6,3.07,-0.07
SUS01,25_1105_BLACK_43,0.4642857142857143,15.076923076923077,5.931840648477659,0.95,5.17,3,6,2.75,0.25
SUS01,25_1105_BROWN_41,0.5357142857142857,24.266666666666666,5.931840648477659,0.95,4.64,3,7,3.18,-0.18
SUS01,25_1105_BROWN_42,0.44642857142857145,26.88,5.931840648477659,0.95,4.67,3,6,2.65,0.35
AHS01,20_1070_ANTIC-GOLD_38,0.17857142857142858,28.0,5.931840648477659,0.95,13.96,3,3,1.06,1.94
KOS01,16_1042_BLUE-NAVY_43,0.32142857142857145,12.444444444444443,5.931840648477659,0.95,8.03,3,5,1.91,1.09
KOS01,16_1042_TAN_42,0.5357142857142857,31.733333333333334,5.931840648477659,0.95,4.05,3,7,3.18,-0.18
CHS01,21_1077_BLUE-NAVY_38,0.42857142857142855,21.0,5.931840648477659,0.95,6.0,3,6,2.54,0.46
CHS01,21_1077_BLUE-NAVY_42,0.42857142857142855,32.66666666666667,5.931840648477659,0.95,4.67,3,6,2.54,0.46
CHS01,18_1056_BLACK_42,0.5714285714285714,28.0,5.931840648477659,0.95,4.9,3,7,3.39,-0.39
CHS01,18_1056_BLACK_44,0.5357142857142857,28.0,5.931840648477659,0.95,4.39,3,7,3.18,-0.18
COS01,14_1028_ROSE-GOLD_38,0.2857142857142857,21.0,5.931840648477659,0.95,7.01,3,4,1.69,1.31
COS01,13_1021_BROWN_38,0.23214285714285715,21.538461538461537,5.931840648477659,0.95,8.76,3,4,1.38,1.62
COS01,11_1007_BLACK_40,0.375,29.333333333333332,5.931840648477659,0.95,5.72,3,5,2.22,0.78
COS01,11_1007_BLACK_44,0.19642857142857142,15.272727272727273,5.931840648477659,0.95,13.63,3,3,1.17,1.83
COS01,12_1014_ANTIC-GOLD_37,0.6785714285714286,28.0,5.931840648477659,0.95,3.72,3,8,4.03,-1.03
CHS01,25_1105_MAROON_37,0.4107142857142857,19.47826086956522,5.931840648477659,0.95,5.22,3,6,2.44,0.56
CHS01,25_1105_MAROON_38,0.48214285714285715,33.18518518518518,5.931840648477659,0.95,4.3,3,6,2.86,0.14
CHS01,25_1105_MAROON_39,0.6071428571428571,32.94117647058824,5.931840648477659,0.95,4.87,3,7,3.6,-0.6
AHS01,22_1084_NAVY_42,0.5,28.0,5.931840648477659,0.95,4.38,3,6,2.97,0.03
AHS01,22_1084_NAVY_43,0.3392857142857143,26.52631578947368,5.931840648477659,0.95,7.2,3,5,2.01,0.99
AHS01,19_1063_MAROON_39,0.48214285714285715,45.629629629629626,5.931840648477659,0.95,4.21,3,6,2.86,0.14
KOS01,30_1140_WHITE_43,0.26785714285714285,14.933333333333334,5.931840648477659,0.95,8.55,3,4,1.59,1.41
SUS01,25_1105_BLACK_41,0.9642857142857143,39.407407407407405,5.931840648477659,0.95,2.94,3,10,5.72,-2.72
SUS01,25_1105_BLACK_42,0.5178571428571429,19.310344827586206,5.931840648477659,0.95,4.98,3,6,3.07,-0.07
COS01,13_1021_WHITE_38,0.32142857142857145,15.555555555555554,5.931840648477659,0.95,7.96,3,5,1.91,1.09
COS01,12_1014_ANTIC-GOLD_44,0.44642857142857145,20.16,5.931840648477659,0.95,5.35,3,6,2.65,0.35
COS01,12_1014_BROWN_37,0.5714285714285714,29.75,5.931840648477659,0.95,3.97,3,7,3.39,-0.39
CHS01,24_1098_MAROON_42,0.39285714285714285,17.81818181818182,5.931840648477659,0.95,6.37,3,5,2.33,0.67
CHS01,24_1098_MAROON_39,0.44642857142857145,17.919999999999998,5.931840648477659,0.95,6.05,3,6,2.65,0.35
PUS01,12_1014_BROWN_44,0.48214285714285715,18.666666666666668,5.931840648477659,0.95,4.63,3,6,2.86,0.14
PUS01,13_1021_BROWN_38,0.5892857142857143,28.848484848484848,5.931840648477659,0.95,4.32,3,7,3.5,-0.5
PUS01,13_1021_BROWN_42,0.7678571428571429,32.55813953488372,5.931840648477659,0.95,3.86,3,9,4.55,-1.55
PUS01,14_1028_NAVY_38,0.5357142857142857,26.133333333333333,5.931840648477659,0.95,4.54,3,7,3.18,-0.18
COS01,10_1000_ROSE-GOLD_39,0.5357142857142857,20.533333333333335,5.931840648477659,0.95,5.23,3,7,3.18,-0.18
AHS01,17_1049_MAROON_37,0.30357142857142855,26.35294117647059,5.931840648477659,0.95,9.48,3,5,1.8,1.2
KOS01,20_1070_ANTIC-GOLD_38,0.32142857142857145,21.777777777777775,5.931840648477659,0.95,6.79,3,5,1.91,1.09
KOS01,20_1070_ANTIC-GOLD_39,0.32142857142857145,24.888888888888886,5.931840648477659,0.95,6.58,3,5,1.91,1.09
KOS01,17_1049_BLACK_42,0.2857142857142857,21.0,5.931840648477659,0.95,7.48,3,4,1.69,1.31
AHS01,18_1056_ANTIC-GOLD_37,0.5535714285714286,19.870967741935484,5.931840648477659,0.95,5.38,3,7,3.28,-0.28
AHS01,22_1084_NAVY_39,0.44642857142857145,29.119999999999997,5.931840648477659,0.95,4.67,3,6,2.65,0.35
CHS01,23_1091_BLACK_42,0.4107142857142857,26.782608695652176,5.931840648477659,0.95,5.1,3,6,2.44,0.56
CHS01,23_1091_BROWN_38,0.5535714285714286,19.870967741935484,5.931840648477659,0.95,5.21,3,7,3.28,-0.28
COS01,12_1014_ROSE-GOLD_37,0.6071428571428571,26.35294117647059,5.931840648477659,0.95,4.44,3,7,3.6,-0.6
COS01,11_1007_BLACK_38,0.42857142857142855,25.666666666666668,5.931840648477659,0.95,5.07,3,6,2.54,0.46
PUS01,15_1035_GREY_41,0.10714285714285714,18.666666666666668,5.931840648477659,0.95,26.98,3,2,0.64,2.36
COS01,10_1000_WHITE_37,0.17857142857142858,22.4,5.931840648477659,0.95,15.59,3,3,1.06,1.94
PUS01,14_1028_ROSE-GOLD_43,0.4107142857142857,24.347826086956523,5.931840648477659,0.95,5.61,3,6,2.44,0.56
PUS01,14_1028_ROSE-GOLD_44,0.5,22.0,5.931840648477659,0.95,4.75,3,6,2.97,0.03
PUS01,15_1035_GREY_39,0.4642857142857143,23.69230769230769,5.931840648477659,0.95,4.88,3,6,2.75,0.25
SUS01,25_1105_MAROON_43,0.4107142857142857,17.043478260869566,5.931840648477659,0.95,5.26,3,6,2.44,0.56
SUS01,26_1112_WHITE_37,0.48214285714285715,20.74074074074074,5.931840648477659,0.95,5.12,3,6,2.86,0.14
AHS01,15_1035_GREY_43,0.17857142857142858,16.8,5.931840648477659,0.95,15.02,3,3,1.06,1.94
AHS01,16_1042_ANTIC-GOLD_41,0.625,27.2,5.931840648477659,0.95,4.62,3,7,3.71,-0.71
KOS01,28_1126_ROSE-GOLD_38,0.6071428571428571,21.411764705882355,5.931840648477659,0.95,4.92,3,7,3.6,-0.6
KOS01,28_1126_ROSE-GOLD_42,0.6607142857142857,33.2972972972973,5.931840648477659,0.95,4.37,3,8,3.92,-0.92
KOS01,28_1126_ROSE-GOLD_44,0.16071428571428573,24.888888888888886,5.931840648477659,0.95,18.24,3,3,0.95,2.05
CHS01,25_1105_MAROON_42,0.4642857142857143,23.69230769230769,5.931840648477659,0.95,5.53,3,6,2.75,0.25
CHS01,25_1105_MAROON_43,0.4107142857142857,17.043478260869566,5.931840648477659,0.95,6.01,3,6,2.44,0.56
CHS01,25_1105_MAROON_44,0.5357142857142857,22.400000000000002,5.931840648477659,0.95,4.24,3,7,3.18,-0.18
CHS01,23_1091_BROWN_44,0.19642857142857142,30.545454545454547,5.931840648477659,0.95,10.42,3,3,1.17,1.83
SUS01,33_1161_ROSE-GOLD_39,0.44642857142857145,26.88,5.931840648477659,0.95,4.6,3,6,2.65,0.35
SUS01,27_1119_WHITE_43,0.5178571428571429,21.241379310344826,5.931840648477659,0.95,4.7,3,6,3.07,-0.07
CHS01,28_1126_BLUE-NAVY_37,0.26785714285714285,26.133333333333333,5.931840648477659,0.95,7.49,3,4,1.59,1.41
SUS01,32_1154_MAROON_40,0.375,18.666666666666668,5.931840648477659,0.95,6.21,3,5,2.22,0.78
SUS01,32_1154_MAROON_42,0.30357142857142855,13.176470588235295,5.931840648477659,0.95,7.83,3,5,1.8,1.2
SUS01,33_1161_BLUE-NAVY_39,0.7142857142857143,28.0,5.931840648477659,0.95,3.7,3,8,4.24,-1.24
AHS01,14_1028_ROSE-GOLD_37,0.42857142857142855,23.333333333333336,5.931840648477659,0.95,4.75,3,6,2.54,0.46
SUS01,31_1147_ANTIC-GOLD_40,0.44642857142857145,29.119999999999997,5.931840648477659,0.95,5.09,3,6,2.65,0.35
SUS01,31_1147_ANTIC-GOLD_43,0.5178571428571429,15.448275862068964,5.931840648477659,0.95,5.16,3,6,3.07,-0.07
SUS01,31_1147_WHITE_40,0.8214285714285714,24.347826086956523,5.931840648477659,0.95,3.4,3,9,4.87,-1.87
SUS01,31_1147_WHITE_41,0.5357142857142857,16.8,5.931840648477659,0.95,5.19,3,7,3.18,-0.18
AHS01,10_1000_ROSE-GOLD_40,0.48214285714285715,26.962962962962962,5.931840648477659,0.95,4.57,3,6,2.86,0.14
CHS01,26_1112_WHITE_44,0.5357142857142857,29.866666666666667,5.931840648477659,0.95,4.43,3,7,3.18,-0.18
CHS01,27_1119_ANTIC-GOLD_37,0.5357142857142857,20.533333333333335,5.931840648477659,0.95,4.73,3,7,3.18,-0.18
CHS01,27_1119_ANTIC-GOLD_41,0.7321428571428571,30.04878048780488,5.931840648477659,0.95,4.05,3,8,4.34,-1.34
CHS01,27_1119_ANTIC-GOLD_44,0.32142857142857145,15.555555555555554,5.931840648477659,0.95,6.73,3,5,1.91,1.09
BHS01,20_1070_ANTIC-GOLD_40,0.48214285714285715,20.74074074074074,5.931840648477659,0.95,5.96,3,6,2.86,0.14
MUS01,21_1077_BLUE-NAVY_43,0.375,21.333333333333332,5.931840648477659,0.95,5.63,3,5,2.22,0.78
MUS01,21_1077_MAROON_38,0.375,26.666666666666668,5.931840648477659,0.95,6.31,3,5,2.22,0.78
HYS01,16_1042_TAN_43,0.5178571428571429,25.103448275862068,5.931840648477659,0.95,4.33,3,6,3.07,-0.07
SUS01,28_1126_ROSE-GOLD_37,0.5178571428571429,21.241379310344826,5.931840648477659,0.95,5.37,3,6,3.07,-0.07
SUS01,28_1126_ROSE-GOLD_38,0.7678571428571429,27.348837209302324,5.931840648477659,0.95,3.59,3,9,4.55,-1.55
SUS01,28_1126_ROSE-GOLD_39,0.8214285714285714,28.0,5.931840648477659,0.95,3.61,3,9,4.87,-1.87
SUS01,28_1126_ROSE-GOLD_40,0.875,32.0,5.931840648477659,0.95,3.37,3,9,5.19,-2.19
SUS01,28_1126_ROSE-GOLD_42,0.6428571428571429,32.666666666666664,5.931840648477659,0.95,3.61,3,8,3.81,-0.81
SUS01,31_1147_ANTIC-GOLD_38,0.35714285714285715,14.0,5.931840648477659,0.95,6.75,3,5,2.12,0.88
KOS01,27_1119_ANTIC-GOLD_43,0.4642857142857143,21.538461538461537,5.931840648477659,0.95,6.28,3,6,2.75,0.25
KOS01,27_1119_WHITE_37,0.39285714285714285,22.90909090909091,5.931840648477659,0.95,5.7,3,5,2.33,0.67
KOS01,28_1126_BLUE-NAVY_37,0.19642857142857142,30.545454545454547,5.931840648477659,0.95,12.92,3,3,1.17,1.83
CHS01,30_1140_WHITE_38,0.375,21.333333333333332,5.931840648477659,0.95,6.33,3,5,2.22,0.78
CHS01,27_1119_WHITE_43,0.5,24.0,5.931840648477659,0.95,5.04,3,6,2.97,0.03
SUS01,33_1161_BLUE-NAVY_42,0.5892857142857143,25.454545454545453,5.931840648477659,0.95,3.99,3,7,3.5,-0.5
SUS01,33_1161_ROSE-GOLD_44,0.17857142857142858,16.8,5.931840648477659,0.95,7.51,2,3,1.06,0.94
SUS01,33_1161_ROSE-GOLD_43,0.375,21.333333333333332,5.931840648477659,0.95,5.11,2,5,2.22,-0.22
AHS01,13_1021_BROWN_37,0.23214285714285715,21.538461538461537,5.931840648477659,0.95,6.23,2,4,1.38,0.62
AHS01,10_1000_ROSE-GOLD_37,0.30357142857142855,23.058823529411768,5.931840648477659,0.95,5.22,2,5,1.8,0.2
AHS01,10_1000_ROSE-GOLD_43,0.19642857142857142,40.72727272727273,5.931840648477659,0.95,9.93,2,3,1.17,0.83
AHS01,14_1028_WHITE_37,0.30357142857142855,26.35294117647059,5.931840648477659,0.95,5.86,2,5,1.8,0.2
SUS01,31_1147_ANTIC-GOLD_37,0.2857142857142857,21.0,5.931840648477659,0.95,6.04,2,4,1.69,0.31
SUS01,27_1119_WHITE_44,0.25,24.0,5.931840648477659,0.95,5.17,2,4,1.48,0.52
SUS01,27_1119_WHITE_42,0.2857142857142857,38.5,5.931840648477659,0.95,5.21,2,4,1.69,0.31
AHS01,16_1042_TAN_37,0.14285714285714285,56.0,5.931840648477659,0.95,9.77,2,3,0.85,1.15
AHS01,16_1042_ANTIC-GOLD_44,0.14285714285714285,42.0,5.931840648477659,0.95,10.85,2,3,0.85,1.15
AHS01,16_1042_ANTIC-GOLD_43,0.44642857142857145,31.36,5.931840648477659,0.95,3.57,2,6,2.65,-0.65
AHS01,16_1042_ANTIC-GOLD_37,0.375,34.666666666666664,5.931840648477659,0.95,3.44,2,5,2.22,-0.22
AHS01,15_1035_GREY_44,0.10714285714285714,9.333333333333334,5.931840648477659,0.95,10.8,2,2,0.64,1.36
AHS01,15_1035_GREY_42,0.14285714285714285,28.0,5.931840648477659,0.95,13.33,2,3,0.85,1.15
AHS01,15_1035_GREY_41,0.14285714285714285,35.0,5.931840648477659,0.95,7.65,2,3,0.85,1.15
AHS01,15_1035_GREY_40,0.32142857142857145,18.666666666666664,5.931840648477659,0.95,6.18,2,5,1.91,0.09
KOS01,20_1070_ANTIC-GOLD_42,0.16071428571428573,31.111111111111107,5.931840648477659,0.95,7.58,2,3,0.95,1.05
KOS01,20_1070_ANTIC-GOLD_41,0.21428571428571427,32.66666666666667,5.931840648477659,0.95,6.74,2,4,1.27,0.73
KOS01,20_1070_ANTIC-GOLD_37,0.10714285714285714,28.0,5.931840648477659,0.95,9.85,2,2,0.64,1.36
KOS01,18_1056_GREY_44,0.2857142857142857,28.0,5.931840648477659,0.95,5.93,2,4,1.69,0.31
KOS01,29_1133_BROWN_37,0.26785714285714285,26.133333333333333,5.931840648477659,0.95,6.41,2,4,1.59,0.41
KOS01,28_1126_BLUE-NAVY_44,0.17857142857142858,33.6,5.931840648477659,0.95,6.21,2,3,1.06,0.94
KOS01,28_1126_BLUE-NAVY_43,0.30357142857142855,29.647058823529413,5.931840648477659,0.95,6.44,2,5,1.8,0.2
KOS01,23_1091_BROWN_38,0.19642857142857142,25.454545454545457,5.931840648477659,0.95,7.54,2,3,1.17,0.83
KOS01,23_1091_BROWN_37,0.23214285714285715,21.538461538461537,5.931840648477659,0.95,6.99,2,4,1.38,0.62
KOS01,21_1077_MAROON_37,0.23214285714285715,30.153846153846153,5.931840648477659,0.95,5.76,2,4,1.38,0.62
KOS01,21_1077_BLUE-NAVY_42,0.21428571428571427,42.0,5.931840648477659,0.95,6.92,2,4,1.27,0.73
KOS01,25_1105_BROWN_38,0.17857142857142858,44.8,5.931840648477659,0.95,6.21,2,3,1.06,0.94
KOS01,16_1042_TAN_44,0.16071428571428573,18.666666666666664,5.931840648477659,0.95,8.58,2,3,0.95,1.05
KOS01,16_1042_TAN_37,0.17857142857142858,28.0,5.931840648477659,0.95,6.1,2,3,1.06,0.94
KOS01,16_1042_BLUE-NAVY_44,0.26785714285714285,18.666666666666668,5.931840648477659,0.95,6.77,2,4,1.59,0.41
KOS01,30_1140_WHITE_44,0.125,24.0,5.931840648477659,0.95,8.5,2,3,0.74,1.26
KOS01,30_1140_WHITE_42,0.23214285714285715,30.153846153846153,5.931840648477659,0.95,6.28,2,4,1.38,0.62
KOS01,30_1140_WHITE_39,0.3392857142857143,35.368421052631575,5.931840648477659,0.95,4.22,2,5,2.01,-0.01
KOS01,29_1133_BROWN_43,0.4107142857142857,34.08695652173913,5.931840648477659,0.95,4.1,2,6,2.44,-0.44
KOS01,18_1056_GREY_37,0.32142857142857145,24.888888888888886,5.931840648477659,0.95,5.33,2,5,1.91,0.09
KOS01,17_1049_BROWN_43,0.2857142857142857,24.5,5.931840648477659,0.95,5.71,2,4,1.69,0.31
KOS01,17_1049_BLACK_44,0.19642857142857142,20.363636363636363,5.931840648477659,0.95,7.38,2,3,1.17,0.83
KOS01,21_1077_BLUE-NAVY_38,0.21428571428571427,32.66666666666667,5.931840648477659,0.95,6.71,2,4,1.27,0.73
KOS01,21_1077_BLUE-NAVY_37,0.19642857142857142,25.454545454545457,5.931840648477659,0.95,7.18,2,3,1.17,0.83
KOS01,20_1070_ANTIC-GOLD_43,0.16071428571428573,24.888888888888886,5.931840648477659,0.95,8.1,2,3,0.95,1.05
KOS01,16_1042_BLUE-NAVY_37,0.25,20.0,5.931840648477659,0.95,6.68,2,4,1.48,0.52
KOS01,16_1042_ANTIC-GOLD_43,0.17857142857142858,28.0,5.931840648477659,0.95,6.74,2,3,1.06,0.94
KOS01,16_1042_ANTIC-GOLD_38,0.21428571428571427,37.333333333333336,5.931840648477659,0.95,5.73,2,4,1.27,0.73
KOS01,16_1042_ANTIC-GOLD_37,0.30357142857142855,19.764705882352942,5.931840648477659,0.95,6.2,2,5,1.8,0.2
KOS01,15_1035_GREY_42,0.19642857142857142,15.272727272727273,5.931840648477659,0.95,8.72,2,3,1.17,0.83
KOS01,15_1035_GREY_41,0.08928571428571429,22.4,5.931840648477659,0.95,17.24,2,2,0.53,1.47
KOS01,31_1147_WHITE_44,0.19642857142857142,30.545454545454547,5.931840648477659,0.95,5.82,2,3,1.17,0.83
KOS01,31_1147_WHITE_43,0.21428571428571427,28.0,5.931840648477659,0.95,6.29,2,4,1.27,0.73
KOS01,31_1147_WHITE_42,0.32142857142857145,24.888888888888886,5.931840648477659,0.95,5.69,2,5,1.91,0.09
KOS01,31_1147_WHITE_38,0.21428571428571427,23.333333333333336,5.931840648477659,0.95,7.3,2,4,1.27,0.73
KOS01,31_1147_ANTIC-GOLD_44,0.23214285714285715,21.538461538461537,5.931840648477659,0.95,7.03,2,4,1.38,0.62
KOS01,31_1147_ANTIC-GOLD_43,0.2857142857142857,35.0,5.931840648477659,0.95,4.88,2,4,1.69,0.31
KOS01,17_1049_BLACK_37,0.21428571428571427,23.333333333333336,5.931840648477659,0.95,8.94,2,4,1.27,0.73
KOS01,14_1028_WHITE_43,0.25,28.0,5.931840648477659,0.95,6.33,2,4,1.48,0.52
KOS01,14_1028_WHITE_38,0.30357142857142855,23.058823529411768,5.931840648477659,0.95,6.54,2,5,1.8,0.2
KOS01,14_1028_WHITE_37,0.26785714285714285,22.400000000000002,5.931840648477659,0.95,5.69,2,4,1.59,0.41
KOS01,14_1028_ROSE-GOLD_44,0.08928571428571429,33.6,5.931840648477659,0.95,18.42,2,2,0.53,1.47
MAS01,11_1007_BLACK_38,0.25,24.0,5.931840648477659,0.95,5.34,2,4,1.48,0.52
MAS01,10_1000_ROSE-GOLD_41,0.10714285714285714,18.666666666666668,5.931840648477659,0.95,9.4,2,2,0.64,1.36
KOS01,33_1161_BLUE-NAVY_44,0.19642857142857142,25.454545454545457,5.931840648477659,0.95,6.94,2,3,1.17,0.83
KOS01,33_1161_BLUE-NAVY_43,0.26785714285714285,22.400000000000002,5.931840648477659,0.95,6.85,2,4,1.59,0.41
KOS01,33_1161_BLUE-NAVY_42,0.2857142857142857,31.5,5.931840648477659,0.95,5.92,2,4,1.69,0.31
AHS01,15_1035_GREY_38,0.125,40.0,5.931840648477659,0.95,11.51,2,3,0.74,1.26
SUS01,27_1119_WHITE_37,0.16071428571428573,24.888888888888886,5.931840648477659,0.95,6.67,2,3,0.95,1.05
SUS01,26_1112_WHITE_40,0.4642857142857143,34.46153846153846,5.931840648477659,0.95,4.03,2,6,2.75,-0.75
SUS01,26_1112_WHITE_38,0.25,36.0,5.931840648477659,0.95,4.81,2,4,1.48,0.52
AHS01,17_1049_BLACK_44,0.14285714285714285,28.0,5.931840648477659,0.95,7.4,2,3,0.85,1.15
AHS01,17_1049_MAROON_44,0.25,28.0,5.931840648477659,0.95,4.77,2,4,1.48,0.52
AHS01,20_1070_ANTIC-GOLD_37,0.19642857142857142,30.545454545454547,5.931840648477659,0.95,5.5,2,3,1.17,0.83
AHS01,19_1063_MAROON_44,0.16071428571428573,18.666666666666664,5.931840648477659,0.95,7.94,2,3,0.95,1.05
AHS01,19_1063_MAROON_43,0.19642857142857142,35.63636363636364,5.931840648477659,0.95,5.28,2,3,1.17,0.83
AHS01,19_1063_MAROON_37,0.375,21.333333333333332,5.931840648477659,0.95,5.16,2,5,2.22,-0.22
AHS01,22_1084_NAVY_44,0.25,32.0,5.931840648477659,0.95,4.33,2,4,1.48,0.52
AHS01,22_1084_NAVY_38,0.26785714285714285,37.333333333333336,5.931840648477659,0.95,4.92,2,4,1.59,0.41
KOS01,13_1021_WHITE_44,0.21428571428571427,14.0,5.931840648477659,0.95,8.57,2,4,1.27,0.73
KOS01,13_1021_WHITE_42,0.3392857142857143,32.421052631578945,5.931840648477659,0.95,5.02,2,5,2.01,-0.01
KOS01,13_1021_WHITE_37,0.23214285714285715,17.23076923076923,5.931840648477659,0.95,7.61,2,4,1.38,0.62
KOS01,13_1021_BROWN_44,0.26785714285714285,22.400000000000002,5.931840648477659,0.95,5.27,2,4,1.59,0.41
MAS01,12_1014_BROWN_37,0.32142857142857145,27.999999999999996,5.931840648477659,0.95,4.21,2,5,1.91,0.09
MAS01,12_1014_ANTIC-GOLD_44,0.30357142857142855,16.47058823529412,5.931840648477659,0.95,5.63,2,5,1.8,0.2
MAS01,12_1014_ANTIC-GOLD_37,0.21428571428571427,23.333333333333336,5.931840648477659,0.95,5.55,2,4,1.27,0.73
MAS01,11_1007_BLACK_43,0.17857142857142858,16.8,5.931840648477659,0.95,7.24,2,3,1.06,0.94
MAS01,11_1007_BLACK_41,0.3392857142857143,23.57894736842105,5.931840648477659,0.95,4.86,2,5,2.01,-0.01
MAS01,11_1007_BLACK_40,0.48214285714285715,29.037037037037038,5.931840648477659,0.95,4.03,2,6,2.86,-0.86
KOS01,15_1035_GREY_38,0.14285714285714285,14.0,5.931840648477659,0.95,8.7,2,3,0.85,1.15
MAS01,13_1021_BROWN_42,0.23214285714285715,21.538461538461537,5.931840648477659,0.95,7.53,2,4,1.38,0.62
MAS01,13_1021_BROWN_38,0.19642857142857142,20.363636363636363,5.931840648477659,0.95,7.76,2,3,1.17,0.83
MAS01,12_1014_ROSE-GOLD_37,0.42857142857142855,23.333333333333336,5.931840648477659,0.95,4.39,2,6,2.54,-0.54
MAS01,12_1014_BROWN_44,0.21428571428571427,23.333333333333336,5.931840648477659,0.95,5.14,2,4,1.27,0.73
MAS01,12_1014_BROWN_43,0.3392857142857143,26.52631578947368,5.931840648477659,0.95,5.62,2,5,2.01,-0.01
KOS01,11_1007_TAN_37,0.25,20.0,5.931840648477659,0.95,6.7,2,4,1.48,0.52
KOS01,10_1000_WHITE_44,0.2857142857142857,21.0,5.931840648477659,0.95,6.53,2,4,1.69,0.31
KOS01,10_1000_WHITE_39,0.25,32.0,5.931840648477659,0.95,7.69,2,4,1.48,0.52
KOS01,10_1000_WHITE_37,0.21428571428571427,28.0,5.931840648477659,0.95,5.34,2,4,1.27,0.73
KOS01,13_1021_BROWN_37,0.17857142857142858,22.4,5.931840648477659,0.95,6.52,2,3,1.06,0.94
KOS01,12_1014_ROSE-GOLD_37,0.30357142857142855,32.94117647058824,5.931840648477659,0.95,5.24,2,5,1.8,0.2
KOS01,11_1007_TAN_43,0.23214285714285715,17.23076923076923,5.931840648477659,0.95,7.81,2,4,1.38,0.62
AHS01,20_1070_ANTIC-GOLD_43,0.23214285714285715,34.46153846153846,5.931840648477659,0.95,7.85,2,4,1.38,0.62
SUS01,25_1105_BROWN_44,0.16071428571428573,24.888888888888886,5.931840648477659,0.95,7.07,2,3,0.95,1.05
SUS01,25_1105_BROWN_43,0.44642857142857145,26.88,5.931840648477659,0.95,3.99,2,6,2.65,-0.65
SUS01,25_1105_BROWN_38,0.25,36.0,5.931840648477659,0.95,5.01,2,4,1.48,0.52
SUS01,25_1105_BLACK_44,0.17857142857142858,16.8,5.931840648477659,0.95,8.08,2,3,1.06,0.94
AHS01,25_1105_BLACK_40,0.42857142857142855,42.0,5.931840648477659,0.95,4.1,2,6,2.54,-0.54
AHS01,25_1105_BLACK_37,0.26785714285714285,14.933333333333334,5.931840648477659,0.95,6.89,2,4,1.59,0.41
AHS01,23_1091_BLUE-NAVY_44,0.23214285714285715,21.538461538461537,5.931840648477659,0.95,6.19,2,4,1.38,0.62
AHS01,23_1091_BLUE-NAVY_38,0.16071428571428573,37.33333333333333,5.931840648477659,0.95,6.62,2,3,0.95,1.05
AHS01,27_1119_ANTIC-GOLD_37,0.48214285714285715,29.037037037037038,5.931840648477659,0.95,3.71,2,6,2.86,-0.86
AHS01,25_1105_MAROON_37,0.125,32.0,5.931840648477659,0.95,13.19,2,3,0.74,1.26
AHS01,27_1119_WHITE_37,0.3392857142857143,29.473684210526315,5.931840648477659,0.95,5.37,2,5,2.01,-0.01
INS01,31_1147_ANTIC-GOLD_44,0.35714285714285715,22.4,5.931840648477659,0.95,4.62,2,5,2.12,-0.12
INS01,31_1147_ANTIC-GOLD_40,0.2857142857142857,31.5,5.931840648477659,0.95,5.95,2,4,1.69,0.31
INS01,31_1147_ANTIC-GOLD_38,0.17857142857142858,28.0,5.931840648477659,0.95,6.13,2,3,1.06,0.94
INS01,31_1147_ANTIC-GOLD_37,0.32142857142857145,24.888888888888886,5.931840648477659,0.95,4.48,2,5,1.91,0.09
MAS01,14_1028_NAVY_38,0.21428571428571427,37.333333333333336,5.931840648477659,0.95,4.93,2,4,1.27,0.73
MAS01,13_1021_WHITE_41,0.5,26.0,5.931840648477659,0.95,4.0,2,6,2.97,-0.97
MAS01,13_1021_WHITE_39,0.4107142857142857,21.91304347826087,5.931840648477659,0.95,4.75,2,6,2.44,-0.44
MAS01,13_1021_WHITE_38,0.17857142857142858,28.0,5.931840648477659,0.95,5.86,2,3,1.06,0.94
MAS01,13_1021_BROWN_43,0.19642857142857142,15.272727272727273,5.931840648477659,0.95,7.83,2,3,1.17,0.83
MAS01,14_1028_WHITE_43,0.23214285714285715,17.23076923076923,5.931840648477659,0.95,6.87,2,4,1.38,0.62
MAS01,14_1028_WHITE_42,0.375,26.666666666666668,5.931840648477659,0.95,4.63,2,5,2.22,-0.22
MAS01,14_1028_WHITE_40,0.375,26.666666666666668,5.931840648477659,0.95,5.04,2,5,2.22,-0.22
MAS01,14_1028_WHITE_37,0.19642857142857142,15.272727272727273,5.931840648477659,0.95,7.42,2,3,1.17,0.83
MAS01,14_1028_ROSE-GOLD_44,0.125,16.0,5.931840648477659,0.95,9.05,2,3,0.74,1.26
MAS01,14_1028_ROSE-GOLD_43,0.23214285714285715,30.153846153846153,5.931840648477659,0.95,5.68,2,4,1.38,0.62
MAS01,14_1028_ROSE-GOLD_39,0.19642857142857142,35.63636363636364,5.931840648477659,0.95,7.64,2,3,1.17,0.83
MAS01,14_1028_ROSE-GOLD_37,0.14285714285714285,21.0,5.931840648477659,0.95,7.35,2,3,0.85,1.15
MAS01,14_1028_NAVY_43,0.21428571428571427,14.0,5.931840648477659,0.95,7.49,2,4,1.27,0.73
MAS01,14_1028_NAVY_39,0.35714285714285715,28.0,5.931840648477659,0.95,4.83,2,5,2.12,-0.12
INS01,28_1126_BLUE-NAVY_43,0.4107142857142857,21.91304347826087,5.931840648477659,0.95,4.76,2,6,2.44,-0.44
INS01,28_1126_BLUE-NAVY_42,0.6785714285714286,33.89473684210526,5.931840648477659,0.95,2.9,2,8,4.03,-2.03
INS01,27_1119_ANTIC-GOLD_44,0.17857142857142858,28.0,5.931840648477659,0.95,8.75,2,3,1.06,0.94
AHS01,29_1133_BROWN_44,0.19642857142857142,15.272727272727273,5.931840648477659,0.95,8.73,2,3,1.17,0.83
SUS01,25_1105_BLACK_37,0.26785714285714285,22.400000000000002,5.931840648477659,0.95,5.02,2,4,1.59,0.41
SUS01,24_1098_WHITE_43,0.23214285714285715,25.846153846153847,5.931840648477659,0.95,5.24,2,4,1.38,0.62
SUS01,24_1098_WHITE_42,0.44642857142857145,26.88,5.931840648477659,0.95,3.99,2,6,2.65,-0.65
SUS01,24_1098_WHITE_41,0.2857142857142857,21.0,5.931840648477659,0.95,6.67,2,4,1.69,0.31
SUS01,24_1098_WHITE_40,0.4642857142857143,30.153846153846153,5.931840648477659,0.95,4.12,2,6,2.75,-0.75
SUS01,24_1098_MAROON_43,0.19642857142857142,15.272727272727273,5.931840648477659,0.95,7.78,2,3,1.17,0.83
SUS01,24_1098_MAROON_42,0.5357142857142857,31.733333333333334,5.931840648477659,0.95,3.3,2,7,3.18,-1.18
SUS01,24_1098_MAROON_40,0.35714285714285715,30.8,5.931840648477659,0.95,5.05,2,5,2.12,-0.12
AHS01,31_1147_WHITE_37,0.30357142857142855,26.35294117647059,5.931840648477659,0.95,4.63,2,5,1.8,0.2
AHS01,31_1147_MAROON_44,0.19642857142857142,25.454545454545457,5.931840648477659,0.95,6.72,2,3,1.17,0.83
AHS01,31_1147_MAROON_40,0.375,26.666666666666668,5.931840648477659,0.95,5.21,2,5,2.22,-0.22
INS01,25_1105_MAROON_43,0.30357142857142855,23.058823529411768,5.931840648477659,0.95,4.97,2,5,1.8,0.2
INS01,25_1105_MAROON_38,0.4642857142857143,25.846153846153847,5.931840648477659,0.95,3.85,2,6,2.75,-0.75
INS01,25_1105_BROWN_43,0.17857142857142858,28.0,5.931840648477659,0.95,6.01,2,3,1.06,0.94
MAS01,16_1042_ANTIC-GOLD_39,0.39285714285714285,25.454545454545457,5.931840648477659,0.95,4.41,2,5,2.33,-0.33
MAS01,15_1035_GREY_40,0.125,16.0,5.931840648477659,0.95,8.54,2,3,0.74,1.26
INS01,25_1105_BLACK_37,0.125,16.0,5.931840648477659,0.95,8.3,2,3,0.74,1.26
INS01,24_1098_WHITE_42,0.26785714285714285,37.333333333333336,5.931840648477659,0.95,4.1,2,4,1.59,0.41
INS01,24_1098_WHITE_39,0.21428571428571427,28.0,5.931840648477659,0.95,6.05,2,4,1.27,0.73
MAS01,17_1049_BLACK_38,0.2857142857142857,24.5,5.931840648477659,0.95,5.41,2,4,1.69,0.31
MAS01,17_1049_BLACK_37,0.14285714285714285,21.0,5.931840648477659,0.95,7.13,2,3,0.85,1.15
MAS01,16_1042_TAN_44,0.125,16.0,5.931840648477659,0.95,8.14,2,3,0.74,1.26
MAS01,16_1042_TAN_41,0.35714285714285715,28.0,5.931840648477659,0.95,5.53,2,5,2.12,-0.12
MAS01,16_1042_TAN_39,0.2857142857142857,28.0,5.931840648477659,0.95,5.27,2,4,1.69,0.31
MAS01,16_1042_ANTIC-GOLD_43,0.26785714285714285,22.400000000000002,5.931840648477659,0.95,5.03,2,4,1.59,0.41
MAS01,16_1042_ANTIC-GOLD_42,0.25,36.0,5.931840648477659,0.95,4.51,2,4,1.48,0.52
INS01,27_1119_ANTIC-GOLD_37,0.26785714285714285,37.333333333333336,5.931840648477659,0.95,3.82,2,4,1.59,0.41
AHS01,31_1147_MAROON_37,0.25,16.0,5.931840648477659,0.95,6.83,2,4,1.48,0.52
AHS01,31_1147_ANTIC-GOLD_43,0.17857142857142858,28.0,5.931840648477659,0.95,6.25,2,3,1.06,0.94
SUS01,23_1091_BROWN_42,0.375,26.666666666666668,5.931840648477659,0.95,5.21,2,5,2.22,-0.22
SUS01,23_1091_BROWN_38,0.32142857142857145,34.22222222222222,5.931840648477659,0.95,4.04,2,5,1.91,0.09
SUS01,23_1091_BLUE-NAVY_44,0.19642857142857142,30.545454545454547,5.931840648477659,0.95,5.84,2,3,1.17,0.83
SUS01,23_1091_BLUE-NAVY_43,0.23214285714285715,34.46153846153846,5.931840648477659,0.95,5.46,2,4,1.38,0.62
AHS01,33_1161_BLUE-NAVY_37,0.17857142857142858,28.0,5.931840648477659,0.95,9.5,2,3,1.06,0.94
AHS01,32_1154_MAROON_43,0.19642857142857142,30.545454545454547,5.931840648477659,0.95,5.54,2,3,1.17,0.83
AHS01,32_1154_MAROON_42,0.26785714285714285,29.866666666666667,5.931840648477659,0.95,5.56,2,4,1.59,0.41
AHS01,32_1154_MAROON_39,0.23214285714285715,17.23076923076923,5.931840648477659,0.95,7.75,2,4,1.38,0.62
INS01,23_1091_BLUE-NAVY_41,0.32142857142857145,37.33333333333333,5.931840648477659,0.95,4.15,2,5,1.91,0.09
INS01,23_1091_BLUE-NAVY_40,0.32142857142857145,37.33333333333333,5.931840648477659,0.95,4.25,2,5,1.91,0.09
INS01,23_1091_BLUE-NAVY_39,0.375,42.666666666666664,5.931840648477659,0.95,3.27,2,5,2.22,-0.22
MAS01,17_1049_MAROON_43,0.17857142857142858,22.4,5.931840648477659,0.95,6.45,2,3,1.06,0.94
MAS01,17_1049_MAROON_42,0.21428571428571427,42.0,5.931840648477659,0.95,4.96,2,4,1.27,0.73
MAS01,17_1049_MAROON_40,0.26785714285714285,33.6,5.931840648477659,0.95,5.03,2,4,1.59,0.41
MAS01,17_1049_MAROON_38,0.23214285714285715,17.23076923076923,5.931840648477659,0.95,6.97,2,4,1.38,0.62
INS01,25_1105_BROWN_38,0.3392857142857143,29.473684210526315,5.931840648477659,0.95,4.1,2,5,2.01,-0.01
INS01,25_1105_BLACK_44,0.21428571428571427,23.333333333333336,5.931840648477659,0.95,5.36,2,4,1.27,0.73
INS01,25_1105_BLACK_43,0.35714285714285715,22.4,5.931840648477659,0.95,4.5,2,5,2.12,-0.12
INS01,25_1105_BLACK_38,0.19642857142857142,30.545454545454547,5.931840648477659,0.95,5.35,2,3,1.17,0.83
MAS01,21_1077_BLUE-NAVY_40,0.30357142857142855,26.35294117647059,5.931840648477659,0.95,6.14,2,5,1.8,0.2
MAS01,21_1077_BLUE-NAVY_38,0.23214285714285715,17.23076923076923,5.931840648477659,0.95,7.42,2,4,1.38,0.62
MAS01,18_1056_BLACK_44,0.19642857142857142,20.363636363636363,5.931840648477659,0.95,7.09,2,3,1.17,0.83
MAS01,18_1056_BLACK_40,0.25,32.0,5.931840648477659,0.95,7.16,2,4,1.48,0.52
MAS01,18_1056_BLACK_37,0.23214285714285715,21.538461538461537,5.931840648477659,0.95,6.21,2,4,1.38,0.62
MAS01,18_1056_ANTIC-GOLD_43,0.2857142857142857,28.0,5.931840648477659,0.95,5.46,2,4,1.69,0.31
MAS01,18_1056_ANTIC-GOLD_42,0.30357142857142855,29.647058823529413,5.931840648477659,0.95,6.11,2,5,1.8,0.2
INS01,24_1098_MAROON_43,0.32142857142857145,21.777777777777775,5.931840648477659,0.95,5.15,2,5,1.91,0.09
INS01,24_1098_MAROON_41,0.35714285714285715,22.4,5.931840648477659,0.95,5.52,2,5,2.12,-0.12
INS01,24_1098_MAROON_39,0.21428571428571427,28.0,5.931840648477659,0.95,5.6,2,4,1.27,0.73
INS01,24_1098_MAROON_38,0.26785714285714285,22.400000000000002,5.931840648477659,0.95,5.43,2,4,1.59,0.41
AHS01,32_1154_MAROON_37,0.07142857142857142,28.0,5.931840648477659,0.95,17.77,2,2,0.42,1.58
SUS01,23_1091_BLUE-NAVY_37,0.2857142857142857,17.5,5.931840648477659,0.95,5.98,2,4,1.69,0.31
SUS01,20_1070_ANTIC-GOLD_43,0.21428571428571427,23.333333333333336,5.931840648477659,0.95,6.06,2,4,1.27,0.73
SUS01,20_1070_ANTIC-GOLD_42,0.30357142857142855,19.764705882352942,5.931840648477659,0.95,6.06,2,5,1.8,0.2
SUS01,20_1070_ANTIC-GOLD_40,0.30357142857142855,19.764705882352942,5.931840648477659,0.95,6.42,2,5,1.8,0.2
SUS01,20_1070_ANTIC-GOLD_39,0.30357142857142855,32.94117647058824,5.931840648477659,0.95,4.62,2,5,1.8,0.2
SUS01,20_1070_ANTIC-GOLD_38,0.14285714285714285,21.0,5.931840648477659,0.95,8.11,2,3,0.85,1.15
SUS01,20_1070_ANTIC-GOLD_37,0.16071428571428573,18.666666666666664,5.931840648477659,0.95,7.31,2,3,0.95,1.05
SUS01,18_1056_ANTIC-GOLD_43,0.16071428571428573,31.111111111111107,5.931840648477659,0.95,7.33,2,3,0.95,1.05
BES01,11_1007_BLACK_37,0.2857142857142857,35.0,5.931840648477659,0.95,4.36,2,4,1.69,0.31
AHS01,33_1161_ROSE-GOLD_44,0.10714285714285714,28.0,5.931840648477659,0.95,13.79,2,2,0.64,1.36
AHS01,33_1161_BLUE-NAVY_44,0.25,20.0,5.931840648477659,0.95,6.37,2,4,1.48,0.52
MAS01,24_1098_MAROON_40,0.19642857142857142,30.545454545454547,5.931840648477659,0.95,6.53,2,3,1.17,0.83
MAS01,21_1077_MAROON_42,0.375,21.333333333333332,5.931840648477659,0.95,5.23,2,5,2.22,-0.22
MAS01,21_1077_MAROON_39,0.26785714285714285,41.06666666666667,5.931840648477659,0.95,4.47,2,4,1.59,0.41
MAS01,21_1077_BLUE-NAVY_42,0.26785714285714285,22.400000000000002,5.931840648477659,0.95,6.23,2,4,1.59,0.41
MAS01,21_1077_BLUE-NAVY_41,0.25,28.0,5.931840648477659,0.95,6.32,2,4,1.48,0.52
BES01,11_1007_TAN_37,0.10714285714285714,56.0,5.931840648477659,0.95,10.79,2,2,0.64,1.36
BES01,11_1007_BLACK_44,0.21428571428571427,32.66666666666667,5.931840648477659,0.95,7.08,2,4,1.27,0.73
SUS01,18_1056_ANTIC-GOLD_37,0.23214285714285715,30.153846153846153,5.931840648477659,0.95,5.6,2,4,1.38,0.62
SUS01,17_1049_MAROON_44,0.4107142857142857,21.91304347826087,5.931840648477659,0.95,4.06,2,6,2.44,-0.44
SUS01,17_1049_MAROON_38,0.5,30.0,5.931840648477659,0.95,3.6,2,6,2.97,-0.97
SUS01,17_1049_MAROON_37,0.5178571428571429,21.241379310344826,5.931840648477659,0.95,3.7,2,6,3.07,-1.07
SUS01,17_1049_BROWN_43,0.5178571428571429,23.172413793103445,5.931840648477659,0.95,3.67,2,6,3.07,-1.07
BES01,13_1021_WHITE_44,0.21428571428571427,18.666666666666668,5.931840648477659,0.95,6.89,2,4,1.27,0.73
BES01,13_1021_WHITE_37,0.30357142857142855,19.764705882352942,5.931840648477659,0.95,5.86,2,5,1.8,0.2
BES01,16_1042_ANTIC-GOLD_37,0.2857142857142857,24.5,5.931840648477659,0.95,6.08,2,4,1.69,0.31
INS01,22_1084_NAVY_43,0.25,20.0,5.931840648477659,0.95,5.74,2,4,1.48,0.52
INS01,22_1084_NAVY_38,0.19642857142857142,25.454545454545457,5.931840648477659,0.95,5.72,2,3,1.17,0.83
INS01,21_1077_BLUE-NAVY_44,0.17857142857142858,22.4,5.931840648477659,0.95,6.64,2,3,1.06,0.94
INS01,21_1077_BLUE-NAVY_42,0.25,36.0,5.931840648477659,0.95,4.96,2,4,1.48,0.52
INS01,21_1077_BLUE-NAVY_40,0.2857142857142857,42.0,5.931840648477659,0.95,4.85,2,4,1.69,0.31
MAS01,24_1098_WHITE_43,0.21428571428571427,23.333333333333336,5.931840648477659,0.95,5.59,2,4,1.27,0.73
MAS01,24_1098_WHITE_41,0.26785714285714285,44.800000000000004,5.931840648477659,0.95,4.1,2,4,1.59,0.41
MAS01,24_1098_WHITE_40,0.25,36.0,5.931840648477659,0.95,4.77,2,4,1.48,0.52
MAS01,24_1098_WHITE_39,0.125,24.0,5.931840648477659,0.95,8.15,2,3,0.74,1.26
MAS01,24_1098_WHITE_38,0.125,16.0,5.931840648477659,0.95,8.96,2,3,0.74,1.26
INS01,20_1070_ANTIC-GOLD_40,0.30357142857142855,23.058823529411768,5.931840648477659,0.95,5.85,2,5,1.8,0.2
INS01,20_1070_ANTIC-GOLD_38,0.19642857142857142,30.545454545454547,5.931840648477659,0.95,5.7,2,3,1.17,0.83
INS01,18_1056_GREY_44,0.375,32.0,5.931840648477659,0.95,3.87,2,5,2.22,-0.22
MAS01,28_1126_BLUE-NAVY_39,0.26785714285714285,37.333333333333336,5.931840648477659,0.95,4.76,2,4,1.59,0.41
MAS01,28_1126_BLUE-NAVY_38,0.32142857142857145,34.22222222222222,5.931840648477659,0.95,4.05,2,5,1.91,0.09
MAS01,28_1126_BLUE-NAVY_37,0.21428571428571427,18.666666666666668,5.931840648477659,0.95,6.34,2,4,1.27,0.73
MAS01,27_1119_WHITE_44,0.16071428571428573,18.666666666666664,5.931840648477659,0.95,7.01,2,3,0.95,1.05
MAS01,27_1119_WHITE_43,0.19642857142857142,20.363636363636363,5.931840648477659,0.95,6.64,2,3,1.17,0.83
MAS01,27_1119_WHITE_37,0.19642857142857142,15.272727272727273,5.931840648477659,0.95,7.67,2,3,1.17,0.83
MAS01,25_1105_BROWN_42,0.26785714285714285,29.866666666666667,5.931840648477659,0.95,5.31,2,4,1.59,0.41
BES01,15_1035_GREY_42,0.25,16.0,5.931840648477659,0.95,7.23,2,4,1.48,0.52
BES01,15_1035_GREY_41,0.21428571428571427,32.66666666666667,5.931840648477659,0.95,5.26,2,4,1.27,0.73
BES01,15_1035_GREY_39,0.08928571428571429,33.6,5.931840648477659,0.95,20.62,2,2,0.53,1.47
BES01,15_1035_GREY_38,0.16071428571428573,24.888888888888886,5.931840648477659,0.95,7.82,2,3,0.95,1.05
BES01,15_1035_GREY_37,0.10714285714285714,9.333333333333334,5.931840648477659,0.95,11.38,2,2,0.64,1.36
BES01,14_1028_ROSE-GOLD_44,0.16071428571428573,18.666666666666664,5.931840648477659,0.95,10.3,2,3,0.95,1.05
SUS01,17_1049_BLACK_42,0.39285714285714285,33.09090909090909,5.931840648477659,0.95,3.95,2,5,2.33,-0.33
BES01,17_1049_BLACK_37,0.19642857142857142,20.363636363636363,5.931840648477659,0.95,8.58,2,3,1.17,0.83
BES01,16_1042_TAN_44,0.23214285714285715,21.538461538461537,5.931840648477659,0.95,8.52,2,4,1.38,0.62
BES01,16_1042_ANTIC-GOLD_44,0.21428571428571427,32.66666666666667,5.931840648477659,0.95,6.03,2,4,1.27,0.73
MAS01,29_1133_BROWN_44,0.26785714285714285,14.933333333333334,5.931840648477659,0.95,6.98,2,4,1.59,0.41
MAS01,29_1133_BROWN_38,0.26785714285714285,18.666666666666668,5.931840648477659,0.95,6.57,2,4,1.59,0.41
MAS01,29_1133_BROWN_37,0.2857142857142857,21.0,5.931840648477659,0.95,5.62,2,4,1.69,0.31
MAS01,28_1126_TAN_44,0.14285714285714285,21.0,5.931840648477659,0.95,7.18,2,3,0.85,1.15
MAS01,28_1126_BLUE-NAVY_42,0.26785714285714285,26.133333333333333,5.931840648477659,0.95,5.19,2,4,1.59,0.41
INS01,18_1056_BLACK_44,0.26785714285714285,18.666666666666668,5.931840648477659,0.95,6.72,2,4,1.59,0.41
INS01,18_1056_BLACK_37,0.375,21.333333333333332,5.931840648477659,0.95,5.22,2,5,2.22,-0.22
INS01,20_1070_ANTIC-GOLD_44,0.16071428571428573,18.666666666666664,5.931840648477659,0.95,7.42,2,3,0.95,1.05
INS01,20_1070_ANTIC-GOLD_43,0.05357142857142857,56.0,5.931840648477659,0.95,19.52,2,2,0.32,1.68
INS01,20_1070_ANTIC-GOLD_42,0.39285714285714285,33.09090909090909,5.931840648477659,0.95,3.85,2,5,2.33,-0.33
BES01,17_1049_BROWN_37,0.21428571428571427,28.0,5.931840648477659,0.95,7.14,2,4,1.27,0.73
BES01,17_1049_BLACK_44,0.16071428571428573,24.888888888888886,5.931840648477659,0.95,10.46,2,3,0.95,1.05
BES01,17_1049_BLACK_42,0.32142857142857145,31.111111111111107,5.931840648477659,0.95,5.2,2,5,1.91,0.09
SUS01,16_1042_TAN_38,0.21428571428571427,28.0,5.931840648477659,0.95,6.42,2,4,1.27,0.73
SUS01,16_1042_BLUE-NAVY_44,0.16071428571428573,18.666666666666664,5.931840648477659,0.95,6.92,2,3,0.95,1.05
SUS01,16_1042_BLUE-NAVY_42,0.44642857142857145,22.4,5.931840648477659,0.95,4.32,2,6,2.65,-0.65
SUS01,16_1042_BLUE-NAVY_41,0.44642857142857145,42.559999999999995,5.931840648477659,0.95,2.95,2,6,2.65,-0.65
SUS01,16_1042_ANTIC-GOLD_44,0.25,24.0,5.931840648477659,0.95,5.08,2,4,1.48,0.52
SUS01,16_1042_ANTIC-GOLD_43,0.30357142857142855,29.647058823529413,5.931840648477659,0.95,4.1,2,5,1.8,0.2
BES01,19_1063_MAROON_43,0.25,44.0,5.931840648477659,0.95,6.79,2,4,1.48,0.52
BES01,23_1091_BLUE-NAVY_37,0.19642857142857142,25.454545454545457,5.931840648477659,0.95,6.49,2,3,1.17,0.83
INS01,17_1049_MAROON_43,0.16071428571428573,24.888888888888886,5.931840648477659,0.95,6.6,2,3,0.95,1.05
INS01,17_1049_MAROON_42,0.3392857142857143,32.421052631578945,5.931840648477659,0.95,4.83,2,5,2.01,-0.01
INS01,17_1049_MAROON_40,0.35714285714285715,39.199999999999996,5.931840648477659,0.95,4.07,2,5,2.12,-0.12
INS01,17_1049_MAROON_38,0.35714285714285715,19.599999999999998,5.931840648477659,0.95,5.56,2,5,2.12,-0.12
INS01,17_1049_MAROON_37,0.2857142857142857,24.5,5.931840648477659,0.95,4.43,2,4,1.69,0.31
INS01,17_1049_BLACK_44,0.23214285714285715,21.538461538461537,5.931840648477659,0.95,5.44,2,4,1.38,0.62
INS01,17_1049_BLACK_43,0.19642857142857142,20.363636363636363,5.931840648477659,0.95,5.84,2,3,1.17,0.83
INS01,17_1049_BLACK_39,0.5714285714285714,36.75,5.931840648477659,0.95,3.35,2,7,3.39,-1.39
MAS01,31_1147_ANTIC-GOLD_39,0.35714285714285715,33.6,5.931840648477659,0.95,4.77,2,5,2.12,-0.12
MAS01,30_1140_WHITE_42,0.16071428571428573,18.666666666666664,5.931840648477659,0.95,7.7,2,3,0.95,1.05
MAS01,32_1154_MAROON_42,0.21428571428571427,14.0,5.931840648477659,0.95,8.4,2,4,1.27,0.73
MAS01,32_1154_MAROON_41,0.25,28.0,5.931840648477659,0.95,5.4,2,4,1.48,0.52
MAS01,32_1154_MAROON_40,0.21428571428571427,23.333333333333336,5.931840648477659,0.95,6.73,2,4,1.27,0.73
MAS01,32_1154_MAROON_39,0.19642857142857142,20.363636363636363,5.931840648477659,0.95,6.74,2,3,1.17,0.83
MAS01,31_1147_WHITE_43,0.14285714285714285,21.0,5.931840648477659,0.95,7.04,2,3,0.85,1.15
MAS01,31_1147_WHITE_42,0.4107142857142857,26.782608695652176,5.931840648477659,0.95,3.79,2,6,2.44,-0.44
MAS01,31_1147_WHITE_38,0.26785714285714285,22.400000000000002,5.931840648477659,0.95,5.36,2,4,1.59,0.41
MAS01,31_1147_WHITE_37,0.17857142857142858,22.4,5.931840648477659,0.95,5.82,2,3,1.06,0.94
MAS01,31_1147_ANTIC-GOLD_43,0.25,20.0,5.931840648477659,0.95,5.79,2,4,1.48,0.52
MAS01,31_1147_ANTIC-GOLD_42,0.17857142857142858,33.6,5.931840648477659,0.95,6.41,2,3,1.06,0.94
INS01,18_1056_ANTIC-GOLD_37,0.375,29.333333333333332,5.931840648477659,0.95,4.53,2,5,2.22,-0.22
BES01,23_1091_BLACK_37,0.14285714285714285,28.0,5.931840648477659,0.95,10.8,2,3,0.85,1.15
BES01,22_1084_NAVY_44,0.16071428571428573,31.111111111111107,5.931840648477659,0.95,6.91,2,3,0.95,1.05
BES01,22_1084_NAVY_42,0.44642857142857145,35.839999999999996,5.931840648477659,0.95,4.1,2,6,2.65,-0.65
SUS01,16_1042_ANTIC-GOLD_37,0.17857142857142858,22.4,5.931840648477659,0.95,5.98,2,3,1.06,0.94
SUS01,14_1028_WHITE_44,0.23214285714285715,25.846153846153847,5.931840648477659,0.95,6.01,2,4,1.38,0.62
SUS01,14_1028_WHITE_43,0.26785714285714285,26.133333333333333,5.931840648477659,0.95,5.22,2,4,1.59,0.41
BES01,23_1091_BLUE-NAVY_41,0.3137254901960784,41.4375,5.931840648477659,0.95,4.49,2,5,1.86,0.14
INS01,16_1042_BLUE-NAVY_44,0.23214285714285715,17.23076923076923,5.931840648477659,0.95,6.18,2,4,1.38,0.62
INS01,16_1042_BLUE-NAVY_43,0.30357142857142855,26.35294117647059,5.931840648477659,0.95,4.31,2,5,1.8,0.2
INS01,16_1042_ANTIC-GOLD_43,0.375,29.333333333333332,5.931840648477659,0.95,3.72,2,5,2.22,-0.22
MUS01,10_1000_ROSE-GOLD_37,0.32142857142857145,18.666666666666664,5.931840648477659,0.95,5.79,2,5,1.91,0.09
MAS01,33_1161_BLUE-NAVY_43,0.17857142857142858,16.8,5.931840648477659,0.95,7.59,2,3,1.06,0.94
MAS01,33_1161_BLUE-NAVY_42,0.3392857142857143,23.57894736842105,5.931840648477659,0.95,5.18,2,5,2.01,-0.01
MAS01,33_1161_BLUE-NAVY_41,0.26785714285714285,29.866666666666667,5.931840648477659,0.95,5.86,2,4,1.59,0.41
MAS01,33_1161_BLUE-NAVY_40,0.25,32.0,5.931840648477659,0.95,6.33,2,4,1.48,0.52
MAS01,33_1161_BLUE-NAVY_38,0.19642857142857142,25.454545454545457,5.931840648477659,0.95,6.34,2,3,1.17,0.83
BES01,23_1091_BLUE-NAVY_38,0.4107142857142857,34.08695652173913,5.931840648477659,0.95,4.82,2,6,2.44,-0.44
SUS01,14_1028_ROSE-GOLD_43,0.23214285714285715,25.846153846153847,5.931840648477659,0.95,6.45,2,4,1.38,0.62
SUS01,14_1028_ROSE-GOLD_37,0.16071428571428573,24.888888888888886,5.931840648477659,0.95,6.59,2,3,0.95,1.05
SUS01,13_1021_BROWN_43,0.21428571428571427,28.0,5.931840648477659,0.95,5.57,2,4,1.27,0.73
SUS01,13_1021_BROWN_41,0.32142857142857145,40.44444444444444,5.931840648477659,0.95,5.63,2,5,1.91,0.09
BES01,24_1098_WHITE_43,0.125,24.0,5.931840648477659,0.95,8.25,2,3,0.74,1.26
BES01,28_1126_ROSE-GOLD_44,0.16071428571428573,12.444444444444443,5.931840648477659,0.95,10.29,2,3,0.95,1.05
BES01,27_1119_ANTIC-GOLD_44,0.17857142857142858,33.6,5.931840648477659,0.95,8.73,2,3,1.06,0.94
BES01,32_1154_MAROON_37,0.07142857142857142,28.0,5.931840648477659,0.95,24.38,2,2,0.42,1.58
BES01,31_1147_MAROON_42,0.39285714285714285,25.454545454545457,5.931840648477659,0.95,5.02,2,5,2.33,-0.33
INS01,15_1035_GREY_40,0.17857142857142858,22.4,5.931840648477659,0.95,6.44,2,3,1.06,0.94
INS01,14_1028_WHITE_43,0.2857142857142857,28.0,5.931840648477659,0.95,4.85,2,4,1.69,0.31
INS01,14_1028_WHITE_41,0.26785714285714285,44.800000000000004,5.931840648477659,0.95,4.56,2,4,1.59,0.41
MUS01,10_1000_WHITE_43,0.32142857142857145,21.777777777777775,5.931840648477659,0.95,5.89,2,5,1.91,0.09
MUS01,10_1000_WHITE_42,0.375,32.0,5.931840648477659,0.95,4.63,2,5,2.22,-0.22
MUS01,10_1000_WHITE_37,0.23214285714285715,21.538461538461537,5.931840648477659,0.95,6.21,2,4,1.38,0.62
MUS01,10_1000_ROSE-GOLD_44,0.16071428571428573,24.888888888888886,5.931840648477659,0.95,6.64,2,3,0.95,1.05
MUS01,10_1000_ROSE-GOLD_43,0.25,36.0,5.931840648477659,0.95,4.5,2,4,1.48,0.52
INS01,17_1049_BLACK_38,0.32142857142857145,21.777777777777775,5.931840648477659,0.95,5.7,2,5,1.91,0.09
INS01,14_1028_WHITE_38,0.3392857142857143,20.63157894736842,5.931840648477659,0.95,5.45,2,5,2.01,-0.01
INS01,14_1028_ROSE-GOLD_43,0.42857142857142855,32.66666666666667,5.931840648477659,0.95,4.16,2,6,2.54,-0.54
INS01,14_1028_ROSE-GOLD_37,0.21428571428571427,32.66666666666667,5.931840648477659,0.95,4.89,2,4,1.27,0.73
INS01,14_1028_NAVY_39,0.48214285714285715,31.11111111111111,5.931840648477659,0.95,4.06,2,6,2.86,-0.86
MUS01,14_1028_NAVY_44,0.26785714285714285,18.666666666666668,5.931840648477659,0.95,6.4,2,4,1.59,0.41
MUS01,14_1028_NAVY_43,0.39285714285714285,33.09090909090909,5.931840648477659,0.95,3.81,2,5,2.33,-0.33
MUS01,14_1028_NAVY_37,0.30357142857142855,19.764705882352942,5.931840648477659,0.95,5.8,2,5,1.8,0.2
MUS01,13_1021_BROWN_44,0.19642857142857142,20.363636363636363,5.931840648477659,0.95,6.62,2,3,1.17,0.83
MUS01,13_1021_BROWN_43,0.4642857142857143,30.153846153846153,5.931840648477659,0.95,3.99,2,6,2.75,-0.75
INS01,16_1042_ANTIC-GOLD_38,0.39285714285714285,25.454545454545457,5.931840648477659,0.95,4.45,2,5,2.33,-0.33
INS01,16_1042_ANTIC-GOLD_37,0.4107142857142857,19.47826086956522,5.931840648477659,0.95,4.47,2,6,2.44,-0.44
BES01,33_1161_BLUE-NAVY_43,0.125,40.0,5.931840648477659,0.95,13.47,2,3,0.74,1.26
BES01,33_1161_BLUE-NAVY_37,0.16071428571428573,31.111111111111107,5.931840648477659,0.95,11.36,2,3,0.95,1.05
BES01,32_1154_MAROON_43,0.08928571428571429,22.4,5.931840648477659,0.95,14.81,2,2,0.53,1.47
BES01,32_1154_MAROON_42,0.23214285714285715,34.46153846153846,5.931840648477659,0.95,5.73,2,4,1.38,0.62
BES01,32_1154_MAROON_38,0.17857142857142858,22.4,5.931840648477659,0.95,11.11,2,3,1.06,0.94
SUS01,13_1021_BROWN_37,0.23214285714285715,25.846153846153847,5.931840648477659,0.95,5.14,2,4,1.38,0.62
SUS01,12_1014_ROSE-GOLD_44,0.25,40.0,5.931840648477659,0.95,5.21,2,4,1.48,0.52
SUS01,12_1014_ANTIC-GOLD_44,0.375,32.0,5.931840648477659,0.95,4.05,2,5,2.22,-0.22
BHS01,11_1007_BLACK_37,0.125,24.0,5.931840648477659,0.95,8.22,2,3,0.74,1.26
BHS01,10_1000_BROWN_44,0.125,32.0,5.931840648477659,0.95,8.0,2,3,0.74,1.26
BHS01,10_1000_BROWN_43,0.35714285714285715,28.0,5.931840648477659,0.95,5.5,2,5,2.12,-0.12
BHS01,10_1000_BROWN_38,0.25,48.0,5.931840648477659,0.95,4.38,2,4,1.48,0.52
BHS01,11_1007_BLACK_44,0.07142857142857142,42.0,5.931840648477659,0.95,21.1,2,2,0.42,1.58
BHS01,11_1007_BLACK_43,0.21428571428571427,28.0,5.931840648477659,0.95,6.04,2,4,1.27,0.73
BHS01,11_1007_BLACK_42,0.14285714285714285,35.0,5.931840648477659,0.95,7.83,2,3,0.85,1.15
INS01,10_1000_WHITE_44,0.25,24.0,5.931840648477659,0.95,5.24,2,4,1.48,0.52
INS01,10_1000_WHITE_40,0.4222222222222222,40.26315789473684,5.931840648477659,0.95,4.36,2,6,2.5,-0.5
INS01,10_1000_WHITE_39,0.30357142857142855,26.35294117647059,5.931840648477659,0.95,5.59,2,5,1.8,0.2
MUS01,14_1028_WHITE_44,0.2857142857142857,28.0,5.931840648477659,0.95,4.83,2,4,1.69,0.31
MUS01,14_1028_WHITE_37,0.26785714285714285,29.866666666666667,5.931840648477659,0.95,4.93,2,4,1.59,0.41
MUS01,14_1028_ROSE-GOLD_44,0.2857142857142857,28.0,5.931840648477659,0.95,5.23,2,4,1.69,0.31
INS01,12_1014_ROSE-GOLD_37,0.32142857142857145,24.888888888888886,5.931840648477659,0.95,4.97,2,5,1.91,0.09
INS01,12_1014_BROWN_44,0.42857142857142855,25.666666666666668,5.931840648477659,0.95,3.6,2,6,2.54,-0.54
INS01,11_1007_TAN_44,0.21428571428571427,23.333333333333336,5.931840648477659,0.95,5.39,2,4,1.27,0.73
INS01,11_1007_TAN_43,0.30357142857142855,26.35294117647059,5.931840648477659,0.95,4.4,2,5,1.8,0.2
INS01,14_1028_NAVY_37,0.16071428571428573,18.666666666666664,5.931840648477659,0.95,7.27,2,3,0.95,1.05
INS01,13_1021_BROWN_44,0.17857142857142858,11.2,5.931840648477659,0.95,8.55,2,3,1.06,0.94
INS01,13_1021_BROWN_43,0.39285714285714285,28.0,5.931840648477659,0.95,4.16,2,5,2.33,-0.33
INS01,12_1014_ROSE-GOLD_44,0.26785714285714285,33.6,5.931840648477659,0.95,4.82,2,4,1.59,0.41
HYS01,31_1147_ANTIC-GOLD_43,0.39285714285714285,25.454545454545457,5.931840648477659,0.95,4.81,2,5,2.33,-0.33
MUS01,16_1042_BLUE-NAVY_44,0.25,24.0,5.931840648477659,0.95,5.36,2,4,1.48,0.52
MUS01,16_1042_BLUE-NAVY_43,0.7142857142857143,33.6,5.931840648477659,0.95,2.64,2,8,4.24,-2.24
MUS01,16_1042_ANTIC-GOLD_44,0.26785714285714285,22.400000000000002,5.931840648477659,0.95,5.58,2,4,1.59,0.41
INS01,10_1000_WHITE_37,0.25,28.0,5.931840648477659,0.95,4.71,2,4,1.48,0.52
INS01,10_1000_BROWN_43,0.42857142857142855,30.333333333333336,5.931840648477659,0.95,3.47,2,6,2.54,-0.54
INS01,10_1000_BROWN_38,0.23214285714285715,34.46153846153846,5.931840648477659,0.95,4.83,2,4,1.38,0.62
INS01,11_1007_TAN_38,0.21428571428571427,32.66666666666667,5.931840648477659,0.95,4.76,2,4,1.27,0.73
INS01,11_1007_BLACK_44,0.07142857142857142,14.0,5.931840648477659,0.95,18.89,2,2,0.42,1.58
INS01,11_1007_BLACK_43,0.21428571428571427,23.333333333333336,5.931840648477659,0.95,5.78,2,4,1.27,0.73
INS01,11_1007_BLACK_40,0.3392857142857143,29.473684210526315,5.931840648477659,0.95,4.87,2,5,2.01,-0.01
INS01,11_1007_BLACK_39,0.5,32.0,5.931840648477659,0.95,3.75,2,6,2.97,-0.97
INS01,11_1007_BLACK_38,0.25,36.0,5.931840648477659,0.95,4.27,2,4,1.48,0.52
HYS01,26_1112_WHITE_43,0.3076923076923077,58.5,5.931840648477659,0.95,3.27,2,5,1.83,0.17
HYS01,26_1112_WHITE_37,0.44642857142857145,26.88,5.931840648477659,0.95,4.35,2,6,2.65,-0.65
HYS01,25_1105_BLACK_44,0.3392857142857143,29.473684210526315,5.931840648477659,0.95,4.25,2,5,2.01,-0.01
MUS01,17_1049_MAROON_37,0.32142857142857145,18.666666666666664,5.931840648477659,0.95,5.41,2,5,1.91,0.09
MUS01,17_1049_BLACK_43,0.4642857142857143,32.30769230769231,5.931840648477659,0.95,3.91,2,6,2.75,-0.75
MUS01,17_1049_BLACK_37,0.25,28.0,5.931840648477659,0.95,4.93,2,4,1.48,0.52
MUS01,16_1042_TAN_44,0.32142857142857145,24.888888888888886,5.931840648477659,0.95,4.76,2,5,1.91,0.09
HYS01,31_1147_ANTIC-GOLD_37,0.17857142857142858,28.0,5.931840648477659,0.95,6.3,2,3,1.06,0.94
HYS01,30_1140_WHITE_44,0.16071428571428573,18.666666666666664,5.931840648477659,0.95,8.12,2,3,0.95,1.05
HYS01,30_1140_WHITE_37,0.17857142857142858,16.8,5.931840648477659,0.95,8.26,2,3,1.06,0.94
HYS01,28_1126_TAN_44,0.30357142857142855,19.764705882352942,5.931840648477659,0.95,6.29,2,5,1.8,0.2
HYS01,31_1147_MAROON_44,0.30357142857142855,19.764705882352942,5.931840648477659,0.95,5.79,2,5,1.8,0.2
HYS01,31_1147_MAROON_43,0.2857142857142857,28.0,5.931840648477659,0.95,5.04,2,4,1.69,0.31
HYS01,31_1147_MAROON_37,0.26785714285714285,26.133333333333333,5.931840648477659,0.95,5.22,2,4,1.59,0.41
HYS01,31_1147_ANTIC-GOLD_44,0.23214285714285715,21.538461538461537,5.931840648477659,0.95,6.57,2,4,1.38,0.62
HYS01,23_1091_BLACK_38,0.3392857142857143,23.57894736842105,5.931840648477659,0.95,5.51,2,5,2.01,-0.01
HYS01,23_1091_BLACK_37,0.23214285714285715,17.23076923076923,5.931840648477659,0.95,7.36,2,4,1.38,0.62
HYS01,22_1084_NAVY_43,0.39285714285714285,30.545454545454547,5.931840648477659,0.95,4.07,2,5,2.33,-0.33
HYS01,22_1084_NAVY_39,0.23214285714285715,34.46153846153846,5.931840648477659,0.95,5.99,2,4,1.38,0.62
MUS01,18_1056_ANTIC-GOLD_44,0.375,29.333333333333332,5.931840648477659,0.95,4.87,2,5,2.22,-0.22
MUS01,17_1049_MAROON_44,0.21428571428571427,28.0,5.931840648477659,0.95,5.14,2,4,1.27,0.73
HYS01,25_1105_BLACK_37,0.23214285714285715,25.846153846153847,5.931840648477659,0.95,5.62,2,4,1.38,0.62
HYS01,24_1098_MAROON_44,0.17857142857142858,28.0,5.931840648477659,0.95,6.28,2,3,1.06,0.94
HYS01,24_1098_MAROON_39,0.44642857142857145,31.36,5.931840648477659,0.95,4.19,2,6,2.65,-0.65
HYS01,24_1098_MAROON_38,0.39285714285714285,25.454545454545457,5.931840648477659,0.95,5.0,2,5,2.33,-0.33
HYS01,23_1091_BROWN_43,0.35714285714285715,25.2,5.931840648477659,0.95,5.29,2,5,2.12,-0.12
HYS01,28_1126_TAN_37,0.3392857142857143,32.421052631578945,5.931840648477659,0.95,4.97,2,5,2.01,-0.01
HYS01,26_1112_WHITE_44,0.4107142857142857,31.65217391304348,5.931840648477659,0.95,4.09,2,6,2.44,-0.44
HYS01,20_1070_ANTIC-GOLD_40,0.3392857142857143,29.473684210526315,5.931840648477659,0.95,5.44,2,5,2.01,-0.01
HYS01,19_1063_MAROON_44,0.26785714285714285,26.133333333333333,5.931840648477659,0.95,5.49,2,4,1.59,0.41
HYS01,19_1063_MAROON_42,0.30357142857142855,26.35294117647059,5.931840648477659,0.95,5.91,2,5,1.8,0.2
MUS01,21_1077_BLUE-NAVY_38,0.35714285714285715,39.199999999999996,5.931840648477659,0.95,4.11,2,5,2.12,-0.12
MUS01,20_1070_ANTIC-GOLD_44,0.19642857142857142,20.363636363636363,5.931840648477659,0.95,7.06,2,3,1.17,0.83
MUS01,20_1070_ANTIC-GOLD_43,0.23214285714285715,34.46153846153846,5.931840648477659,0.95,5.0,2,4,1.38,0.62
MUS01,20_1070_ANTIC-GOLD_38,0.35714285714285715,25.2,5.931840648477659,0.95,5.26,2,5,2.12,-0.12
MUS01,20_1070_ANTIC-GOLD_37,0.16071428571428573,24.888888888888886,5.931840648477659,0.95,6.8,2,3,0.95,1.05
MUS01,18_1056_BLACK_44,0.30357142857142855,26.35294117647059,5.931840648477659,0.95,5.61,2,5,1.8,0.2
HYS01,21_1077_MAROON_44,0.16071428571428573,24.888888888888886,5.931840648477659,0.95,7.17,2,3,0.95,1.05
HYS01,21_1077_MAROON_40,0.2857142857142857,28.0,5.931840648477659,0.95,5.63,2,4,1.69,0.31
HYS01,21_1077_MAROON_37,0.25,28.0,5.931840648477659,0.95,5.42,2,4,1.48,0.52
HYS01,23_1091_BROWN_37,0.25,20.0,5.931840648477659,0.95,6.6,2,4,1.48,0.52
HYS01,23_1091_BLACK_44,0.26785714285714285,26.133333333333333,5.931840648477659,0.95,5.48,2,4,1.59,0.41
HYS01,23_1091_BLACK_43,0.32142857142857145,34.22222222222222,5.931840648477659,0.95,4.39,2,5,1.91,0.09
HYS01,16_1042_TAN_42,0.5535714285714286,46.967741935483865,5.931840648477659,0.95,2.76,2,7,3.28,-1.28
MUS01,22_1084_NAVY_38,0.5714285714285714,33.25,5.931840648477659,0.95,3.13,2,7,3.39,-1.39
MUS01,22_1084_NAVY_37,0.14285714285714285,21.0,5.931840648477659,0.95,7.51,2,3,0.85,1.15
MUS01,21_1077_MAROON_44,0.26785714285714285,18.666666666666668,5.931840648477659,0.95,6.4,2,4,1.59,0.41
MUS01,21_1077_MAROON_43,0.2857142857142857,38.5,5.931840648477659,0.95,4.06,2,4,1.69,0.31
MUS01,21_1077_BLUE-NAVY_44,0.10714285714285714,18.666666666666668,5.931840648477659,0.95,9.72,2,2,0.64,1.36
HYS01,17_1049_MAROON_44,0.26785714285714285,18.666666666666668,5.931840648477659,0.95,6.21,2,4,1.59,0.41
HYS01,17_1049_MAROON_37,0.375,24.0,5.931840648477659,0.95,4.53,2,5,2.22,-0.22
HYS01,17_1049_BROWN_44,0.30357142857142855,19.764705882352942,5.931840648477659,0.95,5.61,2,5,1.8,0.2
HYS01,19_1063_MAROON_37,0.2857142857142857,24.5,5.931840648477659,0.95,5.62,2,4,1.69,0.31
HYS01,18_1056_BLACK_44,0.30357142857142855,26.35294117647059,5.931840648477659,0.95,6.03,2,5,1.8,0.2
HYS01,18_1056_BLACK_37,0.32142857142857145,24.888888888888886,5.931840648477659,0.95,5.8,2,5,1.91,0.09
HYS01,21_1077_BLUE-NAVY_37,0.14285714285714285,28.0,5.931840648477659,0.95,7.36,2,3,0.85,1.15
HYS01,20_1070_ANTIC-GOLD_44,0.125,24.0,5.931840648477659,0.95,8.1,2,3,0.74,1.26
HYS01,20_1070_ANTIC-GOLD_43,0.35714285714285715,25.2,5.931840648477659,0.95,5.22,2,5,2.12,-0.12
HYS01,15_1035_GREY_43,0.16071428571428573,24.888888888888886,5.931840648477659,0.95,6.57,2,3,0.95,1.05
HYS01,15_1035_GREY_42,0.16071428571428573,18.666666666666664,5.931840648477659,0.95,8.0,2,3,0.95,1.05
HYS01,15_1035_GREY_40,0.3392857142857143,20.63157894736842,5.931840648477659,0.95,5.78,2,5,2.01,-0.01
HYS01,15_1035_GREY_39,0.26785714285714285,18.666666666666668,5.931840648477659,0.95,6.48,2,4,1.59,0.41
HYS01,15_1035_GREY_38,0.23214285714285715,25.846153846153847,5.931840648477659,0.95,5.56,2,4,1.38,0.62
HYS01,14_1028_WHITE_44,0.16071428571428573,18.666666666666664,5.931840648477659,0.95,8.29,2,3,0.95,1.05
MUS01,23_1091_BLUE-NAVY_39,0.5476190476190477,43.826086956521735,5.931840648477659,0.95,3.5,2,7,3.25,-1.25
MUS01,23_1091_BLACK_44,0.23214285714285715,30.153846153846153,5.931840648477659,0.95,5.11,2,4,1.38,0.62
MUS01,23_1091_BLACK_37,0.17857142857142858,33.6,5.931840648477659,0.95,8.43,2,3,1.06,0.94
MUS01,22_1084_NAVY_43,0.5178571428571429,30.89655172413793,5.931840648477659,0.95,3.36,2,6,3.07,-1.07
HYS01,17_1049_BROWN_37,0.25,20.0,5.931840648477659,0.95,6.0,2,4,1.48,0.52
HYS01,17_1049_BLACK_37,0.23214285714285715,34.46153846153846,5.931840648477659,0.95,4.72,2,4,1.38,0.62
HYS01,16_1042_TAN_44,0.30357142857142855,19.764705882352942,5.931840648477659,0.95,5.92,2,5,1.8,0.2
BHS01,14_1028_ROSE-GOLD_37,0.30357142857142855,29.647058823529413,5.931840648477659,0.95,5.97,2,5,1.8,0.2
BHS01,12_1014_BROWN_44,0.30357142857142855,26.35294117647059,5.931840648477659,0.95,5.71,2,5,1.8,0.2
SUS01,11_1007_BLACK_44,0.19642857142857142,25.454545454545457,5.931840648477659,0.95,5.55,2,3,1.17,0.83
SUS01,11_1007_BLACK_43,0.23214285714285715,25.846153846153847,5.931840648477659,0.95,5.23,2,4,1.38,0.62
SUS01,11_1007_BLACK_41,0.4107142857142857,26.782608695652176,5.931840648477659,0.95,4.23,2,6,2.44,-0.44
SUS01,11_1007_BLACK_40,0.3392857142857143,26.52631578947368,5.931840648477659,0.95,5.21,2,5,2.01,-0.01
SUS01,11_1007_BLACK_38,0.25,16.0,5.931840648477659,0.95,6.97,2,4,1.48,0.52
SUS01,10_1000_WHITE_43,0.19642857142857142,30.545454545454547,5.931840648477659,0.95,5.55,2,3,1.17,0.83
SUS01,10_1000_WHITE_42,0.3392857142857143,41.26315789473684,5.931840648477659,0.95,3.74,2,5,2.01,-0.01
BHS01,14_1028_WHITE_44,0.23214285714285715,34.46153846153846,5.931840648477659,0.95,5.03,2,4,1.38,0.62
BHS01,14_1028_WHITE_43,0.32142857142857145,31.111111111111107,5.931840648477659,0.95,5.0,2,5,1.91,0.09
BHS01,14_1028_WHITE_37,0.23214285714285715,25.846153846153847,5.931840648477659,0.95,5.31,2,4,1.38,0.62
BHS01,14_1028_ROSE-GOLD_44,0.16071428571428573,31.111111111111107,5.931840648477659,0.95,8.03,2,3,0.95,1.05
HYS01,11_1007_TAN_38,0.32142857142857145,21.777777777777775,5.931840648477659,0.95,5.77,2,5,1.91,0.09
HYS01,11_1007_TAN_37,0.25,24.0,5.931840648477659,0.95,5.62,2,4,1.48,0.52
MUS01,24_1098_WHITE_37,0.17857142857142858,11.2,5.931840648477659,0.95,9.6,2,3,1.06,0.94
MUS01,24_1098_MAROON_38,0.17857142857142858,33.6,5.931840648477659,0.95,5.61,2,3,1.06,0.94
MUS01,24_1098_MAROON_37,0.19642857142857142,30.545454545454547,5.931840648477659,0.95,6.32,2,3,1.17,0.83
HYS01,13_1021_WHITE_37,0.26785714285714285,22.400000000000002,5.931840648477659,0.95,5.75,2,4,1.59,0.41
HYS01,13_1021_BROWN_37,0.35714285714285715,30.8,5.931840648477659,0.95,4.28,2,5,2.12,-0.12
HYS01,14_1028_ROSE-GOLD_37,0.23214285714285715,21.538461538461537,5.931840648477659,0.95,6.89,2,4,1.38,0.62
HYS01,13_1021_WHITE_44,0.39285714285714285,22.90909090909091,5.931840648477659,0.95,4.66,2,5,2.33,-0.33
HYS01,13_1021_WHITE_43,0.3392857142857143,26.52631578947368,5.931840648477659,0.95,4.86,2,5,2.01,-0.01
HYS01,16_1042_TAN_37,0.32142857142857145,24.888888888888886,5.931840648477659,0.95,5.4,2,5,1.91,0.09
COS01,31_1147_WHITE_44,0.23214285714285715,17.23076923076923,5.931840648477659,0.95,7.48,2,4,1.38,0.62
COS01,31_1147_WHITE_43,0.23214285714285715,25.846153846153847,5.931840648477659,0.95,6.36,2,4,1.38,0.62
COS01,31_1147_WHITE_42,0.30357142857142855,23.058823529411768,5.931840648477659,0.95,6.12,2,5,1.8,0.2
COS01,31_1147_WHITE_40,0.4642857142857143,28.0,5.931840648477659,0.95,4.14,2,6,2.75,-0.75
MUS01,25_1105_BROWN_39,0.32142857142857145,27.999999999999996,5.931840648477659,0.95,5.98,2,5,1.91,0.09
MUS01,25_1105_BROWN_37,0.25,16.0,5.931840648477659,0.95,6.6,2,4,1.48,0.52
MUS01,25_1105_BLACK_44,0.16071428571428573,24.888888888888886,5.931840648477659,0.95,6.41,2,3,0.95,1.05
MUS01,25_1105_BLACK_37,0.23214285714285715,17.23076923076923,5.931840648477659,0.95,6.76,2,4,1.38,0.62
MUS01,24_1098_WHITE_43,0.2857142857142857,28.0,5.931840648477659,0.95,4.91,2,4,1.69,0.31
HYS01,11_1007_BLACK_38,0.44642857142857145,31.36,5.931840648477659,0.95,4.05,2,6,2.65,-0.65
HYS01,11_1007_BLACK_37,0.5178571428571429,32.82758620689655,5.931840648477659,0.95,3.41,2,6,3.07,-1.07
HYS01,10_1000_BROWN_43,0.44642857142857145,33.6,5.931840648477659,0.95,3.65,2,6,2.65,-0.65
HYS01,11_1007_TAN_43,0.2857142857142857,21.0,5.931840648477659,0.95,5.97,2,4,1.69,0.31
COS01,31_1147_MAROON_44,0.14285714285714285,21.0,5.931840648477659,0.95,7.17,2,3,0.85,1.15
COS01,31_1147_MAROON_43,0.23214285714285715,21.538461538461537,5.931840648477659,0.95,6.97,2,4,1.38,0.62
COS01,31_1147_MAROON_40,0.35714285714285715,28.0,5.931840648477659,0.95,4.76,2,5,2.12,-0.12
COS01,31_1147_MAROON_38,0.32142857142857145,24.888888888888886,5.931840648477659,0.95,4.94,2,5,1.91,0.09
COS01,31_1147_ANTIC-GOLD_44,0.17857142857142858,28.0,5.931840648477659,0.95,6.82,2,3,1.06,0.94
COS01,31_1147_ANTIC-GOLD_43,0.26785714285714285,22.400000000000002,5.931840648477659,0.95,5.71,2,4,1.59,0.41
COS01,31_1147_ANTIC-GOLD_42,0.30357142857142855,29.647058823529413,5.931840648477659,0.95,5.71,2,5,1.8,0.2
COS01,31_1147_ANTIC-GOLD_39,0.2857142857142857,31.5,5.931840648477659,0.95,6.99,2,4,1.69,0.31
MUS01,25_1105_MAROON_44,0.23214285714285715,25.846153846153847,5.931840648477659,0.95,5.39,2,4,1.38,0.62
MUS01,25_1105_MAROON_37,0.2857142857142857,28.0,5.931840648477659,0.95,4.65,2,4,1.69,0.31
HYS01,10_1000_BROWN_37,0.3392857142857143,23.57894736842105,5.931840648477659,0.95,5.24,2,5,2.01,-0.01
COS01,33_1161_BLUE-NAVY_43,0.21428571428571427,18.666666666666668,5.931840648477659,0.95,8.35,2,4,1.27,0.73
COS01,33_1161_BLUE-NAVY_38,0.375,24.0,5.931840648477659,0.95,5.3,2,5,2.22,-0.22
COS01,33_1161_BLUE-NAVY_37,0.125,24.0,5.931840648477659,0.95,8.75,2,3,0.74,1.26
COS01,24_1098_WHITE_39,0.30357142857142855,26.35294117647059,5.931840648477659,0.95,5.6,2,5,1.8,0.2
COS01,24_1098_WHITE_37,0.14285714285714285,14.0,5.931840648477659,0.95,10.51,2,3,0.85,1.15
COS01,24_1098_MAROON_43,0.23214285714285715,25.846153846153847,5.931840648477659,0.95,6.59,2,4,1.38,0.62
MUS01,28_1126_TAN_44,0.26785714285714285,26.133333333333333,5.931840648477659,0.95,5.35,2,4,1.59,0.41
COS01,28_1126_TAN_37,0.2857142857142857,31.5,5.931840648477659,0.95,5.9,2,4,1.69,0.31
COS01,28_1126_BLUE-NAVY_44,0.26785714285714285,18.666666666666668,5.931840648477659,0.95,6.24,2,4,1.59,0.41
COS01,28_1126_BLUE-NAVY_43,0.3392857142857143,23.57894736842105,5.931840648477659,0.95,5.21,2,5,2.01,-0.01
COS01,29_1133_BROWN_44,0.21428571428571427,28.0,5.931840648477659,0.95,6.78,2,4,1.27,0.73
COS01,29_1133_BROWN_37,0.19642857142857142,20.363636363636363,5.931840648477659,0.95,7.25,2,3,1.17,0.83
COS01,28_1126_TAN_44,0.25,16.0,5.931840648477659,0.95,7.1,2,4,1.48,0.52
COS01,31_1147_WHITE_38,0.30357142857142855,32.94117647058824,5.931840648477659,0.95,4.3,2,5,1.8,0.2
COS01,31_1147_WHITE_37,0.17857142857142858,22.4,5.931840648477659,0.95,6.46,2,3,1.06,0.94
BHS01,14_1028_ROSE-GOLD_38,0.30357142857142855,26.35294117647059,5.931840648477659,0.95,6.59,2,5,1.8,0.2
SUS01,10_1000_WHITE_37,0.14285714285714285,14.0,5.931840648477659,0.95,8.73,2,3,0.85,1.15
PUS01,32_1154_MAROON_43,0.2857142857142857,31.5,5.931840648477659,0.95,4.52,2,4,1.69,0.31
PUS01,32_1154_MAROON_38,0.21428571428571427,32.66666666666667,5.931840648477659,0.95,6.84,2,4,1.27,0.73
PUS01,32_1154_MAROON_37,0.125,16.0,5.931840648477659,0.95,9.09,2,3,0.74,1.26
BHS01,16_1042_TAN_37,0.16071428571428573,18.666666666666664,5.931840648477659,0.95,10.14,2,3,0.95,1.05
BHS01,16_1042_BLUE-NAVY_44,0.25,32.0,5.931840648477659,0.95,5.61,2,4,1.48,0.52
BHS01,16_1042_BLUE-NAVY_43,0.30357142857142855,36.235294117647065,5.931840648477659,0.95,4.09,2,5,1.8,0.2
BHS01,16_1042_BLUE-NAVY_41,0.42857142857142855,51.333333333333336,5.931840648477659,0.95,4.33,2,6,2.54,-0.54
BHS01,16_1042_BLUE-NAVY_37,0.21428571428571427,28.0,5.931840648477659,0.95,6.52,2,4,1.27,0.73
COS01,23_1091_BLUE-NAVY_42,0.26785714285714285,29.866666666666667,5.931840648477659,0.95,5.61,2,4,1.59,0.41
COS01,23_1091_BLUE-NAVY_41,0.21428571428571427,60.66666666666667,5.931840648477659,0.95,7.41,2,4,1.27,0.73
MUS01,32_1154_MAROON_39,0.30357142857142855,36.235294117647065,5.931840648477659,0.95,4.33,2,5,1.8,0.2
MUS01,32_1154_MAROON_38,0.16071428571428573,24.888888888888886,5.931840648477659,0.95,12.11,2,3,0.95,1.05
MUS01,32_1154_MAROON_37,0.17857142857142858,16.8,5.931840648477659,0.95,7.74,2,3,1.06,0.94
MUS01,30_1140_WHITE_43,0.3392857142857143,23.57894736842105,5.931840648477659,0.95,5.28,2,5,2.01,-0.01
MUS01,30_1140_WHITE_39,0.35714285714285715,33.6,5.931840648477659,0.95,4.41,2,5,2.12,-0.12
MUS01,30_1140_WHITE_37,0.21428571428571427,23.333333333333336,5.931840648477659,0.95,6.1,2,4,1.27,0.73
MUS01,29_1133_BROWN_43,0.375,42.666666666666664,5.931840648477659,0.95,5.15,2,5,2.22,-0.22
COS01,28_1126_BLUE-NAVY_37,0.30357142857142855,26.35294117647059,5.931840648477659,0.95,4.86,2,5,1.8,0.2
COS01,24_1098_WHITE_42,0.25,36.0,5.931840648477659,0.95,4.58,2,4,1.48,0.52
COS01,24_1098_WHITE_40,0.19642857142857142,20.363636363636363,5.931840648477659,0.95,9.39,2,3,1.17,0.83
COS01,18_1056_GREY_44,0.26785714285714285,22.400000000000002,5.931840648477659,0.95,6.98,2,4,1.59,0.41
MUS01,33_1161_ROSE-GOLD_38,0.30357142857142855,36.235294117647065,5.931840648477659,0.95,4.55,2,5,1.8,0.2
MUS01,33_1161_BLUE-NAVY_43,0.23214285714285715,30.153846153846153,5.931840648477659,0.95,5.44,2,4,1.38,0.62
COS01,24_1098_MAROON_38,0.19642857142857142,25.454545454545457,5.931840648477659,0.95,7.09,2,3,1.17,0.83
COS01,23_1091_BROWN_44,0.14285714285714285,35.0,5.931840648477659,0.95,13.72,2,3,0.85,1.15
COS01,23_1091_BROWN_43,0.19642857142857142,25.454545454545457,5.931840648477659,0.95,6.48,2,3,1.17,0.83
COS01,23_1091_BROWN_39,0.30357142857142855,36.235294117647065,5.931840648477659,0.95,4.4,2,5,1.8,0.2
COS01,23_1091_BROWN_38,0.125,32.0,5.931840648477659,0.95,8.18,2,3,0.74,1.26
COS01,23_1091_BLUE-NAVY_43,0.2857142857142857,24.5,5.931840648477659,0.95,6.75,2,4,1.69,0.31
BHS01,15_1035_GREY_39,0.19642857142857142,15.272727272727273,5.931840648477659,0.95,9.67,2,3,1.17,0.83
PUS01,31_1147_MAROON_37,0.25,28.0,5.931840648477659,0.95,4.91,2,4,1.48,0.52
PUS01,31_1147_ANTIC-GOLD_44,0.17857142857142858,28.0,5.931840648477659,0.95,6.07,2,3,1.06,0.94
PUS01,31_1147_ANTIC-GOLD_43,0.26785714285714285,33.6,5.931840648477659,0.95,5.46,2,4,1.59,0.41
PUS01,31_1147_ANTIC-GOLD_37,0.26785714285714285,18.666666666666668,5.931840648477659,0.95,6.31,2,4,1.59,0.41
PUS01,30_1140_WHITE_44,0.23214285714285715,21.538461538461537,5.931840648477659,0.95,6.11,2,4,1.38,0.62
PUS01,30_1140_WHITE_43,0.21428571428571427,28.0,5.931840648477659,0.95,5.88,2,4,1.27,0.73
BHS01,17_1049_MAROON_37,0.17857142857142858,22.4,5.931840648477659,0.95,6.77,2,3,1.06,0.94
BHS01,17_1049_BROWN_43,0.30357142857142855,19.764705882352942,5.931840648477659,0.95,6.03,2,5,1.8,0.2
BHS01,17_1049_BROWN_37,0.30357142857142855,26.35294117647059,5.931840648477659,0.95,5.53,2,5,1.8,0.2
BHS01,16_1042_TAN_43,0.17857142857142858,28.0,5.931840648477659,0.95,7.74,2,3,1.06,0.94
BHS01,18_1056_GREY_38,0.32142857142857145,31.111111111111107,5.931840648477659,0.95,5.22,2,5,1.91,0.09
BHS01,18_1056_GREY_37,0.30357142857142855,26.35294117647059,5.931840648477659,0.95,5.94,2,5,1.8,0.2
BHS01,18_1056_BLACK_43,0.26785714285714285,33.6,5.931840648477659,0.95,5.94,2,4,1.59,0.41
COS01,17_1049_BROWN_44,0.2857142857142857,21.0,5.931840648477659,0.95,5.96,2,4,1.69,0.31
COS01,17_1049_BROWN_43,0.16071428571428573,18.666666666666664,5.931840648477659,0.95,8.56,2,3,0.95,1.05
PUS01,10_1000_BROWN_43,0.3392857142857143,26.52631578947368,5.931840648477659,0.95,4.65,2,5,2.01,-0.01
PUS01,10_1000_BROWN_37,0.30357142857142855,23.058823529411768,5.931840648477659,0.95,5.32,2,5,1.8,0.2
COS01,18_1056_GREY_37,0.26785714285714285,33.6,5.931840648477659,0.95,4.87,2,4,1.59,0.41
COS01,18_1056_BLACK_44,0.26785714285714285,29.866666666666667,5.931840648477659,0.95,5.32,2,4,1.59,0.41
COS01,18_1056_BLACK_43,0.2857142857142857,42.0,5.931840648477659,0.95,5.24,2,4,1.69,0.31
COS01,18_1056_BLACK_37,0.21428571428571427,32.66666666666667,5.931840648477659,0.95,6.36,2,4,1.27,0.73
COS01,23_1091_BLUE-NAVY_37,0.25,24.0,5.931840648477659,0.95,5.53,2,4,1.48,0.52
COS01,20_1070_ANTIC-GOLD_44,0.07142857142857142,42.0,5.931840648477659,0.95,14.78,2,2,0.42,1.58
COS01,20_1070_ANTIC-GOLD_42,0.16071428571428573,24.888888888888886,5.931840648477659,0.95,8.56,2,3,0.95,1.05
COS01,20_1070_ANTIC-GOLD_39,0.30357142857142855,29.647058823529413,5.931840648477659,0.95,6.06,2,5,1.8,0.2
COS01,17_1049_BROWN_37,0.17857142857142858,22.4,5.931840648477659,0.95,7.0,2,3,1.06,0.94
COS01,17_1049_BLACK_44,0.16071428571428573,24.888888888888886,5.931840648477659,0.95,7.24,2,3,0.95,1.05
COS01,17_1049_BLACK_37,0.23214285714285715,21.538461538461537,5.931840648477659,0.95,5.79,2,4,1.38,0.62
COS01,16_1042_ANTIC-GOLD_43,0.32142857142857145,27.999999999999996,5.931840648477659,0.95,5.1,2,5,1.91,0.09
PUS01,11_1007_TAN_38,0.42857142857142855,37.333333333333336,5.931840648477659,0.95,3.34,2,6,2.54,-0.54
PUS01,11_1007_BLACK_43,0.5714285714285714,29.75,5.931840648477659,0.95,3.39,2,7,3.39,-1.39
PUS01,11_1007_BLACK_38,0.25,36.0,5.931840648477659,0.95,4.65,2,4,1.48,0.52
PUS01,11_1007_BLACK_37,0.2857142857142857,17.5,5.931840648477659,0.95,6.38,2,4,1.69,0.31
PUS01,10_1000_ROSE-GOLD_43,0.23214285714285715,30.153846153846153,5.931840648477659,0.95,5.23,2,4,1.38,0.62
COS01,18_1056_ANTIC-GOLD_37,0.19642857142857142,25.454545454545457,5.931840648477659,0.95,8.14,2,3,1.17,0.83
COS01,17_1049_MAROON_44,0.16071428571428573,18.666666666666664,5.931840648477659,0.95,8.25,2,3,0.95,1.05
COS01,17_1049_MAROON_43,0.30357142857142855,26.35294117647059,5.931840648477659,0.95,5.8,2,5,1.8,0.2
COS01,14_1028_ROSE-GOLD_37,0.30357142857142855,26.35294117647059,5.931840648477659,0.95,5.8,2,5,1.8,0.2
COS01,13_1021_WHITE_43,0.2857142857142857,31.5,5.931840648477659,0.95,5.07,2,4,1.69,0.31
PUS01,11_1007_TAN_43,0.19642857142857142,35.63636363636364,5.931840648477659,0.95,7.73,2,3,1.17,0.83
COS01,16_1042_ANTIC-GOLD_37,0.21428571428571427,32.66666666666667,5.931840648477659,0.95,5.37,2,4,1.27,0.73
COS01,15_1035_GREY_39,0.16071428571428573,31.111111111111107,5.931840648477659,0.95,6.53,2,3,0.95,1.05
COS01,14_1028_WHITE_44,0.26785714285714285,29.866666666666667,5.931840648477659,0.95,5.4,2,4,1.59,0.41
COS01,14_1028_WHITE_43,0.39285714285714285,28.0,5.931840648477659,0.95,4.61,2,5,2.33,-0.33
COS01,14_1028_WHITE_42,0.35714285714285715,28.0,5.931840648477659,0.95,4.99,2,5,2.12,-0.12
BHS01,18_1056_BLACK_37,0.16071428571428573,31.111111111111107,5.931840648477659,0.95,8.29,2,3,0.95,1.05
BHS01,17_1049_MAROON_44,0.21428571428571427,23.333333333333336,5.931840648477659,0.95,7.14,2,4,1.27,0.73
PUS01,30_1140_WHITE_38,0.25,16.0,5.931840648477659,0.95,7.29,2,4,1.48,0.52
PUS01,30_1140_WHITE_37,0.19642857142857142,25.454545454545457,5.931840648477659,0.95,6.03,2,3,1.17,0.83
BHS01,20_1070_ANTIC-GOLD_44,0.08928571428571429,22.4,5.931840648477659,0.95,11.49,2,2,0.53,1.47
BHS01,20_1070_ANTIC-GOLD_43,0.2857142857142857,21.0,5.931840648477659,0.95,6.58,2,4,1.69,0.31
BHS01,20_1070_ANTIC-GOLD_38,0.17857142857142858,33.6,5.931840648477659,0.95,7.61,2,3,1.06,0.94
BHS01,22_1084_NAVY_38,0.21428571428571427,42.0,5.931840648477659,0.95,4.69,2,4,1.27,0.73
BHS01,22_1084_NAVY_37,0.25,16.0,5.931840648477659,0.95,6.19,2,4,1.48,0.52
BHS01,21_1077_MAROON_44,0.16071428571428573,24.888888888888886,5.931840648477659,0.95,8.46,2,3,0.95,1.05
BHS01,21_1077_MAROON_43,0.32142857142857145,31.111111111111107,5.931840648477659,0.95,4.74,2,5,1.91,0.09
BHS01,21_1077_MAROON_38,0.3392857142857143,26.52631578947368,5.931840648477659,0.95,5.24,2,5,2.01,-0.01
BHS01,21_1077_MAROON_37,0.21428571428571427,18.666666666666668,5.931840648477659,0.95,7.58,2,4,1.27,0.73
BHS01,21_1077_BLUE-NAVY_44,0.14285714285714285,21.0,5.931840648477659,0.95,10.11,2,3,0.85,1.15
CHS01,33_1161_ROSE-GOLD_44,0.32142857142857145,21.777777777777775,5.931840648477659,0.95,5.74,2,5,1.91,0.09
PUS01,14_1028_NAVY_37,0.375,29.333333333333332,5.931840648477659,0.95,4.09,2,5,2.22,-0.22
COS01,11_1007_BLACK_43,0.19642857142857142,15.272727272727273,5.931840648477659,0.95,7.92,2,3,1.17,0.83
COS01,11_1007_BLACK_41,0.375,29.333333333333332,5.931840648477659,0.95,5.12,2,5,2.22,-0.22
COS01,11_1007_BLACK_37,0.17857142857142858,22.4,5.931840648477659,0.95,7.65,2,3,1.06,0.94
COS01,10_1000_WHITE_43,0.21428571428571427,32.66666666666667,5.931840648477659,0.95,6.25,2,4,1.27,0.73
COS01,10_1000_WHITE_42,0.3392857142857143,29.473684210526315,5.931840648477659,0.95,5.3,2,5,2.01,-0.01
COS01,13_1021_BROWN_43,0.2857142857142857,28.0,5.931840648477659,0.95,5.94,2,4,1.69,0.31
COS01,13_1021_BROWN_37,0.25,20.0,5.931840648477659,0.95,7.07,2,4,1.48,0.52
COS01,14_1028_WHITE_37,0.16071428571428573,24.888888888888886,5.931840648477659,0.95,7.85,2,3,0.95,1.05
COS01,14_1028_ROSE-GOLD_44,0.17857142857142858,28.0,5.931840648477659,0.95,7.34,2,3,1.06,0.94
COS01,14_1028_ROSE-GOLD_43,0.2857142857142857,24.5,5.931840648477659,0.95,6.36,2,4,1.69,0.31
CHS01,32_1154_MAROON_43,0.21428571428571427,23.333333333333336,5.931840648477659,0.95,6.55,2,4,1.27,0.73
CHS01,32_1154_MAROON_41,0.30357142857142855,29.647058823529413,5.931840648477659,0.95,5.61,2,5,1.8,0.2
CHS01,32_1154_MAROON_39,0.23214285714285715,30.153846153846153,5.931840648477659,0.95,5.85,2,4,1.38,0.62
CHS01,30_1140_WHITE_44,0.17857142857142858,16.8,5.931840648477659,0.95,8.2,2,3,1.06,0.94
PUS01,14_1028_NAVY_44,0.44642857142857145,31.36,5.931840648477659,0.95,3.63,2,6,2.65,-0.65
PUS01,14_1028_NAVY_43,0.39285714285714285,33.09090909090909,5.931840648477659,0.95,3.81,2,5,2.33,-0.33
COS01,10_1000_WHITE_38,0.4107142857142857,36.52173913043478,5.931840648477659,0.95,4.53,2,6,2.44,-0.44
COS01,10_1000_ROSE-GOLD_42,0.3392857142857143,35.368421052631575,5.931840648477659,0.95,4.67,2,5,2.01,-0.01
COS01,10_1000_ROSE-GOLD_38,0.35714285714285715,19.599999999999998,5.931840648477659,0.95,5.57,2,5,2.12,-0.12
BHS01,23_1091_BROWN_38,0.23214285714285715,21.538461538461537,5.931840648477659,0.95,8.49,2,4,1.38,0.62
BHS01,23_1091_BROWN_37,0.26785714285714285,18.666666666666668,5.931840648477659,0.95,6.79,2,4,1.59,0.41
BHS01,23_1091_BLACK_44,0.23214285714285715,25.846153846153847,5.931840648477659,0.95,6.99,2,4,1.38,0.62
BHS01,23_1091_BLACK_38,0.23214285714285715,30.153846153846153,5.931840648477659,0.95,6.71,2,4,1.38,0.62
BHS01,23_1091_BLACK_37,0.23214285714285715,34.46153846153846,5.931840648477659,0.95,4.99,2,4,1.38,0.62
BHS01,22_1084_NAVY_44,0.23214285714285715,25.846153846153847,5.931840648477659,0.95,6.42,2,4,1.38,0.62
BHS01,22_1084_NAVY_43,0.23214285714285715,25.846153846153847,5.931840648477659,0.95,6.9,2,4,1.38,0.62
PUS01,25_1105_MAROON_43,0.30357142857142855,26.35294117647059,5.931840648477659,0.95,4.98,2,5,1.8,0.2
BHS01,25_1105_BROWN_38,0.26785714285714285,26.133333333333333,5.931840648477659,0.95,6.75,2,4,1.59,0.41
BHS01,25_1105_BLACK_44,0.30357142857142855,19.764705882352942,5.931840648477659,0.95,5.89,2,5,1.8,0.2
BHS01,25_1105_BLACK_43,0.25,24.0,5.931840648477659,0.95,5.09,2,4,1.48,0.52
BHS01,25_1105_BLACK_37,0.14285714285714285,21.0,5.931840648477659,0.95,9.25,2,3,0.85,1.15
CHS01,26_1112_WHITE_37,0.2857142857142857,35.0,5.931840648477659,0.95,4.51,2,4,1.69,0.31
CHS01,25_1105_BROWN_44,0.2857142857142857,21.0,5.931840648477659,0.95,5.68,2,4,1.69,0.31
CHS01,25_1105_BROWN_43,0.32142857142857145,27.999999999999996,5.931840648477659,0.95,5.19,2,5,1.91,0.09
PUS01,16_1042_TAN_44,0.30357142857142855,23.058823529411768,5.931840648477659,0.95,5.13,2,5,1.8,0.2
PUS01,16_1042_TAN_43,0.48214285714285715,31.11111111111111,5.931840648477659,0.95,3.61,2,6,2.86,-0.86
PUS01,16_1042_TAN_42,0.42857142857142855,25.666666666666668,5.931840648477659,0.95,4.57,2,6,2.54,-0.54
PUS01,15_1035_GREY_43,0.14285714285714285,21.0,5.931840648477659,0.95,7.22,2,3,0.85,1.15
CHS01,28_1126_ROSE-GOLD_37,0.30357142857142855,23.058823529411768,5.931840648477659,0.95,5.93,2,5,1.8,0.2
CHS01,28_1126_BLUE-NAVY_44,0.32142857142857145,24.888888888888886,5.931840648477659,0.95,5.25,2,5,1.91,0.09
CHS01,27_1119_WHITE_44,0.23214285714285715,34.46153846153846,5.931840648477659,0.95,4.89,2,4,1.38,0.62
CHS01,30_1140_WHITE_37,0.25,24.0,5.931840648477659,0.95,5.87,2,4,1.48,0.52
CHS01,28_1126_TAN_44,0.26785714285714285,26.133333333333333,5.931840648477659,0.95,5.62,2,4,1.59,0.41
CHS01,28_1126_ROSE-GOLD_43,0.4107142857142857,31.65217391304348,5.931840648477659,0.95,4.27,2,6,2.44,-0.44
CHS01,33_1161_ROSE-GOLD_37,0.19642857142857142,25.454545454545457,5.931840648477659,0.95,6.55,2,3,1.17,0.83
CHS01,21_1077_BLUE-NAVY_43,0.17857142857142858,39.199999999999996,5.931840648477659,0.95,5.77,2,3,1.06,0.94
PUS01,17_1049_BROWN_44,0.16071428571428573,12.444444444444443,5.931840648477659,0.95,8.82,2,3,0.95,1.05
PUS01,17_1049_BROWN_37,0.32142857142857145,15.555555555555554,5.931840648477659,0.95,5.94,2,5,1.91,0.09
PUS01,17_1049_BLACK_44,0.32142857142857145,27.999999999999996,5.931840648477659,0.95,4.31,2,5,1.91,0.09
CHS01,23_1091_BROWN_37,0.16071428571428573,31.111111111111107,5.931840648477659,0.95,6.27,2,3,0.95,1.05
CHS01,23_1091_BLACK_44,0.17857142857142858,22.4,5.931840648477659,0.95,7.21,2,3,1.06,0.94
CHS01,23_1091_BLACK_43,0.30357142857142855,19.764705882352942,5.931840648477659,0.95,6.37,2,5,1.8,0.2
CHS01,23_1091_BLACK_37,0.17857142857142858,28.0,5.931840648477659,0.95,6.3,2,3,1.06,0.94
CHS01,22_1084_NAVY_43,0.375,29.333333333333332,5.931840648477659,0.95,4.27,2,5,2.22,-0.22
CHS01,24_1098_MAROON_44,0.2857142857142857,17.5,5.931840648477659,0.95,6.66,2,4,1.69,0.31
CHS01,24_1098_MAROON_43,0.32142857142857145,34.22222222222222,5.931840648477659,0.95,4.4,2,5,1.91,0.09
CHS01,24_1098_MAROON_38,0.21428571428571427,23.333333333333336,5.931840648477659,0.95,6.69,2,4,1.27,0.73
CHS01,24_1098_MAROON_37,0.16071428571428573,24.888888888888886,5.931840648477659,0.95,7.05,2,3,0.95,1.05
CHS01,23_1091_BROWN_43,0.19642857142857142,25.454545454545457,5.931840648477659,0.95,6.92,2,3,1.17,0.83
CHS01,13_1021_WHITE_37,0.4107142857142857,24.347826086956523,5.931840648477659,0.95,4.49,2,6,2.44,-0.44
PUS01,20_1070_ANTIC-GOLD_38,0.4107142857142857,26.782608695652176,5.931840648477659,0.95,4.75,2,6,2.44,-0.44
CHS01,16_1042_ANTIC-GOLD_37,0.32142857142857145,21.777777777777775,5.931840648477659,0.95,5.32,2,5,1.91,0.09
CHS01,14_1028_ROSE-GOLD_44,0.26785714285714285,26.133333333333333,5.931840648477659,0.95,5.91,2,4,1.59,0.41
CHS01,14_1028_ROSE-GOLD_37,0.23214285714285715,21.538461538461537,5.931840648477659,0.95,6.89,2,4,1.38,0.62
CHS01,16_1042_TAN_43,0.3392857142857143,29.473684210526315,5.931840648477659,0.95,4.67,2,5,2.01,-0.01
CHS01,16_1042_ANTIC-GOLD_43,0.4642857142857143,30.153846153846153,5.931840648477659,0.95,3.8,2,6,2.75,-0.75
CHS01,16_1042_ANTIC-GOLD_42,0.625,43.2,5.931840648477659,0.95,3.0,2,7,3.71,-1.71
CHS01,19_1063_MAROON_37,0.21428571428571427,14.0,5.931840648477659,0.95,8.68,2,4,1.27,0.73
CHS01,18_1056_GREY_44,0.26785714285714285,22.400000000000002,5.931840648477659,0.95,6.52,2,4,1.59,0.41
CHS01,18_1056_GREY_37,0.30357142857142855,26.35294117647059,5.931840648477659,0.95,5.73,2,5,1.8,0.2
CHS01,22_1084_NAVY_37,0.30357142857142855,23.058823529411768,5.931840648477659,0.95,5.34,2,5,1.8,0.2
BHS01,33_1161_BLUE-NAVY_39,0.26785714285714285,33.6,5.931840648477659,0.95,6.94,2,4,1.59,0.41
PUS01,22_1084_NAVY_37,0.39285714285714285,20.363636363636363,5.931840648477659,0.95,4.9,2,5,2.33,-0.33
PUS01,21_1077_BLUE-NAVY_44,0.32142857142857145,18.666666666666664,5.931840648477659,0.95,6.18,2,5,1.91,0.09
PUS01,21_1077_BLUE-NAVY_43,0.25,20.0,5.931840648477659,0.95,6.98,2,4,1.48,0.52
PUS01,21_1077_BLUE-NAVY_38,0.42857142857142855,35.0,5.931840648477659,0.95,4.07,2,6,2.54,-0.54
PUS01,20_1070_ANTIC-GOLD_43,0.26785714285714285,22.400000000000002,5.931840648477659,0.95,6.09,2,4,1.59,0.41
CHS01,11_1007_TAN_37,0.3392857142857143,20.63157894736842,5.931840648477659,0.95,5.36,2,5,2.01,-0.01
CHS01,10_1000_WHITE_44,0.14285714285714285,28.0,5.931840648477659,0.95,7.09,2,3,0.85,1.15
CHS01,10_1000_WHITE_40,0.26785714285714285,56.0,5.931840648477659,0.95,4.62,2,4,1.59,0.41
CHS01,10_1000_BROWN_43,0.19642857142857142,30.545454545454547,5.931840648477659,0.95,5.82,2,3,1.17,0.83
CHS01,12_1014_ANTIC-GOLD_37,0.32142857142857145,27.999999999999996,5.931840648477659,0.95,4.85,2,5,1.91,0.09
CHS01,11_1007_TAN_44,0.19642857142857142,25.454545454545457,5.931840648477659,0.95,6.09,2,3,1.17,0.83
CHS01,14_1028_NAVY_37,0.32142857142857145,24.888888888888886,5.931840648477659,0.95,5.16,2,5,1.91,0.09
CHS01,13_1021_WHITE_43,0.375,29.333333333333332,5.931840648477659,0.95,4.34,2,5,2.22,-0.22
BHS01,23_1091_BROWN_44,0.14285714285714285,21.0,5.931840648477659,0.95,9.7,2,3,0.85,1.15
BHS01,23_1091_BROWN_43,0.26785714285714285,37.333333333333336,5.931840648477659,0.95,4.81,2,4,1.59,0.41
PUS01,25_1105_BROWN_44,0.19642857142857142,25.454545454545457,5.931840648477659,0.95,5.73,2,3,1.17,0.83
PUS01,25_1105_BROWN_37,0.25,16.0,5.931840648477659,0.95,6.6,2,4,1.48,0.52
PUS01,25_1105_BLACK_44,0.17857142857142858,22.4,5.931840648477659,0.95,6.47,2,3,1.06,0.94
BHS01,27_1119_WHITE_37,0.23214285714285715,38.76923076923077,5.931840648477659,0.95,4.98,2,4,1.38,0.62
BHS01,27_1119_ANTIC-GOLD_37,0.2857142857142857,28.0,5.931840648477659,0.95,6.1,2,4,1.69,0.31
BHS01,25_1105_BROWN_44,0.19642857142857142,20.363636363636363,5.931840648477659,0.95,8.07,2,3,1.17,0.83
BHS01,25_1105_BROWN_43,0.375,32.0,5.931840648477659,0.95,4.51,2,5,2.22,-0.22
BHS01,28_1126_ROSE-GOLD_37,0.30357142857142855,26.35294117647059,5.931840648477659,0.95,5.57,2,5,1.8,0.2
BHS01,28_1126_BLUE-NAVY_44,0.14285714285714285,35.0,5.931840648477659,0.95,7.47,2,3,0.85,1.15
BHS01,28_1126_BLUE-NAVY_38,0.26785714285714285,37.333333333333336,5.931840648477659,0.95,5.93,2,4,1.59,0.41
BHS01,28_1126_BLUE-NAVY_37,0.25,24.0,5.931840648477659,0.95,6.15,2,4,1.48,0.52
BHS01,31_1147_WHITE_44,0.19642857142857142,25.454545454545457,5.931840648477659,0.95,6.17,2,3,1.17,0.83
BHS01,31_1147_WHITE_43,0.26785714285714285,33.6,5.931840648477659,0.95,5.6,2,4,1.59,0.41
BHS01,31_1147_WHITE_42,0.26785714285714285,26.133333333333333,5.931840648477659,0.95,4.9,2,4,1.59,0.41
PUS01,23_1091_BROWN_38,0.5178571428571429,30.89655172413793,5.931840648477659,0.95,3.77,2,6,3.07,-1.07
PUS01,23_1091_BROWN_37,0.25,40.0,5.931840648477659,0.95,6.49,2,4,1.48,0.52
PUS01,23_1091_BLUE-NAVY_44,0.17857142857142858,28.0,5.931840648477659,0.95,6.0,2,3,1.06,0.94
PUS01,23_1091_BLUE-NAVY_41,0.5,38.0,5.931840648477659,0.95,3.72,2,6,2.97,-0.97
PUS01,23_1091_BLUE-NAVY_37,0.26785714285714285,22.400000000000002,5.931840648477659,0.95,5.78,2,4,1.59,0.41
PUS01,22_1084_NAVY_44,0.19642857142857142,20.363636363636363,5.931840648477659,0.95,6.38,2,3,1.17,0.83
PUS01,22_1084_NAVY_43,0.5,26.0,5.931840648477659,0.95,3.86,2,6,2.97,-0.97
CHS01,10_1000_BROWN_37,0.2857142857142857,31.5,5.931840648477659,0.95,4.72,2,4,1.69,0.31
BHS01,33_1161_ROSE-GOLD_44,0.125,16.0,5.931840648477659,0.95,11.74,2,3,0.74,1.26
BHS01,33_1161_ROSE-GOLD_43,0.21428571428571427,32.66666666666667,5.931840648477659,0.95,5.93,2,4,1.27,0.73
BHS01,33_1161_ROSE-GOLD_37,0.21428571428571427,37.333333333333336,5.931840648477659,0.95,5.93,2,4,1.27,0.73
BHS01,33_1161_BLUE-NAVY_44,0.10714285714285714,28.0,5.931840648477659,0.95,9.55,2,2,0.64,1.36
BHS01,29_1133_BROWN_44,0.16071428571428573,31.111111111111107,5.931840648477659,0.95,8.07,2,3,0.95,1.05
BHS01,29_1133_BROWN_43,0.4107142857142857,29.217391304347828,5.931840648477659,0.95,4.33,2,6,2.44,-0.44
BHS01,29_1133_BROWN_38,0.35714285714285715,28.0,5.931840648477659,0.95,5.43,2,5,2.12,-0.12
BHS01,28_1126_ROSE-GOLD_44,0.21428571428571427,37.333333333333336,5.931840648477659,0.95,5.96,2,4,1.27,0.73
BHS01,28_1126_ROSE-GOLD_43,0.30357142857142855,23.058823529411768,5.931840648477659,0.95,5.78,2,5,1.8,0.2
PUS01,25_1105_BLACK_37,0.5,32.0,5.931840648477659,0.95,3.2,2,6,2.97,-0.97
PUS01,24_1098_WHITE_42,0.30357142857142855,26.35294117647059,5.931840648477659,0.95,5.27,2,5,1.8,0.2
PUS01,24_1098_WHITE_37,0.26785714285714285,18.666666666666668,5.931840648477659,0.95,6.32,2,4,1.59,0.41
PUS01,23_1091_BROWN_44,0.14285714285714285,28.0,5.931840648477659,0.95,10.46,2,3,0.85,1.15
PUS01,23_1091_BROWN_43,0.44642857142857145,35.839999999999996,5.931840648477659,0.95,3.56,2,6,2.65,-0.65
BHS01,32_1154_MAROON_42,0.25,32.0,5.931840648477659,0.95,6.87,2,4,1.48,0.52
BHS01,32_1154_MAROON_39,0.25,28.0,5.931840648477659,0.95,6.03,2,4,1.48,0.52
AHS01,10_1000_WHITE_37,0.17857142857142858,22.4,5.931840648477659,0.95,6.83,2,3,1.06,0.94
SUS01,31_1147_WHITE_43,0.21428571428571427,23.333333333333336,5.931840648477659,0.95,7.59,2,4,1.27,0.73
SUS01,31_1147_WHITE_42,0.2857142857142857,24.5,5.931840648477659,0.95,4.95,2,4,1.69,0.31
SUS01,31_1147_WHITE_39,0.42857142857142855,25.666666666666668,5.931840648477659,0.95,4.28,2,6,2.54,-0.54
SUS01,31_1147_WHITE_38,0.17857142857142858,22.4,5.931840648477659,0.95,6.66,2,3,1.06,0.94
SUS01,31_1147_ANTIC-GOLD_44,0.19642857142857142,25.454545454545457,5.931840648477659,0.95,5.65,2,3,1.17,0.83
AHS01,14_1028_NAVY_44,0.26785714285714285,22.400000000000002,5.931840648477659,0.95,5.75,2,4,1.59,0.41
AHS01,14_1028_NAVY_37,0.25,20.0,5.931840648477659,0.95,6.28,2,4,1.48,0.52
AHS01,13_1021_BROWN_44,0.25,24.0,5.931840648477659,0.95,7.29,2,4,1.48,0.52
AHS01,15_1035_GREY_37,0.14285714285714285,14.0,5.931840648477659,0.95,8.5,2,3,0.85,1.15
AHS01,14_1028_WHITE_44,0.26785714285714285,29.866666666666667,5.931840648477659,0.95,5.58,2,4,1.59,0.41
KOS01,23_1091_BROWN_44,0.14285714285714285,14.0,5.931840648477659,0.95,9.22,2,3,0.85,1.15
KOS01,27_1119_WHITE_44,0.30357142857142855,29.647058823529413,5.931840648477659,0.95,5.07,2,5,1.8,0.2
KOS01,27_1119_ANTIC-GOLD_44,0.26785714285714285,22.400000000000002,5.931840648477659,0.95,6.3,2,4,1.59,0.41
KOS01,27_1119_ANTIC-GOLD_37,0.21428571428571427,18.666666666666668,5.931840648477659,0.95,7.92,2,4,1.27,0.73
KOS01,25_1105_MAROON_44,0.30357142857142855,23.058823529411768,5.931840648477659,0.95,4.93,2,5,1.8,0.2
KOS01,25_1105_MAROON_39,0.7857142857142857,34.36363636363637,5.931840648477659,0.95,2.5,2,9,4.66,-2.66
KOS01,25_1105_MAROON_37,0.125,24.0,5.931840648477659,0.95,8.37,2,3,0.74,1.26
KOS01,25_1105_BROWN_44,0.16071428571428573,31.111111111111107,5.931840648477659,0.95,6.31,2,3,0.95,1.05
KOS01,25_1105_BROWN_43,0.23214285714285715,17.23076923076923,5.931840648477659,0.95,8.53,2,4,1.38,0.62
SUS01,33_1161_ROSE-GOLD_38,0.2857142857142857,24.5,5.931840648477659,0.95,5.53,2,4,1.69,0.31
SUS01,33_1161_ROSE-GOLD_37,0.23214285714285715,21.538461538461537,5.931840648477659,0.95,6.82,2,4,1.38,0.62
SUS01,33_1161_BLUE-NAVY_44,0.16071428571428573,31.111111111111107,5.931840648477659,0.95,6.62,2,3,0.95,1.05
SUS01,33_1161_BLUE-NAVY_38,0.42857142857142855,30.333333333333336,5.931840648477659,0.95,4.06,2,6,2.54,-0.54
AHS01,10_1000_WHITE_44,0.08928571428571429,44.8,5.931840648477659,0.95,6.44,1,2,0.53,0.47
SUS01,33_1161_BLUE-NAVY_37,0.10714285714285714,28.0,5.931840648477659,0.95,7.14,1,2,0.64,0.36
SUS01,33_1161_BLUE-NAVY_43,0.07142857142857142,56.0,5.931840648477659,0.95,6.32,1,2,0.42,0.58
KOS01,24_1098_MAROON_37,0.08928571428571429,33.6,5.931840648477659,0.95,8.4,1,2,0.53,0.47
SUS01,31_1147_WHITE_37,0.125,40.0,5.931840648477659,0.95,5.12,1,3,0.74,0.26
KOS01,15_1035_GREY_44,0.07142857142857142,28.0,5.931840648477659,0.95,13.97,1,2,0.42,0.58
KOS01,15_1035_GREY_43,0.08928571428571429,22.4,5.931840648477659,0.95,9.49,1,2,0.53,0.47
KOS01,14_1028_WHITE_44,0.14285714285714285,28.0,5.931840648477659,0.95,6.51,1,3,0.85,0.15
MAS01,11_1007_BLACK_37,0.08928571428571429,33.6,5.931840648477659,0.95,7.1,1,2,0.53,0.47
MAS01,10_1000_ROSE-GOLD_44,0.07142857142857142,28.0,5.931840648477659,0.95,8.07,1,2,0.42,0.58
MAS01,10_1000_ROSE-GOLD_43,0.14285714285714285,42.0,5.931840648477659,0.95,4.85,1,3,0.85,0.15
MAS01,10_1000_ROSE-GOLD_42,0.14285714285714285,42.0,5.931840648477659,0.95,5.11,1,3,0.85,0.15
MAS01,10_1000_ROSE-GOLD_38,0.14285714285714285,35.0,5.931840648477659,0.95,5.58,1,3,0.85,0.15
MAS01,10_1000_ROSE-GOLD_37,0.08928571428571429,22.4,5.931840648477659,0.95,8.09,1,2,0.53,0.47
SUS01,26_1112_WHITE_44,0.125,24.0,5.931840648477659,0.95,7.41,1,3,0.74,0.26
SUS01,25_1105_MAROON_44,0.08928571428571429,33.6,5.931840648477659,0.95,6.73,1,2,0.53,0.47
AHS01,16_1042_TAN_44,0.16071428571428573,37.33333333333333,5.931840648477659,0.95,5.26,1,3,0.95,0.05
AHS01,22_1084_NAVY_37,0.14285714285714285,42.0,5.931840648477659,0.95,6.9,1,3,0.85,0.15
KOS01,13_1021_WHITE_43,0.125,48.0,5.931840648477659,0.95,6.21,1,3,0.74,0.26
KOS01,13_1021_BROWN_43,0.07142857142857142,84.0,5.931840648477659,0.95,7.24,1,2,0.42,0.58
MAS01,11_1007_BLACK_44,0.10714285714285714,46.66666666666667,5.931840648477659,0.95,9.22,1,2,0.64,0.36
CHS01,32_1154_MAROON_44,0.05357142857142857,37.333333333333336,5.931840648477659,0.95,9.09,1,2,0.32,0.68
CHS01,32_1154_MAROON_42,0.16071428571428573,55.99999999999999,5.931840648477659,0.95,5.1,1,3,0.95,0.05
CHS01,32_1154_MAROON_37,0.08928571428571429,22.4,5.931840648477659,0.95,9.33,1,2,0.53,0.47
PUS01,15_1035_GREY_37,0.03571428571428571,56.0,5.931840648477659,0.95,8.02,1,1,0.21,0.79
COS01,10_1000_ROSE-GOLD_44,0.125,32.0,5.931840648477659,0.95,6.29,1,3,0.74,0.26
COS01,10_1000_ROSE-GOLD_43,0.14285714285714285,35.0,5.931840648477659,0.95,5.88,1,3,0.85,0.15
COS01,10_1000_ROSE-GOLD_37,0.125,32.0,5.931840648477659,0.95,6.33,1,3,0.74,0.26
BHS01,23_1091_BLACK_43,0.17857142857142858,44.8,5.931840648477659,0.95,4.34,1,3,1.06,-0.06
PUS01,27_1119_WHITE_44,0.17857142857142858,33.6,5.931840648477659,0.95,5.39,1,3,1.06,-0.06
PUS01,25_1105_MAROON_44,0.125,40.0,5.931840648477659,0.95,5.64,1,3,0.74,0.26
BHS01,25_1105_BROWN_37,0.08928571428571429,56.0,5.931840648477659,0.95,5.66,1,2,0.53,0.47
PUS01,15_1035_GREY_44,0.03571428571428571,56.0,5.931840648477659,0.95,7.9,1,1,0.21,0.79
PUS01,15_1035_GREY_42,0.10714285714285714,28.0,5.931840648477659,0.95,7.39,1,2,0.64,0.36
CHS01,21_1077_BLUE-NAVY_37,0.14285714285714285,56.0,5.931840648477659,0.95,4.89,1,3,0.85,0.15
CHS01,22_1084_NAVY_44,0.14285714285714285,35.0,5.931840648477659,0.95,5.72,1,3,0.85,0.15
PUS01,20_1070_ANTIC-GOLD_37,0.10714285714285714,28.0,5.931840648477659,0.95,7.67,1,2,0.64,0.36
PUS01,10_1000_ROSE-GOLD_44,0.125,40.0,5.931840648477659,0.95,5.72,1,3,0.74,0.26
COS01,17_1049_MAROON_37,0.14285714285714285,35.0,5.931840648477659,0.95,6.14,1,3,0.85,0.15
COS01,13_1021_WHITE_44,0.07142857142857142,56.0,5.931840648477659,0.95,5.84,1,2,0.42,0.58
PUS01,11_1007_TAN_44,0.16071428571428573,31.111111111111107,5.931840648477659,0.95,5.68,1,3,0.95,0.05
COS01,15_1035_GREY_44,0.017857142857142856,112.0,5.931840648477659,0.95,8.75,1,1,0.11,0.89
COS01,15_1035_GREY_43,0.05357142857142857,37.333333333333336,5.931840648477659,0.95,8.23,1,2,0.32,0.68
COS01,15_1035_GREY_42,0.07142857142857142,28.0,5.931840648477659,0.95,9.81,1,2,0.42,0.58
COS01,15_1035_GREY_40,0.10714285714285714,46.66666666666667,5.931840648477659,0.95,6.63,1,2,0.64,0.36
COS01,15_1035_GREY_38,0.07142857142857142,28.0,5.931840648477659,0.95,8.34,1,2,0.42,0.58
COS01,15_1035_GREY_37,0.08928571428571429,22.4,5.931840648477659,0.95,9.21,1,2,0.53,0.47
BHS01,21_1077_BLUE-NAVY_37,0.10714285714285714,37.333333333333336,5.931840648477659,0.95,7.35,1,2,0.64,0.36
BHS01,20_1070_ANTIC-GOLD_37,0.08928571428571429,11.2,5.931840648477659,0.95,11.1,1,2,0.53,0.47
PUS01,13_1021_BROWN_44,0.17857142857142858,39.199999999999996,5.931840648477659,0.95,5.49,1,3,1.06,-0.06
COS01,10_1000_WHITE_44,0.05357142857142857,56.0,5.931840648477659,0.95,8.35,1,2,0.32,0.68
COS01,13_1021_WHITE_37,0.16071428571428573,37.33333333333333,5.931840648477659,0.95,5.8,1,3,0.95,0.05
COS01,13_1021_BROWN_44,0.08928571428571429,33.6,5.931840648477659,0.95,8.11,1,2,0.53,0.47
COS01,24_1098_WHITE_43,0.125,48.0,5.931840648477659,0.95,6.02,1,3,0.74,0.26
COS01,20_1070_ANTIC-GOLD_38,0.07142857142857142,42.0,5.931840648477659,0.95,8.18,1,2,0.42,0.58
COS01,20_1070_ANTIC-GOLD_37,0.08928571428571429,22.4,5.931840648477659,0.95,10.28,1,2,0.53,0.47
MUS01,33_1161_BLUE-NAVY_37,0.125,32.0,5.931840648477659,0.95,6.72,1,3,0.74,0.26
MUS01,32_1154_MAROON_44,0.05357142857142857,37.333333333333336,5.931840648477659,0.95,8.67,1,2,0.32,0.68
COS01,24_1098_MAROON_37,0.125,24.0,5.931840648477659,0.95,7.43,1,3,0.74,0.26
COS01,23_1091_BROWN_37,0.07142857142857142,28.0,5.931840648477659,0.95,10.13,1,2,0.42,0.58
COS01,23_1091_BLUE-NAVY_44,0.125,24.0,5.931840648477659,0.95,7.43,1,3,0.74,0.26
BHS01,17_1049_BROWN_44,0.19642857142857142,35.63636363636364,5.931840648477659,0.95,4.91,1,3,1.17,-0.17
BHS01,16_1042_TAN_44,0.10714285714285714,46.66666666666667,5.931840648477659,0.95,6.98,1,2,0.64,0.36
PUS01,10_1000_ROSE-GOLD_37,0.17857142857142858,33.6,5.931840648477659,0.95,5.34,1,3,1.06,-0.06
PUS01,10_1000_BROWN_44,0.08928571428571429,44.8,5.931840648477659,0.95,6.31,1,2,0.53,0.47
MUS01,33_1161_ROSE-GOLD_44,0.16071428571428573,37.33333333333333,5.931840648477659,0.95,5.48,1,3,0.95,0.05
COS01,20_1070_ANTIC-GOLD_43,0.08928571428571429,33.6,5.931840648477659,0.95,9.01,1,2,0.53,0.47
PUS01,11_1007_TAN_37,0.10714285714285714,28.0,5.931840648477659,0.95,7.25,1,2,0.64,0.36
PUS01,11_1007_BLACK_44,0.14285714285714285,49.0,5.931840648477659,0.95,4.76,1,3,0.85,0.15
HYS01,11_1007_TAN_44,0.14285714285714285,35.0,5.931840648477659,0.95,5.9,1,3,0.85,0.15
MUS01,25_1105_BROWN_44,0.08928571428571429,44.8,5.931840648477659,0.95,6.1,1,2,0.53,0.47
COS01,33_1161_BLUE-NAVY_44,0.17857142857142858,44.8,5.931840648477659,0.95,5.18,1,3,1.06,-0.06
COS01,24_1098_WHITE_38,0.16071428571428573,37.33333333333333,5.931840648477659,0.95,5.42,1,3,0.95,0.05
COS01,24_1098_MAROON_44,0.125,32.0,5.931840648477659,0.95,7.38,1,3,0.74,0.26
COS01,28_1126_ROSE-GOLD_44,0.10714285714285714,28.0,5.931840648477659,0.95,7.61,1,2,0.64,0.36
COS01,31_1147_ANTIC-GOLD_37,0.10714285714285714,28.0,5.931840648477659,0.95,8.51,1,2,0.64,0.36
PUS01,32_1154_MAROON_44,0.05357142857142857,56.0,5.931840648477659,0.95,12.85,1,2,0.32,0.68
BHS01,15_1035_GREY_44,0.07142857142857142,28.0,5.931840648477659,0.95,9.97,1,2,0.42,0.58
BHS01,15_1035_GREY_43,0.07142857142857142,28.0,5.931840648477659,0.95,10.35,1,2,0.42,0.58
BHS01,15_1035_GREY_42,0.07142857142857142,28.0,5.931840648477659,0.95,10.81,1,2,0.42,0.58
BHS01,15_1035_GREY_41,0.08928571428571429,33.6,5.931840648477659,0.95,10.36,1,2,0.53,0.47
BHS01,15_1035_GREY_40,0.07142857142857142,42.0,5.931840648477659,0.95,8.15,1,2,0.42,0.58
MUS01,30_1140_WHITE_44,0.05357142857142857,74.66666666666667,5.931840648477659,0.95,6.23,1,2,0.32,0.68
MUS01,30_1140_WHITE_38,0.16071428571428573,43.55555555555555,5.931840648477659,0.95,4.99,1,3,0.95,0.05
COS01,24_1098_WHITE_44,0.08928571428571429,22.4,5.931840648477659,0.95,10.18,1,2,0.53,0.47
HYS01,24_1098_MAROON_37,0.125,32.0,5.931840648477659,0.95,6.9,1,3,0.74,0.26
HYS01,20_1070_ANTIC-GOLD_37,0.14285714285714285,42.0,5.931840648477659,0.95,5.6,1,3,0.85,0.15
MUS01,21_1077_MAROON_37,0.14285714285714285,28.0,5.931840648477659,0.95,6.73,1,3,0.85,0.15
HYS01,15_1035_GREY_37,0.10714285714285714,28.0,5.931840648477659,0.95,7.18,1,2,0.64,0.36
MUS01,22_1084_NAVY_44,0.17857142857142858,28.0,5.931840648477659,0.95,5.56,1,3,1.06,-0.06
HYS01,17_1049_BLACK_44,0.16071428571428573,31.111111111111107,5.931840648477659,0.95,5.96,1,3,0.95,0.05
SUS01,11_1007_BLACK_37,0.10714285714285714,46.66666666666667,5.931840648477659,0.95,5.3,1,2,0.64,0.36
SUS01,10_1000_WHITE_44,0.08928571428571429,11.2,5.931840648477659,0.95,11.15,1,2,0.53,0.47
BHS01,15_1035_GREY_38,0.05357142857142857,37.333333333333336,5.931840648477659,0.95,7.86,1,2,0.32,0.68
HYS01,11_1007_BLACK_44,0.125,40.0,5.931840648477659,0.95,6.07,1,3,0.74,0.26
MUS01,24_1098_MAROON_44,0.10714285714285714,28.0,5.931840648477659,0.95,7.57,1,2,0.64,0.36
MUS01,24_1098_MAROON_43,0.10714285714285714,46.66666666666667,5.931840648477659,0.95,6.06,1,2,0.64,0.36
MUS01,23_1091_BLUE-NAVY_44,0.16071428571428573,37.33333333333333,5.931840648477659,0.95,5.33,1,3,0.95,0.05
HYS01,15_1035_GREY_44,0.10714285714285714,18.666666666666668,5.931840648477659,0.95,8.66,1,2,0.64,0.36
MUS01,24_1098_WHITE_44,0.14285714285714285,35.0,5.931840648477659,0.95,5.87,1,3,0.85,0.15
HYS01,10_1000_BROWN_44,0.07142857142857142,42.0,5.931840648477659,0.95,7.64,1,2,0.42,0.58
MUS01,13_1021_BROWN_37,0.16071428571428573,31.111111111111107,5.931840648477659,0.95,5.98,1,3,0.95,0.05
MUS01,10_1000_WHITE_44,0.08928571428571429,56.0,5.931840648477659,0.95,5.77,1,2,0.53,0.47
INS01,14_1028_WHITE_37,0.10714285714285714,37.333333333333336,5.931840648477659,0.95,6.24,1,2,0.64,0.36
INS01,14_1028_NAVY_44,0.07142857142857142,56.0,5.931840648477659,0.95,5.96,1,2,0.42,0.58
INS01,15_1035_GREY_44,0.07142857142857142,14.0,5.931840648477659,0.95,9.78,1,2,0.42,0.58
INS01,15_1035_GREY_43,0.08928571428571429,22.4,5.931840648477659,0.95,7.84,1,2,0.53,0.47
INS01,15_1035_GREY_42,0.08928571428571429,22.4,5.931840648477659,0.95,8.2,1,2,0.53,0.47
BHS01,10_1000_BROWN_37,0.14285714285714285,35.0,5.931840648477659,0.95,6.28,1,3,0.85,0.15
INS01,11_1007_BLACK_37,0.125,32.0,5.931840648477659,0.95,6.09,1,3,0.74,0.26
INS01,13_1021_BROWN_37,0.125,40.0,5.931840648477659,0.95,5.38,1,3,0.74,0.26
INS01,10_1000_BROWN_44,0.08928571428571429,44.8,5.931840648477659,0.95,5.81,1,2,0.53,0.47
INS01,10_1000_BROWN_37,0.16071428571428573,37.33333333333333,5.931840648477659,0.95,4.96,1,3,0.95,0.05
INS01,11_1007_TAN_37,0.16071428571428573,24.888888888888886,5.931840648477659,0.95,5.92,1,3,0.95,0.05
MUS01,17_1049_BLACK_44,0.14285714285714285,28.0,5.931840648477659,0.95,6.38,1,3,0.85,0.15
HYS01,22_1084_NAVY_44,0.125,40.0,5.931840648477659,0.95,5.66,1,3,0.74,0.26
HYS01,24_1098_MAROON_43,0.17857142857142858,39.199999999999996,5.931840648477659,0.95,5.43,1,3,1.06,-0.06
INS01,16_1042_ANTIC-GOLD_44,0.10714285714285714,37.333333333333336,5.931840648477659,0.95,9.21,1,2,0.64,0.36
MAS01,33_1161_BLUE-NAVY_44,0.03571428571428571,112.0,5.931840648477659,0.95,5.65,1,1,0.21,0.79
MAS01,33_1161_BLUE-NAVY_37,0.10714285714285714,28.0,5.931840648477659,0.95,6.91,1,2,0.64,0.36
MAS01,32_1154_MAROON_44,0.05357142857142857,37.333333333333336,5.931840648477659,0.95,7.76,1,2,0.32,0.68
MAS01,32_1154_MAROON_43,0.10714285714285714,28.0,5.931840648477659,0.95,6.9,1,2,0.64,0.36
SUS01,14_1028_WHITE_37,0.125,24.0,5.931840648477659,0.95,7.36,1,3,0.74,0.26
SUS01,13_1021_BROWN_44,0.05357142857142857,37.333333333333336,5.931840648477659,0.95,7.81,1,2,0.32,0.68
BES01,28_1126_TAN_44,0.08928571428571429,56.0,5.931840648477659,0.95,9.61,1,2,0.53,0.47
BES01,31_1147_MAROON_44,0.17857142857142858,33.6,5.931840648477659,0.95,5.3,1,3,1.06,-0.06
BES01,31_1147_ANTIC-GOLD_44,0.16071428571428573,37.33333333333333,5.931840648477659,0.95,5.66,1,3,0.95,0.05
BES01,33_1161_ROSE-GOLD_37,0.08928571428571429,56.0,5.931840648477659,0.95,6.14,1,2,0.53,0.47
INS01,15_1035_GREY_41,0.08928571428571429,22.4,5.931840648477659,0.95,8.3,1,2,0.53,0.47
INS01,15_1035_GREY_39,0.17857142857142858,28.0,5.931840648477659,0.95,5.4,1,3,1.06,-0.06
INS01,15_1035_GREY_38,0.05357142857142857,37.333333333333336,5.931840648477659,0.95,7.91,1,2,0.32,0.68
INS01,15_1035_GREY_37,0.08928571428571429,22.4,5.931840648477659,0.95,7.6,1,2,0.53,0.47
INS01,14_1028_WHITE_44,0.14285714285714285,35.0,5.931840648477659,0.95,5.46,1,3,0.85,0.15
MAS01,32_1154_MAROON_38,0.03571428571428571,84.0,5.931840648477659,0.95,13.88,1,1,0.21,0.79
MAS01,32_1154_MAROON_37,0.07142857142857142,28.0,5.931840648477659,0.95,7.88,1,2,0.42,0.58
MAS01,31_1147_WHITE_44,0.10714285714285714,28.0,5.931840648477659,0.95,6.44,1,2,0.64,0.36
MAS01,31_1147_ANTIC-GOLD_44,0.08928571428571429,33.6,5.931840648477659,0.95,6.78,1,2,0.53,0.47
INS01,17_1049_MAROON_44,0.07142857142857142,28.0,5.931840648477659,0.95,7.82,1,2,0.42,0.58
SUS01,15_1035_GREY_44,0.03571428571428571,56.0,5.931840648477659,0.95,7.3,1,1,0.21,0.79
SUS01,15_1035_GREY_43,0.10714285714285714,18.666666666666668,5.931840648477659,0.95,7.92,1,2,0.64,0.36
SUS01,15_1035_GREY_42,0.07142857142857142,28.0,5.931840648477659,0.95,8.11,1,2,0.42,0.58
SUS01,15_1035_GREY_41,0.16071428571428573,37.33333333333333,5.931840648477659,0.95,4.72,1,3,0.95,0.05
SUS01,15_1035_GREY_40,0.125,32.0,5.931840648477659,0.95,6.24,1,3,0.74,0.26
SUS01,15_1035_GREY_39,0.125,32.0,5.931840648477659,0.95,6.97,1,3,0.74,0.26
SUS01,15_1035_GREY_38,0.08928571428571429,22.4,5.931840648477659,0.95,8.04,1,2,0.53,0.47
SUS01,15_1035_GREY_37,0.08928571428571429,22.4,5.931840648477659,0.95,7.6,1,2,0.53,0.47
BES01,23_1091_BROWN_44,0.10714285714285714,28.0,5.931840648477659,0.95,8.06,1,2,0.64,0.36
INS01,17_1049_BLACK_37,0.125,32.0,5.931840648477659,0.95,5.88,1,3,0.74,0.26
INS01,16_1042_BLUE-NAVY_37,0.10714285714285714,28.0,5.931840648477659,0.95,6.67,1,2,0.64,0.36
MAS01,28_1126_BLUE-NAVY_43,0.05357142857142857,56.0,5.931840648477659,0.95,7.14,1,2,0.32,0.68
INS01,18_1056_GREY_37,0.19642857142857142,40.72727272727273,5.931840648477659,0.95,4.72,1,3,1.17,-0.17
INS01,18_1056_ANTIC-GOLD_44,0.10714285714285714,37.333333333333336,5.931840648477659,0.95,7.12,1,2,0.64,0.36
INS01,21_1077_BLUE-NAVY_37,0.10714285714285714,28.0,5.931840648477659,0.95,7.38,1,2,0.64,0.36
INS01,20_1070_ANTIC-GOLD_41,0.19642857142857142,40.72727272727273,5.931840648477659,0.95,5.02,1,3,1.17,-0.17
SUS01,16_1042_TAN_37,0.125,24.0,5.931840648477659,0.95,7.43,1,3,0.74,0.26
SUS01,16_1042_BLUE-NAVY_43,0.19642857142857142,35.63636363636364,5.931840648477659,0.95,4.41,1,3,1.17,-0.17
SUS01,16_1042_BLUE-NAVY_37,0.125,32.0,5.931840648477659,0.95,5.78,1,3,0.74,0.26
BES01,22_1084_NAVY_37,0.10714285714285714,46.66666666666667,5.931840648477659,0.95,6.79,1,2,0.64,0.36
BES01,19_1063_MAROON_44,0.10714285714285714,37.333333333333336,5.931840648477659,0.95,6.93,1,2,0.64,0.36
MAS01,31_1147_ANTIC-GOLD_38,0.10714285714285714,28.0,5.931840648477659,0.95,7.5,1,2,0.64,0.36
MAS01,31_1147_ANTIC-GOLD_37,0.08928571428571429,33.6,5.931840648477659,0.95,6.61,1,2,0.53,0.47
MAS01,30_1140_WHITE_44,0.05357142857142857,37.333333333333336,5.931840648477659,0.95,7.88,1,2,0.32,0.68
MAS01,30_1140_WHITE_43,0.10714285714285714,18.666666666666668,5.931840648477659,0.95,8.78,1,2,0.64,0.36
MAS01,30_1140_WHITE_38,0.07142857142857142,42.0,5.931840648477659,0.95,6.83,1,2,0.42,0.58
MAS01,30_1140_WHITE_37,0.08928571428571429,22.4,5.931840648477659,0.95,8.11,1,2,0.53,0.47
MAS01,25_1105_BROWN_37,0.07142857142857142,42.0,5.931840648477659,0.95,6.17,1,2,0.42,0.58
MAS01,24_1098_WHITE_44,0.08928571428571429,22.4,5.931840648477659,0.95,9.34,1,2,0.53,0.47
MAS01,24_1098_WHITE_42,0.10714285714285714,28.0,5.931840648477659,0.95,7.36,1,2,0.64,0.36
INS01,20_1070_ANTIC-GOLD_37,0.125,32.0,5.931840648477659,0.95,6.14,1,3,0.74,0.26
MAS01,27_1119_WHITE_38,0.17857142857142858,50.4,5.931840648477659,0.95,4.7,1,3,1.06,-0.06
MAS01,25_1105_BROWN_44,0.08928571428571429,22.4,5.931840648477659,0.95,8.0,1,2,0.53,0.47
MAS01,25_1105_BROWN_43,0.10714285714285714,46.66666666666667,5.931840648477659,0.95,5.56,1,2,0.64,0.36
INS01,23_1091_BLUE-NAVY_38,0.08928571428571429,44.8,5.931840648477659,0.95,6.56,1,2,0.53,0.47
INS01,22_1084_NAVY_44,0.16071428571428573,24.888888888888886,5.931840648477659,0.95,5.76,1,3,0.95,0.05
BES01,15_1035_GREY_40,0.08928571428571429,44.8,5.931840648477659,0.95,8.3,1,2,0.53,0.47
SUS01,17_1049_BROWN_37,0.14285714285714285,35.0,5.931840648477659,0.95,4.94,1,3,0.85,0.15
SUS01,17_1049_BLACK_44,0.14285714285714285,35.0,5.931840648477659,0.95,5.16,1,3,0.85,0.15
SUS01,17_1049_BLACK_37,0.07142857142857142,42.0,5.931840648477659,0.95,6.63,1,2,0.42,0.58
SUS01,16_1042_TAN_44,0.10714285714285714,18.666666666666668,5.931840648477659,0.95,8.32,1,2,0.64,0.36
SUS01,16_1042_TAN_43,0.125,40.0,5.931840648477659,0.95,5.56,1,3,0.74,0.26
MAS01,28_1126_BLUE-NAVY_44,0.07142857142857142,42.0,5.931840648477659,0.95,6.78,1,2,0.42,0.58
MAS01,24_1098_MAROON_41,0.08928571428571429,22.4,5.931840648477659,0.95,9.72,1,2,0.53,0.47
MAS01,24_1098_MAROON_38,0.03571428571428571,84.0,5.931840648477659,0.95,7.0,1,1,0.21,0.79
MAS01,24_1098_MAROON_37,0.07142857142857142,28.0,5.931840648477659,0.95,8.05,1,2,0.42,0.58
MAS01,21_1077_MAROON_44,0.08928571428571429,33.6,5.931840648477659,0.95,6.8,1,2,0.53,0.47
MAS01,21_1077_MAROON_43,0.08928571428571429,33.6,5.931840648477659,0.95,7.0,1,2,0.53,0.47
MAS01,21_1077_MAROON_37,0.07142857142857142,42.0,5.931840648477659,0.95,6.77,1,2,0.42,0.58
MAS01,21_1077_BLUE-NAVY_43,0.10714285714285714,28.0,5.931840648477659,0.95,7.57,1,2,0.64,0.36
BES01,11_1007_TAN_44,0.21428571428571427,42.0,5.931840648477659,0.95,4.27,1,4,1.27,-0.27
SUS01,17_1049_MAROON_43,0.21428571428571427,42.0,5.931840648477659,0.95,4.16,1,4,1.27,-0.27
SUS01,17_1049_BROWN_44,0.125,24.0,5.931840648477659,0.95,6.57,1,3,0.74,0.26
BES01,13_1021_BROWN_37,0.10714285714285714,46.66666666666667,5.931840648477659,0.95,6.95,1,2,0.64,0.36
BES01,15_1035_GREY_44,0.03571428571428571,56.0,5.931840648477659,0.95,8.37,1,1,0.21,0.79
BES01,15_1035_GREY_43,0.07142857142857142,42.0,5.931840648477659,0.95,7.43,1,2,0.42,0.58
INS01,22_1084_NAVY_37,0.08928571428571429,44.8,5.931840648477659,0.95,5.75,1,2,0.53,0.47
INS01,21_1077_BLUE-NAVY_43,0.16071428571428573,37.33333333333333,5.931840648477659,0.95,5.49,1,3,0.95,0.05
MAS01,25_1105_BROWN_38,0.14285714285714285,35.0,5.931840648477659,0.95,5.48,1,3,0.85,0.15
MAS01,18_1056_ANTIC-GOLD_37,0.08928571428571429,33.6,5.931840648477659,0.95,8.42,1,2,0.53,0.47
MAS01,17_1049_MAROON_44,0.08928571428571429,33.6,5.931840648477659,0.95,6.29,1,2,0.53,0.47
MAS01,17_1049_BLACK_44,0.10714285714285714,28.0,5.931840648477659,0.95,6.49,1,2,0.64,0.36
MAS01,21_1077_BLUE-NAVY_39,0.125,32.0,5.931840648477659,0.95,7.53,1,3,0.74,0.26
MAS01,21_1077_BLUE-NAVY_37,0.07142857142857142,28.0,5.931840648477659,0.95,8.48,1,2,0.42,0.58
MAS01,18_1056_ANTIC-GOLD_44,0.125,32.0,5.931840648477659,0.95,6.96,1,3,0.74,0.26
INS01,24_1098_WHITE_37,0.17857142857142858,28.0,5.931840648477659,0.95,5.53,1,3,1.06,-0.06
INS01,24_1098_MAROON_44,0.05357142857142857,37.333333333333336,5.931840648477659,0.95,8.26,1,2,0.32,0.68
AHS01,32_1154_MAROON_38,0.08928571428571429,56.0,5.931840648477659,0.95,10.32,1,2,0.53,0.47
SUS01,23_1091_BLUE-NAVY_39,0.24528301886792453,57.07692307692308,5.931840648477659,0.95,4.0,1,4,1.45,-0.45
SUS01,20_1070_ANTIC-GOLD_44,0.08928571428571429,33.6,5.931840648477659,0.95,7.11,1,2,0.53,0.47
SUS01,18_1056_ANTIC-GOLD_44,0.08928571428571429,33.6,5.931840648477659,0.95,9.48,1,2,0.53,0.47
MAS01,24_1098_WHITE_37,0.08928571428571429,22.4,5.931840648477659,0.95,8.16,1,2,0.53,0.47
MAS01,24_1098_MAROON_44,0.08928571428571429,22.4,5.931840648477659,0.95,8.12,1,2,0.53,0.47
MAS01,24_1098_MAROON_43,0.08928571428571429,22.4,5.931840648477659,0.95,8.58,1,2,0.53,0.47
MAS01,24_1098_MAROON_42,0.08928571428571429,33.6,5.931840648477659,0.95,7.37,1,2,0.53,0.47
MAS01,15_1035_GREY_38,0.03571428571428571,56.0,5.931840648477659,0.95,15.4,1,1,0.21,0.79
MAS01,15_1035_GREY_37,0.017857142857142856,112.0,5.931840648477659,0.95,7.03,1,1,0.11,0.89
MAS01,14_1028_WHITE_44,0.125,24.0,5.931840648477659,0.95,6.92,1,3,0.74,0.26
INS01,24_1098_WHITE_43,0.16071428571428573,31.111111111111107,5.931840648477659,0.95,5.61,1,3,0.95,0.05
MAS01,16_1042_TAN_43,0.07142857142857142,70.0,5.931840648477659,0.95,10.75,1,2,0.42,0.58
MAS01,16_1042_TAN_37,0.14285714285714285,28.0,5.931840648477659,0.95,6.24,1,3,0.85,0.15
MAS01,16_1042_ANTIC-GOLD_44,0.08928571428571429,22.4,5.931840648477659,0.95,8.03,1,2,0.53,0.47
INS01,25_1105_MAROON_44,0.16071428571428573,24.888888888888886,5.931840648477659,0.95,6.03,1,3,0.95,0.05
SUS01,24_1098_MAROON_38,0.16071428571428573,31.111111111111107,5.931840648477659,0.95,5.69,1,3,0.95,0.05
SUS01,24_1098_MAROON_37,0.07142857142857142,28.0,5.931840648477659,0.95,8.31,1,2,0.42,0.58
SUS01,23_1091_BROWN_44,0.10714285714285714,28.0,5.931840648477659,0.95,7.1,1,2,0.64,0.36
SUS01,23_1091_BROWN_43,0.14285714285714285,42.0,5.931840648477659,0.95,5.28,1,3,0.85,0.15
SUS01,23_1091_BROWN_37,0.14285714285714285,28.0,5.931840648477659,0.95,6.18,1,3,0.85,0.15
AHS01,32_1154_MAROON_44,0.10714285714285714,37.333333333333336,5.931840648477659,0.95,6.43,1,2,0.64,0.36
INS01,24_1098_MAROON_37,0.125,32.0,5.931840648477659,0.95,6.06,1,3,0.74,0.26
INS01,23_1091_BLUE-NAVY_44,0.03571428571428571,84.0,5.931840648477659,0.95,6.73,1,1,0.21,0.79
MAS01,13_1021_BROWN_44,0.07142857142857142,28.0,5.931840648477659,0.95,7.77,1,2,0.42,0.58
MAS01,14_1028_NAVY_44,0.07142857142857142,42.0,5.931840648477659,0.95,6.62,1,2,0.42,0.58
INS01,29_1133_BROWN_37,0.21428571428571427,37.333333333333336,5.931840648477659,0.95,4.67,1,4,1.27,-0.27
INS01,28_1126_BLUE-NAVY_37,0.125,40.0,5.931840648477659,0.95,5.47,1,3,0.74,0.26
AHS01,31_1147_ANTIC-GOLD_37,0.16071428571428573,49.77777777777777,5.931840648477659,0.95,4.44,1,3,0.95,0.05
SUS01,24_1098_WHITE_44,0.10714285714285714,28.0,5.931840648477659,0.95,7.0,1,2,0.64,0.36
SUS01,24_1098_WHITE_37,0.10714285714285714,37.333333333333336,5.931840648477659,0.95,6.01,1,2,0.64,0.36
SUS01,24_1098_MAROON_44,0.10714285714285714,28.0,5.931840648477659,0.95,6.98,1,2,0.64,0.36
INS01,25_1105_MAROON_37,0.17857142857142858,28.0,5.931840648477659,0.95,5.37,1,3,1.06,-0.06
INS01,25_1105_BROWN_44,0.14285714285714285,28.0,5.931840648477659,0.95,5.81,1,3,0.85,0.15
MAS01,16_1042_ANTIC-GOLD_38,0.14285714285714285,28.0,5.931840648477659,0.95,6.54,1,3,0.85,0.15
MAS01,16_1042_ANTIC-GOLD_37,0.125,16.0,5.931840648477659,0.95,7.96,1,3,0.74,0.26
MAS01,15_1035_GREY_43,0.07142857142857142,28.0,5.931840648477659,0.95,7.5,1,2,0.42,0.58
MAS01,15_1035_GREY_42,0.017857142857142856,112.0,5.931840648477659,0.95,7.59,1,1,0.11,0.89
MAS01,15_1035_GREY_41,0.03571428571428571,84.0,5.931840648477659,0.95,6.49,1,1,0.21,0.79
MAS01,15_1035_GREY_39,0.07142857142857142,42.0,5.931840648477659,0.95,6.49,1,2,0.42,0.58
MAS01,11_1007_BLACK_42,0.125,24.0,5.931840648477659,0.95,7.49,1,3,0.74,0.26
KOS01,15_1035_GREY_37,0.07142857142857142,28.0,5.931840648477659,0.95,12.11,1,2,0.42,0.58
MAS01,13_1021_BROWN_37,0.05357142857142857,37.333333333333336,5.931840648477659,0.95,8.03,1,2,0.32,0.68
KOS01,10_1000_BROWN_44,0.03571428571428571,56.0,5.931840648477659,0.95,12.81,1,1,0.21,0.79
KOS01,10_1000_BROWN_43,0.10714285714285714,46.66666666666667,5.931840648477659,0.95,6.57,1,2,0.64,0.36
KOS01,14_1028_ROSE-GOLD_37,0.10714285714285714,37.333333333333336,5.931840648477659,0.95,7.77,1,2,0.64,0.36
AHS01,20_1070_ANTIC-GOLD_44,0.10714285714285714,28.0,5.931840648477659,0.95,7.65,1,2,0.64,0.36
SUS01,25_1105_MAROON_37,0.08928571428571429,33.6,5.931840648477659,0.95,6.74,1,2,0.53,0.47
SUS01,25_1105_BROWN_37,0.16071428571428573,24.888888888888886,5.931840648477659,0.95,5.77,1,3,0.95,0.05
AHS01,25_1105_MAROON_44,0.17857142857142858,33.6,5.931840648477659,0.95,5.16,1,3,1.06,-0.06
INS01,31_1147_ANTIC-GOLD_43,0.125,32.0,5.931840648477659,0.95,6.32,1,3,0.74,0.26
INS01,29_1133_BROWN_44,0.14285714285714285,35.0,5.931840648477659,0.95,5.93,1,3,0.85,0.15
MAS01,14_1028_NAVY_37,0.14285714285714285,28.0,5.931840648477659,0.95,5.97,1,3,0.85,0.15
MAS01,13_1021_WHITE_44,0.08928571428571429,44.8,5.931840648477659,0.95,5.43,1,2,0.53,0.47
MAS01,13_1021_WHITE_42,0.16071428571428573,31.111111111111107,5.931840648477659,0.95,5.66,1,3,0.95,0.05
MAS01,13_1021_WHITE_37,0.05357142857142857,37.333333333333336,5.931840648477659,0.95,7.71,1,2,0.32,0.68
SUS01,31_1147_WHITE_44,0.08928571428571429,44.8,5.931840648477659,0.95,5.64,1,2,0.53,0.47
SUS01,32_1154_MAROON_41,0.10714285714285714,46.66666666666667,5.931840648477659,0.95,6.28,1,2,0.64,0.36
SUS01,32_1154_MAROON_43,0.05357142857142857,37.333333333333336,5.931840648477659,0.95,8.38,1,2,0.32,0.68
SUS01,32_1154_MAROON_44,0.07142857142857142,28.0,5.931840648477659,0.95,8.1,1,2,0.42,0.58
SUS01,28_1126_ROSE-GOLD_44,0.14285714285714285,35.0,5.931840648477659,0.95,5.61,1,3,0.85,0.15
SUS01,28_1126_ROSE-GOLD_43,0.10714285714285714,46.66666666666667,5.931840648477659,0.95,5.77,1,2,0.64,0.36
AHS01,16_1042_ANTIC-GOLD_38,0.25,48.0,5.931840648477659,0.95,4.0,1,4,1.48,-0.48
AHS01,15_1035_GREY_39,0.125,32.0,5.931840648477659,0.95,6.51,1,3,0.74,0.26
KOS01,21_1077_BLUE-NAVY_44,0.08928571428571429,22.4,5.931840648477659,0.95,10.74,1,2,0.53,0.47
KOS01,25_1105_BROWN_37,0.14285714285714285,56.0,5.931840648477659,0.95,4.61,1,3,0.85,0.15
KOS01,24_1098_MAROON_44,0.017857142857142856,112.0,5.931840648477659,0.95,9.71,1,1,0.11,0.89
KOS01,24_1098_MAROON_43,0.10714285714285714,37.333333333333336,5.931840648477659,0.95,7.71,1,2,0.64,0.36
KOS01,30_1140_WHITE_37,0.125,40.0,5.931840648477659,0.95,6.5,1,3,0.74,0.26
KOS01,17_1049_BROWN_37,0.125,32.0,5.931840648477659,0.95,6.79,1,3,0.74,0.26
KOS01,20_1070_ANTIC-GOLD_44,0.07142857142857142,28.0,5.931840648477659,0.95,8.95,1,2,0.42,0.58
KOS01,16_1042_ANTIC-GOLD_44,0.14285714285714285,35.0,5.931840648477659,0.95,6.51,1,3,0.85,0.15
CHS01,16_1042_ANTIC-GOLD_44,0.17857142857142858,33.6,5.931840648477659,0.95,5.57,1,3,1.06,-0.06
CHS01,17_1049_MAROON_44,0.14285714285714285,35.0,5.931840648477659,0.95,5.78,1,3,0.85,0.15
CHS01,19_1063_MAROON_38,0.14285714285714285,49.0,5.931840648477659,0.95,6.5,1,3,0.85,0.15
PUS01,20_1070_ANTIC-GOLD_44,0.07142857142857142,56.0,5.931840648477659,0.95,7.45,1,2,0.42,0.58
CHS01,13_1021_WHITE_44,0.17857142857142858,33.6,5.931840648477659,0.95,5.34,1,3,1.06,-0.06
PUS01,25_1105_MAROON_37,0.10714285714285714,46.66666666666667,5.931840648477659,0.95,5.58,1,2,0.64,0.36
BHS01,27_1119_WHITE_44,0.08928571428571429,56.0,5.931840648477659,0.95,7.08,1,2,0.53,0.47
BHS01,31_1147_WHITE_37,0.08928571428571429,22.4,5.931840648477659,0.95,10.79,1,2,0.53,0.47
BHS01,32_1154_MAROON_37,0.017857142857142856,112.0,5.931840648477659,0.95,10.49,1,1,0.11,0.89
PUS01,24_1098_WHITE_44,0.10714285714285714,46.66666666666667,5.931840648477659,0.95,5.74,1,2,0.64,0.36
BHS01,32_1154_MAROON_44,0.07142857142857142,28.0,5.931840648477659,0.95,10.8,1,2,0.42,0.58
BHS01,32_1154_MAROON_43,0.05357142857142857,56.0,5.931840648477659,0.95,9.24,1,2,0.32,0.68
BHS01,32_1154_MAROON_38,0.125,40.0,5.931840648477659,0.95,7.3,1,3,0.74,0.26
SUS01,32_1154_MAROON_39,0.14285714285714285,35.0,5.931840648477659,0.95,6.97,1,3,0.85,0.15
SUS01,32_1154_MAROON_38,0.16071428571428573,37.33333333333333,5.931840648477659,0.95,4.94,1,3,0.95,0.05
SUS01,32_1154_MAROON_37,0.03571428571428571,84.0,5.931840648477659,0.95,6.54,1,1,0.21,0.79
